[2026-09-02T03:57:46.638Z] [error] Error: useAuthenticatedApi must be used within an AuthProvider
    at Mi (https://legal-os-router.vamshisaimugala.workers.dev/assets/index-CXIJi2Nu.js:29:180993)
    at he (https://legal-os-router.vamshisaimugala.workers.dev/assets/index-bgjYfaFc.js:1:6885)
    at k2 (https://legal-os-router.vamshisaimugala.workers.dev/assets/index-CXIJi2Nu.js:9:48765)
    at z2 (https://legal-os-router.vamshisaimugala.workers.dev/assets/index-CXIJi2Nu.js:9:71646)
    at uv (https://legal-os-router.vamshisaimugala.workers.dev/assets/index-CXIJi2Nu.js:9:82064)
    at Fv (https://legal-os-router.vamshisaimugala.workers.dev/assets/index-CXIJi2Nu.js:9:117950)
    at lH (https://legal-os-router.vamshisaimugala.workers.dev/assets/index-CXIJi2Nu.js:9:116987)
    at ug (https://legal-os-router.vamshisaimugala.workers.dev/assets/index-CXIJi2Nu.js:9:116817)
    at Iv (https://legal-os-router.vamshisaimugala.workers.dev/assets/index-CXIJi2Nu.js:9:113583)
    at e5 (https://legal-os-router.vamshisaimugala.workers.dev/assets/index-CXIJi2Nu.js:9:125614)
[2026-09-02T03:58:37.359Z] [error] Failed to start connection: Error: Matters are auto-provisioned; there is no connect flow.
    at nE.evaluateImpl (https://legal-os-router.vamshisaimugala.workers.dev/assets/index-CXIJi2Nu.js:10:143136)
    at nE.evaluateWithDepth (https://legal-os-router.vamshisaimugala.workers.dev/assets/index-CXIJi2Nu.js:10:140846)
    at nE.evaluate (https://legal-os-router.vamshisaimugala.workers.dev/assets/index-CXIJi2Nu.js:10:140729)
    at kP.readLoop (https://legal-os-router.vamshisaimugala.workers.dev/assets/index-CXIJi2Nu.js:10:158799)
[2026-09-02T04:19:48.262Z] [error] WebSocket is already in CLOSING or CLOSED state.
[2026-09-02T04:19:48.266Z] [warning] RPC connection lost: Error: Peer closed WebSocket: 1006 
    at WebSocket.<anonymous> (https://legal-os-router.vamshisaimugala.workers.dev/assets/index-CXIJi2Nu.js:10:160448)
[2026-09-02T04:19:48.791Z] [warning] RPC connection restored.
[2026-09-02T04:59:06.137Z] [error] Unrecognized Content-Security-Policy directive 'navigate-to'.
[2026-09-02T05:27:49.728Z] [warning] [Kumo Input]: Input must have an accessible name. Provide either:
  - label prop: <Input label='Email' />
  - aria-label: <Input aria-label='Email address' />
  - aria-labelledby for custom label association
[2026-09-02T05:28:27.731Z] [warning] [Kumo Input]: Input must have an accessible name. Provide either:
  - label prop: <Input label='Email' />
  - aria-label: <Input aria-label='Email address' />
  - aria-labelledby for custom label association
[2026-09-02T05:28:40.137Z] [warning] [Kumo Input]: Input must have an accessible name. Provide either:
  - label prop: <Input label='Email' />
  - aria-label: <Input aria-label='Email address' />
  - aria-labelledby for custom label association
[2026-09-02T05:28:41.232Z] [warning] [Kumo Input]: Input must have an accessible name. Provide either:
  - label prop: <Input label='Email' />
  - aria-label: <Input aria-label='Email address' />
  - aria-labelledby for custom label association
[2026-09-02T05:28:41.416Z] [warning] [Kumo Input]: Input must have an accessible name. Provide either:
  - label prop: <Input label='Email' />
  - aria-label: <Input aria-label='Email address' />
  - aria-labelledby for custom label association
[2026-09-02T05:28:41.421Z] [warning] [Kumo Input]: Input must have an accessible name. Provide either:
  - label prop: <Input label='Email' />
  - aria-label: <Input aria-label='Email address' />
  - aria-labelledby for custom label association
[2026-09-02T05:28:41.425Z] [warning] [Kumo Input]: Input must have an accessible name. Provide either:
  - label prop: <Input label='Email' />
  - aria-label: <Input aria-label='Email address' />
  - aria-labelledby for custom label association
[2026-09-02T05:28:43.335Z] [warning] [Kumo Input]: Input must have an accessible name. Provide either:
  - label prop: <Input label='Email' />
  - aria-label: <Input aria-label='Email address' />
  - aria-labelledby for custom label association
[2026-09-02T05:28:44.527Z] [warning] [Kumo Input]: Input must have an accessible name. Provide either:
  - label prop: <Input label='Email' />
  - aria-label: <Input aria-label='Email address' />
  - aria-labelledby for custom label association
[2026-09-02T05:28:44.738Z] [warning] [Kumo Input]: Input must have an accessible name. Provide either:
  - label prop: <Input label='Email' />
  - aria-label: <Input aria-label='Email address' />
  - aria-labelledby for custom label association
[2026-09-02T05:28:44.741Z] [warning] [Kumo Input]: Input must have an accessible name. Provide either:
  - label prop: <Input label='Email' />
  - aria-label: <Input aria-label='Email address' />
  - aria-labelledby for custom label association
[2026-09-02T05:28:44.743Z] [warning] [Kumo Input]: Input must have an accessible name. Provide either:
  - label prop: <Input label='Email' />
  - aria-label: <Input aria-label='Email address' />
  - aria-labelledby for custom label association
[2026-09-02T05:29:01.560Z] [warning] [Kumo Input]: Input must have an accessible name. Provide either:
  - label prop: <Input label='Email' />
  - aria-label: <Input aria-label='Email address' />
  - aria-labelledby for custom label association
[2026-09-02T05:32:15.330Z] [warning] [Kumo Input]: Input must have an accessible name. Provide either:
  - label prop: <Input label='Email' />
  - aria-label: <Input aria-label='Email address' />
  - aria-labelledby for custom label association
[2026-09-02T05:45:51.598Z] [warning] [Kumo Input]: Input must have an accessible name. Provide either:
  - label prop: <Input label='Email' />
  - aria-label: <Input aria-label='Email address' />
  - aria-labelledby for custom label association
[2026-09-02T05:45:57.940Z] [warning] [Kumo Input]: Input must have an accessible name. Provide either:
  - label prop: <Input label='Email' />
  - aria-label: <Input aria-label='Email address' />
  - aria-labelledby for custom label association
[2026-09-02T05:46:00.094Z] [warning] [Kumo Input]: Input must have an accessible name. Provide either:
  - label prop: <Input label='Email' />
  - aria-label: <Input aria-label='Email address' />
  - aria-labelledby for custom label association
[2026-09-02T05:46:01.238Z] [warning] [Kumo Input]: Input must have an accessible name. Provide either:
  - label prop: <Input label='Email' />
  - aria-label: <Input aria-label='Email address' />
  - aria-labelledby for custom label association
[2026-09-02T05:46:01.444Z] [warning] [Kumo Input]: Input must have an accessible name. Provide either:
  - label prop: <Input label='Email' />
  - aria-label: <Input aria-label='Email address' />
  - aria-labelledby for custom label association
[2026-09-02T05:46:01.452Z] [warning] [Kumo Input]: Input must have an accessible name. Provide either:
  - label prop: <Input label='Email' />
  - aria-label: <Input aria-label='Email address' />
  - aria-labelledby for custom label association
[2026-09-02T05:46:01.456Z] [warning] [Kumo Input]: Input must have an accessible name. Provide either:
  - label prop: <Input label='Email' />
  - aria-label: <Input aria-label='Email address' />
  - aria-labelledby for custom label association
[2026-09-02T05:46:06.448Z] [warning] [Kumo Input]: Input must have an accessible name. Provide either:
  - label prop: <Input label='Email' />
  - aria-label: <Input aria-label='Email address' />
  - aria-labelledby for custom label association
[2026-09-02T05:46:06.971Z] [warning] [Kumo Input]: Input must have an accessible name. Provide either:
  - label prop: <Input label='Email' />
  - aria-label: <Input aria-label='Email address' />
  - aria-labelledby for custom label association
[2026-09-02T05:46:20.056Z] [warning] [Kumo Input]: Input must have an accessible name. Provide either:
  - label prop: <Input label='Email' />
  - aria-label: <Input aria-label='Email address' />
  - aria-labelledby for custom label association
[2026-09-02T05:46:20.057Z] [warning] [Kumo Input]: Input must have an accessible name. Provide either:
  - label prop: <Input label='Email' />
  - aria-label: <Input aria-label='Email address' />
  - aria-labelledby for custom label association
[2026-09-02T05:46:28.309Z] [warning] [Kumo Input]: Input must have an accessible name. Provide either:
  - label prop: <Input label='Email' />
  - aria-label: <Input aria-label='Email address' />
  - aria-labelledby for custom label association
[2026-09-02T05:46:28.309Z] [warning] [Kumo Input]: Input must have an accessible name. Provide either:
  - label prop: <Input label='Email' />
  - aria-label: <Input aria-label='Email address' />
  - aria-labelledby for custom label association
[2026-09-02T05:46:31.321Z] [warning] [Kumo Input]: Input must have an accessible name. Provide either:
  - label prop: <Input label='Email' />
  - aria-label: <Input aria-label='Email address' />
  - aria-labelledby for custom label association
[2026-09-02T05:46:31.321Z] [warning] [Kumo Input]: Input must have an accessible name. Provide either:
  - label prop: <Input label='Email' />
  - aria-label: <Input aria-label='Email address' />
  - aria-labelledby for custom label association
[2026-09-02T05:46:31.381Z] [warning] [Kumo Input]: Input must have an accessible name. Provide either:
  - label prop: <Input label='Email' />
  - aria-label: <Input aria-label='Email address' />
  - aria-labelledby for custom label association
[2026-09-02T05:46:31.381Z] [warning] [Kumo Input]: Input must have an accessible name. Provide either:
  - label prop: <Input label='Email' />
  - aria-label: <Input aria-label='Email address' />
  - aria-labelledby for custom label association
[2026-09-02T05:46:31.473Z] [warning] [Kumo Input]: Input must have an accessible name. Provide either:
  - label prop: <Input label='Email' />
  - aria-label: <Input aria-label='Email address' />
  - aria-labelledby for custom label association
[2026-09-02T05:46:31.473Z] [warning] [Kumo Input]: Input must have an accessible name. Provide either:
  - label prop: <Input label='Email' />
  - aria-label: <Input aria-label='Email address' />
  - aria-labelledby for custom label association
[2026-09-02T05:46:32.572Z] [warning] [Kumo Input]: Input must have an accessible name. Provide either:
  - label prop: <Input label='Email' />
  - aria-label: <Input aria-label='Email address' />
  - aria-labelledby for custom label association
[2026-09-02T05:46:32.572Z] [warning] [Kumo Input]: Input must have an accessible name. Provide either:
  - label prop: <Input label='Email' />
  - aria-label: <Input aria-label='Email address' />
  - aria-labelledby for custom label association
[2026-09-02T06:08:32.734Z] [warning] [Kumo Input]: Input must have an accessible name. Provide either:
  - label prop: <Input label='Email' />
  - aria-label: <Input aria-label='Email address' />
  - aria-labelledby for custom label association
[2026-09-02T06:08:32.734Z] [warning] [Kumo Input]: Input must have an accessible name. Provide either:
  - label prop: <Input label='Email' />
  - aria-label: <Input aria-label='Email address' />
  - aria-labelledby for custom label association
[2026-09-02T06:08:35.651Z] [warning] [Kumo Input]: Input must have an accessible name. Provide either:
  - label prop: <Input label='Email' />
  - aria-label: <Input aria-label='Email address' />
  - aria-labelledby for custom label association
[2026-09-02T06:08:35.651Z] [warning] [Kumo Input]: Input must have an accessible name. Provide either:
  - label prop: <Input label='Email' />
  - aria-label: <Input aria-label='Email address' />
  - aria-labelledby for custom label association
[2026-09-02T06:08:45.651Z] [warning] [Kumo Input]: Input must have an accessible name. Provide either:
  - label prop: <Input label='Email' />
  - aria-label: <Input aria-label='Email address' />
  - aria-labelledby for custom label association
[2026-09-02T06:08:45.651Z] [warning] [Kumo Input]: Input must have an accessible name. Provide either:
  - label prop: <Input label='Email' />
  - aria-label: <Input aria-label='Email address' />
  - aria-labelledby for custom label association
[2026-09-02T06:08:46.088Z] [warning] [Kumo Input]: Input must have an accessible name. Provide either:
  - label prop: <Input label='Email' />
  - aria-label: <Input aria-label='Email address' />
  - aria-labelledby for custom label association
[2026-09-02T06:08:46.088Z] [warning] [Kumo Input]: Input must have an accessible name. Provide either:
  - label prop: <Input label='Email' />
  - aria-label: <Input aria-label='Email address' />
  - aria-labelledby for custom label association
[2026-09-02T06:08:46.157Z] [warning] [Kumo Input]: Input must have an accessible name. Provide either:
  - label prop: <Input label='Email' />
  - aria-label: <Input aria-label='Email address' />
  - aria-labelledby for custom label association
[2026-09-02T06:08:46.157Z] [warning] [Kumo Input]: Input must have an accessible name. Provide either:
  - label prop: <Input label='Email' />
  - aria-label: <Input aria-label='Email address' />
  - aria-labelledby for custom label association
[2026-09-02T06:08:47.264Z] [warning] [Kumo Input]: Input must have an accessible name. Provide either:
  - label prop: <Input label='Email' />
  - aria-label: <Input aria-label='Email address' />
  - aria-labelledby for custom label association
[2026-09-02T06:08:47.264Z] [warning] [Kumo Input]: Input must have an accessible name. Provide either:
  - label prop: <Input label='Email' />
  - aria-label: <Input aria-label='Email address' />
  - aria-labelledby for custom label association
[2026-09-02T06:38:02.991Z] [warning] [Kumo Input]: Input must have an accessible name. Provide either:
  - label prop: <Input label='Email' />
  - aria-label: <Input aria-label='Email address' />
  - aria-labelledby for custom label association
[2026-09-02T06:38:20.627Z] [warning] [Kumo Input]: Input must have an accessible name. Provide either:
  - label prop: <Input label='Email' />
  - aria-label: <Input aria-label='Email address' />
  - aria-labelledby for custom label association
[2026-09-02T06:38:21.741Z] [warning] [Kumo Input]: Input must have an accessible name. Provide either:
  - label prop: <Input label='Email' />
  - aria-label: <Input aria-label='Email address' />
  - aria-labelledby for custom label association
[2026-09-02T06:38:21.966Z] [warning] [Kumo Input]: Input must have an accessible name. Provide either:
  - label prop: <Input label='Email' />
  - aria-label: <Input aria-label='Email address' />
  - aria-labelledby for custom label association
[2026-09-02T06:38:21.974Z] [warning] [Kumo Input]: Input must have an accessible name. Provide either:
  - label prop: <Input label='Email' />
  - aria-label: <Input aria-label='Email address' />
  - aria-labelledby for custom label association
[2026-09-02T06:38:21.980Z] [warning] [Kumo Input]: Input must have an accessible name. Provide either:
  - label prop: <Input label='Email' />
  - aria-label: <Input aria-label='Email address' />
  - aria-labelledby for custom label association
[2026-09-02T06:38:26.971Z] [warning] [Kumo Input]: Input must have an accessible name. Provide either:
  - label prop: <Input label='Email' />
  - aria-label: <Input aria-label='Email address' />
  - aria-labelledby for custom label association
[2026-09-02T06:38:27.516Z] [warning] [Kumo Input]: Input must have an accessible name. Provide either:
  - label prop: <Input label='Email' />
  - aria-label: <Input aria-label='Email address' />
  - aria-labelledby for custom label association
[2026-09-02T06:39:02.882Z] [warning] [Kumo Input]: Input must have an accessible name. Provide either:
  - label prop: <Input label='Email' />
  - aria-label: <Input aria-label='Email address' />
  - aria-labelledby for custom label association
[2026-09-02T06:39:02.896Z] [warning] [Kumo Input]: Input must have an accessible name. Provide either:
  - label prop: <Input label='Email' />
  - aria-label: <Input aria-label='Email address' />
  - aria-labelledby for custom label association
[2026-09-02T06:39:02.920Z] [warning] [Kumo Input]: Input must have an accessible name. Provide either:
  - label prop: <Input label='Email' />
  - aria-label: <Input aria-label='Email address' />
  - aria-labelledby for custom label association
[2026-09-02T06:39:02.958Z] [warning] [Kumo Input]: Input must have an accessible name. Provide either:
  - label prop: <Input label='Email' />
  - aria-label: <Input aria-label='Email address' />
  - aria-labelledby for custom label association
[2026-09-02T06:39:02.959Z] [warning] [Kumo Input]: Input must have an accessible name. Provide either:
  - label prop: <Input label='Email' />
  - aria-label: <Input aria-label='Email address' />
  - aria-labelledby for custom label association
[2026-09-02T06:39:02.963Z] [warning] [Kumo Input]: Input must have an accessible name. Provide either:
  - label prop: <Input label='Email' />
  - aria-label: <Input aria-label='Email address' />
  - aria-labelledby for custom label association
[2026-09-02T06:39:02.963Z] [warning] [Kumo Input]: Input must have an accessible name. Provide either:
  - label prop: <Input label='Email' />
  - aria-label: <Input aria-label='Email address' />
  - aria-labelledby for custom label association
[2026-09-02T06:39:02.966Z] [warning] [Kumo Input]: Input must have an accessible name. Provide either:
  - label prop: <Input label='Email' />
  - aria-label: <Input aria-label='Email address' />
  - aria-labelledby for custom label association
[2026-09-02T06:39:02.967Z] [warning] [Kumo Input]: Input must have an accessible name. Provide either:
  - label prop: <Input label='Email' />
  - aria-label: <Input aria-label='Email address' />
  - aria-labelledby for custom label association
[2026-09-02T06:39:28.028Z] [warning] [Kumo Input]: Input must have an accessible name. Provide either:
  - label prop: <Input label='Email' />
  - aria-label: <Input aria-label='Email address' />
  - aria-labelledby for custom label association
[2026-09-02T06:39:28.064Z] [warning] [Kumo Input]: Input must have an accessible name. Provide either:
  - label prop: <Input label='Email' />
  - aria-label: <Input aria-label='Email address' />
  - aria-labelledby for custom label association
[2026-09-02T06:39:28.066Z] [warning] [Kumo Input]: Input must have an accessible name. Provide either:
  - label prop: <Input label='Email' />
  - aria-label: <Input aria-label='Email address' />
  - aria-labelledby for custom label association
[2026-09-02T06:39:28.108Z] [warning] [Kumo Input]: Input must have an accessible name. Provide either:
  - label prop: <Input label='Email' />
  - aria-label: <Input aria-label='Email address' />
  - aria-labelledby for custom label association
[2026-09-02T06:39:33.089Z] [warning] [Kumo Input]: Input must have an accessible name. Provide either:
  - label prop: <Input label='Email' />
  - aria-label: <Input aria-label='Email address' />
  - aria-labelledby for custom label association
[2026-09-02T06:51:50.763Z] [warning] [Kumo Input]: Input must have an accessible name. Provide either:
  - label prop: <Input label='Email' />
  - aria-label: <Input aria-label='Email address' />
  - aria-labelledby for custom label association
[2026-09-02T06:51:50.788Z] [warning] [Kumo Input]: Input must have an accessible name. Provide either:
  - label prop: <Input label='Email' />
  - aria-label: <Input aria-label='Email address' />
  - aria-labelledby for custom label association
[2026-09-02T06:51:50.790Z] [warning] [Kumo Input]: Input must have an accessible name. Provide either:
  - label prop: <Input label='Email' />
  - aria-label: <Input aria-label='Email address' />
  - aria-labelledby for custom label association
[2026-09-02T06:51:55.691Z] [warning] [Kumo Input]: Input must have an accessible name. Provide either:
  - label prop: <Input label='Email' />
  - aria-label: <Input aria-label='Email address' />
  - aria-labelledby for custom label association
[2026-09-02T06:52:00.726Z] [warning] [Kumo Input]: Input must have an accessible name. Provide either:
  - label prop: <Input label='Email' />
  - aria-label: <Input aria-label='Email address' />
  - aria-labelledby for custom label association
[2026-09-02T06:52:05.675Z] [warning] [Kumo Input]: Input must have an accessible name. Provide either:
  - label prop: <Input label='Email' />
  - aria-label: <Input aria-label='Email address' />
  - aria-labelledby for custom label association
[2026-09-02T06:52:05.794Z] [warning] [Kumo Input]: Input must have an accessible name. Provide either:
  - label prop: <Input label='Email' />
  - aria-label: <Input aria-label='Email address' />
  - aria-labelledby for custom label association
[2026-09-02T06:52:10.705Z] [warning] [Kumo Input]: Input must have an accessible name. Provide either:
  - label prop: <Input label='Email' />
  - aria-label: <Input aria-label='Email address' />
  - aria-labelledby for custom label association
[2026-09-02T06:52:15.683Z] [warning] [Kumo Input]: Input must have an accessible name. Provide either:
  - label prop: <Input label='Email' />
  - aria-label: <Input aria-label='Email address' />
  - aria-labelledby for custom label association
[2026-09-02T06:52:20.672Z] [warning] [Kumo Input]: Input must have an accessible name. Provide either:
  - label prop: <Input label='Email' />
  - aria-label: <Input aria-label='Email address' />
  - aria-labelledby for custom label association
[2026-09-02T06:52:20.793Z] [warning] [Kumo Input]: Input must have an accessible name. Provide either:
  - label prop: <Input label='Email' />
  - aria-label: <Input aria-label='Email address' />
  - aria-labelledby for custom label association
[2026-09-02T06:52:20.793Z] [warning] [Kumo Input]: Input must have an accessible name. Provide either:
  - label prop: <Input label='Email' />
  - aria-label: <Input aria-label='Email address' />
  - aria-labelledby for custom label association
[2026-09-02T06:52:25.676Z] [warning] [Kumo Input]: Input must have an accessible name. Provide either:
  - label prop: <Input label='Email' />
  - aria-label: <Input aria-label='Email address' />
  - aria-labelledby for custom label association
[2026-09-02T06:52:30.674Z] [warning] [Kumo Input]: Input must have an accessible name. Provide either:
  - label prop: <Input label='Email' />
  - aria-label: <Input aria-label='Email address' />
  - aria-labelledby for custom label association
[2026-09-02T06:52:35.669Z] [warning] [Kumo Input]: Input must have an accessible name. Provide either:
  - label prop: <Input label='Email' />
  - aria-label: <Input aria-label='Email address' />
  - aria-labelledby for custom label association
[2026-09-02T06:52:35.860Z] [warning] [Kumo Input]: Input must have an accessible name. Provide either:
  - label prop: <Input label='Email' />
  - aria-label: <Input aria-label='Email address' />
  - aria-labelledby for custom label association
[2026-09-02T06:52:40.673Z] [warning] [Kumo Input]: Input must have an accessible name. Provide either:
  - label prop: <Input label='Email' />
  - aria-label: <Input aria-label='Email address' />
  - aria-labelledby for custom label association
[2026-09-02T06:52:45.670Z] [warning] [Kumo Input]: Input must have an accessible name. Provide either:
  - label prop: <Input label='Email' />
  - aria-label: <Input aria-label='Email address' />
  - aria-labelledby for custom label association
[2026-09-02T06:52:50.674Z] [warning] [Kumo Input]: Input must have an accessible name. Provide either:
  - label prop: <Input label='Email' />
  - aria-label: <Input aria-label='Email address' />
  - aria-labelledby for custom label association
[2026-09-02T06:52:50.795Z] [warning] [Kumo Input]: Input must have an accessible name. Provide either:
  - label prop: <Input label='Email' />
  - aria-label: <Input aria-label='Email address' />
  - aria-labelledby for custom label association
[2026-09-02T06:52:50.795Z] [warning] [Kumo Input]: Input must have an accessible name. Provide either:
  - label prop: <Input label='Email' />
  - aria-label: <Input aria-label='Email address' />
  - aria-labelledby for custom label association
[2026-09-02T06:52:55.683Z] [warning] [Kumo Input]: Input must have an accessible name. Provide either:
  - label prop: <Input label='Email' />
  - aria-label: <Input aria-label='Email address' />
  - aria-labelledby for custom label association
[2026-09-02T06:53:00.680Z] [warning] [Kumo Input]: Input must have an accessible name. Provide either:
  - label prop: <Input label='Email' />
  - aria-label: <Input aria-label='Email address' />
  - aria-labelledby for custom label association
[2026-09-02T06:53:05.780Z] [warning] [Kumo Input]: Input must have an accessible name. Provide either:
  - label prop: <Input label='Email' />
  - aria-label: <Input aria-label='Email address' />
  - aria-labelledby for custom label association
[2026-09-02T06:53:05.798Z] [warning] [Kumo Input]: Input must have an accessible name. Provide either:
  - label prop: <Input label='Email' />
  - aria-label: <Input aria-label='Email address' />
  - aria-labelledby for custom label association
[2026-09-02T06:53:10.675Z] [warning] [Kumo Input]: Input must have an accessible name. Provide either:
  - label prop: <Input label='Email' />
  - aria-label: <Input aria-label='Email address' />
  - aria-labelledby for custom label association
[2026-09-02T06:53:15.721Z] [warning] [Kumo Input]: Input must have an accessible name. Provide either:
  - label prop: <Input label='Email' />
  - aria-label: <Input aria-label='Email address' />
  - aria-labelledby for custom label association
[2026-09-02T06:53:20.678Z] [warning] [Kumo Input]: Input must have an accessible name. Provide either:
  - label prop: <Input label='Email' />
  - aria-label: <Input aria-label='Email address' />
  - aria-labelledby for custom label association
[2026-09-02T06:53:20.798Z] [warning] [Kumo Input]: Input must have an accessible name. Provide either:
  - label prop: <Input label='Email' />
  - aria-label: <Input aria-label='Email address' />
  - aria-labelledby for custom label association
[2026-09-02T06:53:20.798Z] [warning] [Kumo Input]: Input must have an accessible name. Provide either:
  - label prop: <Input label='Email' />
  - aria-label: <Input aria-label='Email address' />
  - aria-labelledby for custom label association
[2026-09-02T06:53:25.684Z] [warning] [Kumo Input]: Input must have an accessible name. Provide either:
  - label prop: <Input label='Email' />
  - aria-label: <Input aria-label='Email address' />
  - aria-labelledby for custom label association
[2026-09-02T06:53:30.680Z] [warning] [Kumo Input]: Input must have an accessible name. Provide either:
  - label prop: <Input label='Email' />
  - aria-label: <Input aria-label='Email address' />
  - aria-labelledby for custom label association
[2026-09-02T06:53:35.679Z] [warning] [Kumo Input]: Input must have an accessible name. Provide either:
  - label prop: <Input label='Email' />
  - aria-label: <Input aria-label='Email address' />
  - aria-labelledby for custom label association
[2026-09-02T06:53:35.795Z] [warning] [Kumo Input]: Input must have an accessible name. Provide either:
  - label prop: <Input label='Email' />
  - aria-label: <Input aria-label='Email address' />
  - aria-labelledby for custom label association
[2026-09-02T06:53:40.678Z] [warning] [Kumo Input]: Input must have an accessible name. Provide either:
  - label prop: <Input label='Email' />
  - aria-label: <Input aria-label='Email address' />
  - aria-labelledby for custom label association
[2026-09-02T06:53:45.683Z] [warning] [Kumo Input]: Input must have an accessible name. Provide either:
  - label prop: <Input label='Email' />
  - aria-label: <Input aria-label='Email address' />
  - aria-labelledby for custom label association
[2026-09-02T06:53:50.674Z] [warning] [Kumo Input]: Input must have an accessible name. Provide either:
  - label prop: <Input label='Email' />
  - aria-label: <Input aria-label='Email address' />
  - aria-labelledby for custom label association
[2026-09-02T06:53:50.850Z] [warning] [Kumo Input]: Input must have an accessible name. Provide either:
  - label prop: <Input label='Email' />
  - aria-label: <Input aria-label='Email address' />
  - aria-labelledby for custom label association
[2026-09-02T06:53:50.850Z] [warning] [Kumo Input]: Input must have an accessible name. Provide either:
  - label prop: <Input label='Email' />
  - aria-label: <Input aria-label='Email address' />
  - aria-labelledby for custom label association
[2026-09-02T06:53:55.680Z] [warning] [Kumo Input]: Input must have an accessible name. Provide either:
  - label prop: <Input label='Email' />
  - aria-label: <Input aria-label='Email address' />
  - aria-labelledby for custom label association
[2026-09-02T06:54:00.807Z] [warning] [Kumo Input]: Input must have an accessible name. Provide either:
  - label prop: <Input label='Email' />
  - aria-label: <Input aria-label='Email address' />
  - aria-labelledby for custom label association
[2026-09-02T06:54:05.675Z] [warning] [Kumo Input]: Input must have an accessible name. Provide either:
  - label prop: <Input label='Email' />
  - aria-label: <Input aria-label='Email address' />
  - aria-labelledby for custom label association
[2026-09-02T06:54:05.794Z] [warning] [Kumo Input]: Input must have an accessible name. Provide either:
  - label prop: <Input label='Email' />
  - aria-label: <Input aria-label='Email address' />
  - aria-labelledby for custom label association
[2026-09-02T06:54:10.672Z] [warning] [Kumo Input]: Input must have an accessible name. Provide either:
  - label prop: <Input label='Email' />
  - aria-label: <Input aria-label='Email address' />
  - aria-labelledby for custom label association
[2026-09-02T06:54:15.678Z] [warning] [Kumo Input]: Input must have an accessible name. Provide either:
  - label prop: <Input label='Email' />
  - aria-label: <Input aria-label='Email address' />
  - aria-labelledby for custom label association
[2026-09-02T06:54:20.733Z] [warning] [Kumo Input]: Input must have an accessible name. Provide either:
  - label prop: <Input label='Email' />
  - aria-label: <Input aria-label='Email address' />
  - aria-labelledby for custom label association
[2026-09-02T06:54:20.796Z] [warning] [Kumo Input]: Input must have an accessible name. Provide either:
  - label prop: <Input label='Email' />
  - aria-label: <Input aria-label='Email address' />
  - aria-labelledby for custom label association
[2026-09-02T06:54:20.796Z] [warning] [Kumo Input]: Input must have an accessible name. Provide either:
  - label prop: <Input label='Email' />
  - aria-label: <Input aria-label='Email address' />
  - aria-labelledby for custom label association
[2026-09-02T06:54:25.683Z] [warning] [Kumo Input]: Input must have an accessible name. Provide either:
  - label prop: <Input label='Email' />
  - aria-label: <Input aria-label='Email address' />
  - aria-labelledby for custom label association
[2026-09-02T06:54:30.696Z] [warning] [Kumo Input]: Input must have an accessible name. Provide either:
  - label prop: <Input label='Email' />
  - aria-label: <Input aria-label='Email address' />
  - aria-labelledby for custom label association
[2026-09-02T06:54:35.675Z] [warning] [Kumo Input]: Input must have an accessible name. Provide either:
  - label prop: <Input label='Email' />
  - aria-label: <Input aria-label='Email address' />
  - aria-labelledby for custom label association
[2026-09-02T06:54:35.792Z] [warning] [Kumo Input]: Input must have an accessible name. Provide either:
  - label prop: <Input label='Email' />
  - aria-label: <Input aria-label='Email address' />
  - aria-labelledby for custom label association
[2026-09-02T06:54:40.672Z] [warning] [Kumo Input]: Input must have an accessible name. Provide either:
  - label prop: <Input label='Email' />
  - aria-label: <Input aria-label='Email address' />
  - aria-labelledby for custom label association
[2026-09-02T06:54:45.673Z] [warning] [Kumo Input]: Input must have an accessible name. Provide either:
  - label prop: <Input label='Email' />
  - aria-label: <Input aria-label='Email address' />
  - aria-labelledby for custom label association
[2026-09-02T06:54:50.675Z] [warning] [Kumo Input]: Input must have an accessible name. Provide either:
  - label prop: <Input label='Email' />
  - aria-label: <Input aria-label='Email address' />
  - aria-labelledby for custom label association
[2026-09-02T06:54:50.803Z] [warning] [Kumo Input]: Input must have an accessible name. Provide either:
  - label prop: <Input label='Email' />
  - aria-label: <Input aria-label='Email address' />
  - aria-labelledby for custom label association
[2026-09-02T06:54:50.804Z] [warning] [Kumo Input]: Input must have an accessible name. Provide either:
  - label prop: <Input label='Email' />
  - aria-label: <Input aria-label='Email address' />
  - aria-labelledby for custom label association
[2026-09-02T06:54:51.129Z] [warning] [Kumo Input]: Input must have an accessible name. Provide either:
  - label prop: <Input label='Email' />
  - aria-label: <Input aria-label='Email address' />
  - aria-labelledby for custom label association
[2026-09-02T06:54:51.144Z] [warning] [Kumo Input]: Input must have an accessible name. Provide either:
  - label prop: <Input label='Email' />
  - aria-label: <Input aria-label='Email address' />
  - aria-labelledby for custom label association
[2026-09-02T06:54:51.166Z] [warning] [Kumo Input]: Input must have an accessible name. Provide either:
  - label prop: <Input label='Email' />
  - aria-label: <Input aria-label='Email address' />
  - aria-labelledby for custom label association
[2026-09-02T06:54:52.719Z] [warning] [Kumo Input]: Input must have an accessible name. Provide either:
  - label prop: <Input label='Email' />
  - aria-label: <Input aria-label='Email address' />
  - aria-labelledby for custom label association
[2026-09-02T06:54:52.719Z] [warning] [Kumo Input]: Input must have an accessible name. Provide either:
  - label prop: <Input label='Email' />
  - aria-label: <Input aria-label='Email address' />
  - aria-labelledby for custom label association
[2026-09-02T06:54:52.744Z] [warning] [Kumo Input]: Input must have an accessible name. Provide either:
  - label prop: <Input label='Email' />
  - aria-label: <Input aria-label='Email address' />
  - aria-labelledby for custom label association
[2026-09-02T06:54:52.750Z] [warning] [Kumo Input]: Input must have an accessible name. Provide either:
  - label prop: <Input label='Email' />
  - aria-label: <Input aria-label='Email address' />
  - aria-labelledby for custom label association
[2026-09-02T06:54:52.766Z] [warning] [Kumo Input]: Input must have an accessible name. Provide either:
  - label prop: <Input label='Email' />
  - aria-label: <Input aria-label='Email address' />
  - aria-labelledby for custom label association
[2026-09-02T06:54:52.787Z] [warning] [Kumo Input]: Input must have an accessible name. Provide either:
  - label prop: <Input label='Email' />
  - aria-label: <Input aria-label='Email address' />
  - aria-labelledby for custom label association
[2026-09-02T06:54:57.748Z] [warning] [Kumo Input]: Input must have an accessible name. Provide either:
  - label prop: <Input label='Email' />
  - aria-label: <Input aria-label='Email address' />
  - aria-labelledby for custom label association
[2026-09-02T06:54:57.792Z] [warning] [Kumo Input]: Input must have an accessible name. Provide either:
  - label prop: <Input label='Email' />
  - aria-label: <Input aria-label='Email address' />
  - aria-labelledby for custom label association
[2026-09-02T06:55:02.758Z] [warning] [Kumo Input]: Input must have an accessible name. Provide either:
  - label prop: <Input label='Email' />
  - aria-label: <Input aria-label='Email address' />
  - aria-labelledby for custom label association
[2026-09-02T06:55:02.789Z] [warning] [Kumo Input]: Input must have an accessible name. Provide either:
  - label prop: <Input label='Email' />
  - aria-label: <Input aria-label='Email address' />
  - aria-labelledby for custom label association
[2026-09-02T06:55:07.746Z] [warning] [Kumo Input]: Input must have an accessible name. Provide either:
  - label prop: <Input label='Email' />
  - aria-label: <Input aria-label='Email address' />
  - aria-labelledby for custom label association
[2026-09-02T06:55:07.789Z] [warning] [Kumo Input]: Input must have an accessible name. Provide either:
  - label prop: <Input label='Email' />
  - aria-label: <Input aria-label='Email address' />
  - aria-labelledby for custom label association
[2026-09-02T06:55:12.745Z] [warning] [Kumo Input]: Input must have an accessible name. Provide either:
  - label prop: <Input label='Email' />
  - aria-label: <Input aria-label='Email address' />
  - aria-labelledby for custom label association
[2026-09-02T06:55:12.790Z] [warning] [Kumo Input]: Input must have an accessible name. Provide either:
  - label prop: <Input label='Email' />
  - aria-label: <Input aria-label='Email address' />
  - aria-labelledby for custom label association
[2026-09-02T06:55:17.752Z] [warning] [Kumo Input]: Input must have an accessible name. Provide either:
  - label prop: <Input label='Email' />
  - aria-label: <Input aria-label='Email address' />
  - aria-labelledby for custom label association
[2026-09-02T06:55:17.790Z] [warning] [Kumo Input]: Input must have an accessible name. Provide either:
  - label prop: <Input label='Email' />
  - aria-label: <Input aria-label='Email address' />
  - aria-labelledby for custom label association
[2026-09-02T06:55:20.799Z] [warning] [Kumo Input]: Input must have an accessible name. Provide either:
  - label prop: <Input label='Email' />
  - aria-label: <Input aria-label='Email address' />
  - aria-labelledby for custom label association
[2026-09-02T06:55:22.755Z] [warning] [Kumo Input]: Input must have an accessible name. Provide either:
  - label prop: <Input label='Email' />
  - aria-label: <Input aria-label='Email address' />
  - aria-labelledby for custom label association
[2026-09-02T06:55:22.789Z] [warning] [Kumo Input]: Input must have an accessible name. Provide either:
  - label prop: <Input label='Email' />
  - aria-label: <Input aria-label='Email address' />
  - aria-labelledby for custom label association
[2026-09-02T06:55:27.750Z] [warning] [Kumo Input]: Input must have an accessible name. Provide either:
  - label prop: <Input label='Email' />
  - aria-label: <Input aria-label='Email address' />
  - aria-labelledby for custom label association
[2026-09-02T06:55:27.841Z] [warning] [Kumo Input]: Input must have an accessible name. Provide either:
  - label prop: <Input label='Email' />
  - aria-label: <Input aria-label='Email address' />
  - aria-labelledby for custom label association
[2026-09-02T06:55:32.753Z] [warning] [Kumo Input]: Input must have an accessible name. Provide either:
  - label prop: <Input label='Email' />
  - aria-label: <Input aria-label='Email address' />
  - aria-labelledby for custom label association
[2026-09-02T06:55:32.790Z] [warning] [Kumo Input]: Input must have an accessible name. Provide either:
  - label prop: <Input label='Email' />
  - aria-label: <Input aria-label='Email address' />
  - aria-labelledby for custom label association
[2026-09-02T06:55:37.808Z] [warning] [Kumo Input]: Input must have an accessible name. Provide either:
  - label prop: <Input label='Email' />
  - aria-label: <Input aria-label='Email address' />
  - aria-labelledby for custom label association
[2026-09-02T06:55:37.812Z] [warning] [Kumo Input]: Input must have an accessible name. Provide either:
  - label prop: <Input label='Email' />
  - aria-label: <Input aria-label='Email address' />
  - aria-labelledby for custom label association
[2026-09-02T06:55:42.751Z] [warning] [Kumo Input]: Input must have an accessible name. Provide either:
  - label prop: <Input label='Email' />
  - aria-label: <Input aria-label='Email address' />
  - aria-labelledby for custom label association
[2026-09-02T06:55:42.793Z] [warning] [Kumo Input]: Input must have an accessible name. Provide either:
  - label prop: <Input label='Email' />
  - aria-label: <Input aria-label='Email address' />
  - aria-labelledby for custom label association
[2026-09-02T06:55:47.766Z] [warning] [Kumo Input]: Input must have an accessible name. Provide either:
  - label prop: <Input label='Email' />
  - aria-label: <Input aria-label='Email address' />
  - aria-labelledby for custom label association
[2026-09-02T06:55:47.790Z] [warning] [Kumo Input]: Input must have an accessible name. Provide either:
  - label prop: <Input label='Email' />
  - aria-label: <Input aria-label='Email address' />
  - aria-labelledby for custom label association
[2026-09-02T06:55:50.795Z] [warning] [Kumo Input]: Input must have an accessible name. Provide either:
  - label prop: <Input label='Email' />
  - aria-label: <Input aria-label='Email address' />
  - aria-labelledby for custom label association
[2026-09-02T06:55:52.744Z] [warning] [Kumo Input]: Input must have an accessible name. Provide either:
  - label prop: <Input label='Email' />
  - aria-label: <Input aria-label='Email address' />
  - aria-labelledby for custom label association
[2026-09-02T06:55:52.790Z] [warning] [Kumo Input]: Input must have an accessible name. Provide either:
  - label prop: <Input label='Email' />
  - aria-label: <Input aria-label='Email address' />
  - aria-labelledby for custom label association
[2026-09-02T06:55:57.821Z] [warning] [Kumo Input]: Input must have an accessible name. Provide either:
  - label prop: <Input label='Email' />
  - aria-label: <Input aria-label='Email address' />
  - aria-labelledby for custom label association
[2026-09-02T06:55:57.823Z] [warning] [Kumo Input]: Input must have an accessible name. Provide either:
  - label prop: <Input label='Email' />
  - aria-label: <Input aria-label='Email address' />
  - aria-labelledby for custom label association
[2026-09-02T06:56:02.759Z] [warning] [Kumo Input]: Input must have an accessible name. Provide either:
  - label prop: <Input label='Email' />
  - aria-label: <Input aria-label='Email address' />
  - aria-labelledby for custom label association
[2026-09-02T06:56:02.791Z] [warning] [Kumo Input]: Input must have an accessible name. Provide either:
  - label prop: <Input label='Email' />
  - aria-label: <Input aria-label='Email address' />
  - aria-labelledby for custom label association
[2026-09-02T06:56:07.743Z] [warning] [Kumo Input]: Input must have an accessible name. Provide either:
  - label prop: <Input label='Email' />
  - aria-label: <Input aria-label='Email address' />
  - aria-labelledby for custom label association
[2026-09-02T06:56:07.791Z] [warning] [Kumo Input]: Input must have an accessible name. Provide either:
  - label prop: <Input label='Email' />
  - aria-label: <Input aria-label='Email address' />
  - aria-labelledby for custom label association
[2026-09-02T06:56:12.751Z] [warning] [Kumo Input]: Input must have an accessible name. Provide either:
  - label prop: <Input label='Email' />
  - aria-label: <Input aria-label='Email address' />
  - aria-labelledby for custom label association
[2026-09-02T06:56:12.792Z] [warning] [Kumo Input]: Input must have an accessible name. Provide either:
  - label prop: <Input label='Email' />
  - aria-label: <Input aria-label='Email address' />
  - aria-labelledby for custom label association
[2026-09-02T06:56:17.744Z] [warning] [Kumo Input]: Input must have an accessible name. Provide either:
  - label prop: <Input label='Email' />
  - aria-label: <Input aria-label='Email address' />
  - aria-labelledby for custom label association
[2026-09-02T06:56:17.792Z] [warning] [Kumo Input]: Input must have an accessible name. Provide either:
  - label prop: <Input label='Email' />
  - aria-label: <Input aria-label='Email address' />
  - aria-labelledby for custom label association
[2026-09-02T06:56:20.802Z] [warning] [Kumo Input]: Input must have an accessible name. Provide either:
  - label prop: <Input label='Email' />
  - aria-label: <Input aria-label='Email address' />
  - aria-labelledby for custom label association
[2026-09-02T06:56:22.751Z] [warning] [Kumo Input]: Input must have an accessible name. Provide either:
  - label prop: <Input label='Email' />
  - aria-label: <Input aria-label='Email address' />
  - aria-labelledby for custom label association
[2026-09-02T06:56:22.789Z] [warning] [Kumo Input]: Input must have an accessible name. Provide either:
  - label prop: <Input label='Email' />
  - aria-label: <Input aria-label='Email address' />
  - aria-labelledby for custom label association
[2026-09-02T06:56:27.755Z] [warning] [Kumo Input]: Input must have an accessible name. Provide either:
  - label prop: <Input label='Email' />
  - aria-label: <Input aria-label='Email address' />
  - aria-labelledby for custom label association
[2026-09-02T06:56:27.790Z] [warning] [Kumo Input]: Input must have an accessible name. Provide either:
  - label prop: <Input label='Email' />
  - aria-label: <Input aria-label='Email address' />
  - aria-labelledby for custom label association
[2026-09-02T06:56:32.745Z] [warning] [Kumo Input]: Input must have an accessible name. Provide either:
  - label prop: <Input label='Email' />
  - aria-label: <Input aria-label='Email address' />
  - aria-labelledby for custom label association
[2026-09-02T06:56:32.856Z] [warning] [Kumo Input]: Input must have an accessible name. Provide either:
  - label prop: <Input label='Email' />
  - aria-label: <Input aria-label='Email address' />
  - aria-labelledby for custom label association
[2026-09-02T06:56:37.752Z] [warning] [Kumo Input]: Input must have an accessible name. Provide either:
  - label prop: <Input label='Email' />
  - aria-label: <Input aria-label='Email address' />
  - aria-labelledby for custom label association
[2026-09-02T06:56:37.791Z] [warning] [Kumo Input]: Input must have an accessible name. Provide either:
  - label prop: <Input label='Email' />
  - aria-label: <Input aria-label='Email address' />
  - aria-labelledby for custom label association
[2026-09-02T06:56:42.801Z] [warning] [Kumo Input]: Input must have an accessible name. Provide either:
  - label prop: <Input label='Email' />
  - aria-label: <Input aria-label='Email address' />
  - aria-labelledby for custom label association
[2026-09-02T06:56:42.816Z] [warning] [Kumo Input]: Input must have an accessible name. Provide either:
  - label prop: <Input label='Email' />
  - aria-label: <Input aria-label='Email address' />
  - aria-labelledby for custom label association
[2026-09-02T06:56:47.755Z] [warning] [Kumo Input]: Input must have an accessible name. Provide either:
  - label prop: <Input label='Email' />
  - aria-label: <Input aria-label='Email address' />
  - aria-labelledby for custom label association
[2026-09-02T06:56:47.820Z] [warning] [Kumo Input]: Input must have an accessible name. Provide either:
  - label prop: <Input label='Email' />
  - aria-label: <Input aria-label='Email address' />
  - aria-labelledby for custom label association
[2026-09-02T06:56:50.797Z] [warning] [Kumo Input]: Input must have an accessible name. Provide either:
  - label prop: <Input label='Email' />
  - aria-label: <Input aria-label='Email address' />
  - aria-labelledby for custom label association
[2026-09-02T06:56:52.783Z] [warning] [Kumo Input]: Input must have an accessible name. Provide either:
  - label prop: <Input label='Email' />
  - aria-label: <Input aria-label='Email address' />
  - aria-labelledby for custom label association
[2026-09-02T06:56:52.789Z] [warning] [Kumo Input]: Input must have an accessible name. Provide either:
  - label prop: <Input label='Email' />
  - aria-label: <Input aria-label='Email address' />
  - aria-labelledby for custom label association
[2026-09-02T06:56:57.744Z] [warning] [Kumo Input]: Input must have an accessible name. Provide either:
  - label prop: <Input label='Email' />
  - aria-label: <Input aria-label='Email address' />
  - aria-labelledby for custom label association
[2026-09-02T06:56:57.791Z] [warning] [Kumo Input]: Input must have an accessible name. Provide either:
  - label prop: <Input label='Email' />
  - aria-label: <Input aria-label='Email address' />
  - aria-labelledby for custom label association
[2026-09-02T06:57:02.745Z] [warning] [Kumo Input]: Input must have an accessible name. Provide either:
  - label prop: <Input label='Email' />
  - aria-label: <Input aria-label='Email address' />
  - aria-labelledby for custom label association
[2026-09-02T06:57:02.791Z] [warning] [Kumo Input]: Input must have an accessible name. Provide either:
  - label prop: <Input label='Email' />
  - aria-label: <Input aria-label='Email address' />
  - aria-labelledby for custom label association
[2026-09-02T06:57:07.744Z] [warning] [Kumo Input]: Input must have an accessible name. Provide either:
  - label prop: <Input label='Email' />
  - aria-label: <Input aria-label='Email address' />
  - aria-labelledby for custom label association
[2026-09-02T06:57:07.788Z] [warning] [Kumo Input]: Input must have an accessible name. Provide either:
  - label prop: <Input label='Email' />
  - aria-label: <Input aria-label='Email address' />
  - aria-labelledby for custom label association
[2026-09-02T06:57:12.746Z] [warning] [Kumo Input]: Input must have an accessible name. Provide either:
  - label prop: <Input label='Email' />
  - aria-label: <Input aria-label='Email address' />
  - aria-labelledby for custom label association
[2026-09-02T06:57:12.792Z] [warning] [Kumo Input]: Input must have an accessible name. Provide either:
  - label prop: <Input label='Email' />
  - aria-label: <Input aria-label='Email address' />
  - aria-labelledby for custom label association
[2026-09-02T06:57:17.748Z] [warning] [Kumo Input]: Input must have an accessible name. Provide either:
  - label prop: <Input label='Email' />
  - aria-label: <Input aria-label='Email address' />
  - aria-labelledby for custom label association
[2026-09-02T06:57:17.792Z] [warning] [Kumo Input]: Input must have an accessible name. Provide either:
  - label prop: <Input label='Email' />
  - aria-label: <Input aria-label='Email address' />
  - aria-labelledby for custom label association
[2026-09-02T06:57:20.804Z] [warning] [Kumo Input]: Input must have an accessible name. Provide either:
  - label prop: <Input label='Email' />
  - aria-label: <Input aria-label='Email address' />
  - aria-labelledby for custom label association
[2026-09-02T06:57:22.751Z] [warning] [Kumo Input]: Input must have an accessible name. Provide either:
  - label prop: <Input label='Email' />
  - aria-label: <Input aria-label='Email address' />
  - aria-labelledby for custom label association
[2026-09-02T06:57:22.794Z] [warning] [Kumo Input]: Input must have an accessible name. Provide either:
  - label prop: <Input label='Email' />
  - aria-label: <Input aria-label='Email address' />
  - aria-labelledby for custom label association
[2026-09-02T06:57:27.750Z] [warning] [Kumo Input]: Input must have an accessible name. Provide either:
  - label prop: <Input label='Email' />
  - aria-label: <Input aria-label='Email address' />
  - aria-labelledby for custom label association
[2026-09-02T06:57:27.790Z] [warning] [Kumo Input]: Input must have an accessible name. Provide either:
  - label prop: <Input label='Email' />
  - aria-label: <Input aria-label='Email address' />
  - aria-labelledby for custom label association
[2026-09-02T06:57:32.746Z] [warning] [Kumo Input]: Input must have an accessible name. Provide either:
  - label prop: <Input label='Email' />
  - aria-label: <Input aria-label='Email address' />
  - aria-labelledby for custom label association
[2026-09-02T06:57:32.793Z] [warning] [Kumo Input]: Input must have an accessible name. Provide either:
  - label prop: <Input label='Email' />
  - aria-label: <Input aria-label='Email address' />
  - aria-labelledby for custom label association
[2026-09-02T06:57:37.745Z] [warning] [Kumo Input]: Input must have an accessible name. Provide either:
  - label prop: <Input label='Email' />
  - aria-label: <Input aria-label='Email address' />
  - aria-labelledby for custom label association
[2026-09-02T06:57:37.851Z] [warning] [Kumo Input]: Input must have an accessible name. Provide either:
  - label prop: <Input label='Email' />
  - aria-label: <Input aria-label='Email address' />
  - aria-labelledby for custom label association
[2026-09-02T06:57:42.745Z] [warning] [Kumo Input]: Input must have an accessible name. Provide either:
  - label prop: <Input label='Email' />
  - aria-label: <Input aria-label='Email address' />
  - aria-labelledby for custom label association
[2026-09-02T06:57:42.791Z] [warning] [Kumo Input]: Input must have an accessible name. Provide either:
  - label prop: <Input label='Email' />
  - aria-label: <Input aria-label='Email address' />
  - aria-labelledby for custom label association
[2026-09-02T06:57:47.815Z] [warning] [Kumo Input]: Input must have an accessible name. Provide either:
  - label prop: <Input label='Email' />
  - aria-label: <Input aria-label='Email address' />
  - aria-labelledby for custom label association
[2026-09-02T06:57:47.831Z] [warning] [Kumo Input]: Input must have an accessible name. Provide either:
  - label prop: <Input label='Email' />
  - aria-label: <Input aria-label='Email address' />
  - aria-labelledby for custom label association
[2026-09-02T06:57:50.800Z] [warning] [Kumo Input]: Input must have an accessible name. Provide either:
  - label prop: <Input label='Email' />
  - aria-label: <Input aria-label='Email address' />
  - aria-labelledby for custom label association
[2026-09-02T06:57:52.744Z] [warning] [Kumo Input]: Input must have an accessible name. Provide either:
  - label prop: <Input label='Email' />
  - aria-label: <Input aria-label='Email address' />
  - aria-labelledby for custom label association
[2026-09-02T06:57:52.792Z] [warning] [Kumo Input]: Input must have an accessible name. Provide either:
  - label prop: <Input label='Email' />
  - aria-label: <Input aria-label='Email address' />
  - aria-labelledby for custom label association
[2026-09-02T06:57:57.797Z] [warning] [Kumo Input]: Input must have an accessible name. Provide either:
  - label prop: <Input label='Email' />
  - aria-label: <Input aria-label='Email address' />
  - aria-labelledby for custom label association
[2026-09-02T06:57:57.797Z] [warning] [Kumo Input]: Input must have an accessible name. Provide either:
  - label prop: <Input label='Email' />
  - aria-label: <Input aria-label='Email address' />
  - aria-labelledby for custom label association
[2026-09-02T06:58:02.753Z] [warning] [Kumo Input]: Input must have an accessible name. Provide either:
  - label prop: <Input label='Email' />
  - aria-label: <Input aria-label='Email address' />
  - aria-labelledby for custom label association
[2026-09-02T06:58:02.790Z] [warning] [Kumo Input]: Input must have an accessible name. Provide either:
  - label prop: <Input label='Email' />
  - aria-label: <Input aria-label='Email address' />
  - aria-labelledby for custom label association
[2026-09-02T06:58:07.754Z] [warning] [Kumo Input]: Input must have an accessible name. Provide either:
  - label prop: <Input label='Email' />
  - aria-label: <Input aria-label='Email address' />
  - aria-labelledby for custom label association
[2026-09-02T06:58:07.790Z] [warning] [Kumo Input]: Input must have an accessible name. Provide either:
  - label prop: <Input label='Email' />
  - aria-label: <Input aria-label='Email address' />
  - aria-labelledby for custom label association
[2026-09-02T06:58:12.746Z] [warning] [Kumo Input]: Input must have an accessible name. Provide either:
  - label prop: <Input label='Email' />
  - aria-label: <Input aria-label='Email address' />
  - aria-labelledby for custom label association
[2026-09-02T06:58:12.790Z] [warning] [Kumo Input]: Input must have an accessible name. Provide either:
  - label prop: <Input label='Email' />
  - aria-label: <Input aria-label='Email address' />
  - aria-labelledby for custom label association
[2026-09-02T06:58:17.745Z] [warning] [Kumo Input]: Input must have an accessible name. Provide either:
  - label prop: <Input label='Email' />
  - aria-label: <Input aria-label='Email address' />
  - aria-labelledby for custom label association
[2026-09-02T06:58:17.790Z] [warning] [Kumo Input]: Input must have an accessible name. Provide either:
  - label prop: <Input label='Email' />
  - aria-label: <Input aria-label='Email address' />
  - aria-labelledby for custom label association
[2026-09-02T06:58:20.862Z] [warning] [Kumo Input]: Input must have an accessible name. Provide either:
  - label prop: <Input label='Email' />
  - aria-label: <Input aria-label='Email address' />
  - aria-labelledby for custom label association
[2026-09-02T06:58:22.754Z] [warning] [Kumo Input]: Input must have an accessible name. Provide either:
  - label prop: <Input label='Email' />
  - aria-label: <Input aria-label='Email address' />
  - aria-labelledby for custom label association
[2026-09-02T06:58:22.790Z] [warning] [Kumo Input]: Input must have an accessible name. Provide either:
  - label prop: <Input label='Email' />
  - aria-label: <Input aria-label='Email address' />
  - aria-labelledby for custom label association
[2026-09-02T06:58:27.773Z] [warning] [Kumo Input]: Input must have an accessible name. Provide either:
  - label prop: <Input label='Email' />
  - aria-label: <Input aria-label='Email address' />
  - aria-labelledby for custom label association
[2026-09-02T06:58:27.792Z] [warning] [Kumo Input]: Input must have an accessible name. Provide either:
  - label prop: <Input label='Email' />
  - aria-label: <Input aria-label='Email address' />
  - aria-labelledby for custom label association
[2026-09-02T06:58:32.745Z] [warning] [Kumo Input]: Input must have an accessible name. Provide either:
  - label prop: <Input label='Email' />
  - aria-label: <Input aria-label='Email address' />
  - aria-labelledby for custom label association
[2026-09-02T06:58:32.792Z] [warning] [Kumo Input]: Input must have an accessible name. Provide either:
  - label prop: <Input label='Email' />
  - aria-label: <Input aria-label='Email address' />
  - aria-labelledby for custom label association
[2026-09-02T06:58:37.752Z] [warning] [Kumo Input]: Input must have an accessible name. Provide either:
  - label prop: <Input label='Email' />
  - aria-label: <Input aria-label='Email address' />
  - aria-labelledby for custom label association
[2026-09-02T06:58:37.792Z] [warning] [Kumo Input]: Input must have an accessible name. Provide either:
  - label prop: <Input label='Email' />
  - aria-label: <Input aria-label='Email address' />
  - aria-labelledby for custom label association
[2026-09-02T06:58:42.751Z] [warning] [Kumo Input]: Input must have an accessible name. Provide either:
  - label prop: <Input label='Email' />
  - aria-label: <Input aria-label='Email address' />
  - aria-labelledby for custom label association
[2026-09-02T06:58:42.792Z] [warning] [Kumo Input]: Input must have an accessible name. Provide either:
  - label prop: <Input label='Email' />
  - aria-label: <Input aria-label='Email address' />
  - aria-labelledby for custom label association
[2026-09-02T06:58:47.749Z] [warning] [Kumo Input]: Input must have an accessible name. Provide either:
  - label prop: <Input label='Email' />
  - aria-label: <Input aria-label='Email address' />
  - aria-labelledby for custom label association
[2026-09-02T06:58:47.791Z] [warning] [Kumo Input]: Input must have an accessible name. Provide either:
  - label prop: <Input label='Email' />
  - aria-label: <Input aria-label='Email address' />
  - aria-labelledby for custom label association
[2026-09-02T06:58:50.798Z] [warning] [Kumo Input]: Input must have an accessible name. Provide either:
  - label prop: <Input label='Email' />
  - aria-label: <Input aria-label='Email address' />
  - aria-labelledby for custom label association
[2026-09-02T06:58:52.833Z] [warning] [Kumo Input]: Input must have an accessible name. Provide either:
  - label prop: <Input label='Email' />
  - aria-label: <Input aria-label='Email address' />
  - aria-labelledby for custom label association
[2026-09-02T06:58:52.840Z] [warning] [Kumo Input]: Input must have an accessible name. Provide either:
  - label prop: <Input label='Email' />
  - aria-label: <Input aria-label='Email address' />
  - aria-labelledby for custom label association
[2026-09-02T06:58:57.746Z] [warning] [Kumo Input]: Input must have an accessible name. Provide either:
  - label prop: <Input label='Email' />
  - aria-label: <Input aria-label='Email address' />
  - aria-labelledby for custom label association
[2026-09-02T06:58:57.791Z] [warning] [Kumo Input]: Input must have an accessible name. Provide either:
  - label prop: <Input label='Email' />
  - aria-label: <Input aria-label='Email address' />
  - aria-labelledby for custom label association
[2026-09-02T06:59:02.809Z] [warning] [Kumo Input]: Input must have an accessible name. Provide either:
  - label prop: <Input label='Email' />
  - aria-label: <Input aria-label='Email address' />
  - aria-labelledby for custom label association
[2026-09-02T06:59:02.810Z] [warning] [Kumo Input]: Input must have an accessible name. Provide either:
  - label prop: <Input label='Email' />
  - aria-label: <Input aria-label='Email address' />
  - aria-labelledby for custom label association
[2026-09-02T06:59:07.749Z] [warning] [Kumo Input]: Input must have an accessible name. Provide either:
  - label prop: <Input label='Email' />
  - aria-label: <Input aria-label='Email address' />
  - aria-labelledby for custom label association
[2026-09-02T06:59:07.792Z] [warning] [Kumo Input]: Input must have an accessible name. Provide either:
  - label prop: <Input label='Email' />
  - aria-label: <Input aria-label='Email address' />
  - aria-labelledby for custom label association
[2026-09-02T06:59:12.777Z] [warning] [Kumo Input]: Input must have an accessible name. Provide either:
  - label prop: <Input label='Email' />
  - aria-label: <Input aria-label='Email address' />
  - aria-labelledby for custom label association
[2026-09-02T06:59:12.789Z] [warning] [Kumo Input]: Input must have an accessible name. Provide either:
  - label prop: <Input label='Email' />
  - aria-label: <Input aria-label='Email address' />
  - aria-labelledby for custom label association
[2026-09-02T06:59:17.746Z] [warning] [Kumo Input]: Input must have an accessible name. Provide either:
  - label prop: <Input label='Email' />
  - aria-label: <Input aria-label='Email address' />
  - aria-labelledby for custom label association
[2026-09-02T06:59:17.791Z] [warning] [Kumo Input]: Input must have an accessible name. Provide either:
  - label prop: <Input label='Email' />
  - aria-label: <Input aria-label='Email address' />
  - aria-labelledby for custom label association
[2026-09-02T06:59:20.801Z] [warning] [Kumo Input]: Input must have an accessible name. Provide either:
  - label prop: <Input label='Email' />
  - aria-label: <Input aria-label='Email address' />
  - aria-labelledby for custom label association
[2026-09-02T06:59:22.747Z] [warning] [Kumo Input]: Input must have an accessible name. Provide either:
  - label prop: <Input label='Email' />
  - aria-label: <Input aria-label='Email address' />
  - aria-labelledby for custom label association
[2026-09-02T06:59:22.791Z] [warning] [Kumo Input]: Input must have an accessible name. Provide either:
  - label prop: <Input label='Email' />
  - aria-label: <Input aria-label='Email address' />
  - aria-labelledby for custom label association
[2026-09-02T06:59:27.753Z] [warning] [Kumo Input]: Input must have an accessible name. Provide either:
  - label prop: <Input label='Email' />
  - aria-label: <Input aria-label='Email address' />
  - aria-labelledby for custom label association
[2026-09-02T06:59:27.790Z] [warning] [Kumo Input]: Input must have an accessible name. Provide either:
  - label prop: <Input label='Email' />
  - aria-label: <Input aria-label='Email address' />
  - aria-labelledby for custom label association
[2026-09-02T06:59:32.781Z] [warning] [Kumo Input]: Input must have an accessible name. Provide either:
  - label prop: <Input label='Email' />
  - aria-label: <Input aria-label='Email address' />
  - aria-labelledby for custom label association
[2026-09-02T06:59:32.820Z] [warning] [Kumo Input]: Input must have an accessible name. Provide either:
  - label prop: <Input label='Email' />
  - aria-label: <Input aria-label='Email address' />
  - aria-labelledby for custom label association
[2026-09-02T06:59:37.745Z] [warning] [Kumo Input]: Input must have an accessible name. Provide either:
  - label prop: <Input label='Email' />
  - aria-label: <Input aria-label='Email address' />
  - aria-labelledby for custom label association
[2026-09-02T06:59:37.791Z] [warning] [Kumo Input]: Input must have an accessible name. Provide either:
  - label prop: <Input label='Email' />
  - aria-label: <Input aria-label='Email address' />
  - aria-labelledby for custom label association
[2026-09-02T06:59:42.751Z] [warning] [Kumo Input]: Input must have an accessible name. Provide either:
  - label prop: <Input label='Email' />
  - aria-label: <Input aria-label='Email address' />
  - aria-labelledby for custom label association
[2026-09-02T06:59:42.790Z] [warning] [Kumo Input]: Input must have an accessible name. Provide either:
  - label prop: <Input label='Email' />
  - aria-label: <Input aria-label='Email address' />
  - aria-labelledby for custom label association
[2026-09-02T06:59:47.754Z] [warning] [Kumo Input]: Input must have an accessible name. Provide either:
  - label prop: <Input label='Email' />
  - aria-label: <Input aria-label='Email address' />
  - aria-labelledby for custom label association
[2026-09-02T06:59:47.790Z] [warning] [Kumo Input]: Input must have an accessible name. Provide either:
  - label prop: <Input label='Email' />
  - aria-label: <Input aria-label='Email address' />
  - aria-labelledby for custom label association
[2026-09-02T06:59:50.798Z] [warning] [Kumo Input]: Input must have an accessible name. Provide either:
  - label prop: <Input label='Email' />
  - aria-label: <Input aria-label='Email address' />
  - aria-labelledby for custom label association
[2026-09-02T06:59:52.746Z] [warning] [Kumo Input]: Input must have an accessible name. Provide either:
  - label prop: <Input label='Email' />
  - aria-label: <Input aria-label='Email address' />
  - aria-labelledby for custom label association
[2026-09-02T06:59:52.790Z] [warning] [Kumo Input]: Input must have an accessible name. Provide either:
  - label prop: <Input label='Email' />
  - aria-label: <Input aria-label='Email address' />
  - aria-labelledby for custom label association
[2026-09-02T06:59:57.758Z] [warning] [Kumo Input]: Input must have an accessible name. Provide either:
  - label prop: <Input label='Email' />
  - aria-label: <Input aria-label='Email address' />
  - aria-labelledby for custom label association
[2026-09-02T06:59:57.859Z] [warning] [Kumo Input]: Input must have an accessible name. Provide either:
  - label prop: <Input label='Email' />
  - aria-label: <Input aria-label='Email address' />
  - aria-labelledby for custom label association
[2026-09-02T07:00:02.751Z] [warning] [Kumo Input]: Input must have an accessible name. Provide either:
  - label prop: <Input label='Email' />
  - aria-label: <Input aria-label='Email address' />
  - aria-labelledby for custom label association
[2026-09-02T07:00:02.793Z] [warning] [Kumo Input]: Input must have an accessible name. Provide either:
  - label prop: <Input label='Email' />
  - aria-label: <Input aria-label='Email address' />
  - aria-labelledby for custom label association
[2026-09-02T07:00:07.813Z] [warning] [Kumo Input]: Input must have an accessible name. Provide either:
  - label prop: <Input label='Email' />
  - aria-label: <Input aria-label='Email address' />
  - aria-labelledby for custom label association
[2026-09-02T07:00:07.820Z] [warning] [Kumo Input]: Input must have an accessible name. Provide either:
  - label prop: <Input label='Email' />
  - aria-label: <Input aria-label='Email address' />
  - aria-labelledby for custom label association
[2026-09-02T07:00:12.752Z] [warning] [Kumo Input]: Input must have an accessible name. Provide either:
  - label prop: <Input label='Email' />
  - aria-label: <Input aria-label='Email address' />
  - aria-labelledby for custom label association
[2026-09-02T07:00:12.796Z] [warning] [Kumo Input]: Input must have an accessible name. Provide either:
  - label prop: <Input label='Email' />
  - aria-label: <Input aria-label='Email address' />
  - aria-labelledby for custom label association
[2026-09-02T07:00:17.778Z] [warning] [Kumo Input]: Input must have an accessible name. Provide either:
  - label prop: <Input label='Email' />
  - aria-label: <Input aria-label='Email address' />
  - aria-labelledby for custom label association
[2026-09-02T07:00:17.791Z] [warning] [Kumo Input]: Input must have an accessible name. Provide either:
  - label prop: <Input label='Email' />
  - aria-label: <Input aria-label='Email address' />
  - aria-labelledby for custom label association
[2026-09-02T07:00:20.798Z] [warning] [Kumo Input]: Input must have an accessible name. Provide either:
  - label prop: <Input label='Email' />
  - aria-label: <Input aria-label='Email address' />
  - aria-labelledby for custom label association
[2026-09-02T07:00:22.756Z] [warning] [Kumo Input]: Input must have an accessible name. Provide either:
  - label prop: <Input label='Email' />
  - aria-label: <Input aria-label='Email address' />
  - aria-labelledby for custom label association
[2026-09-02T07:00:22.792Z] [warning] [Kumo Input]: Input must have an accessible name. Provide either:
  - label prop: <Input label='Email' />
  - aria-label: <Input aria-label='Email address' />
  - aria-labelledby for custom label association
[2026-09-02T07:00:27.756Z] [debug] A matter read failed: Error: Durable Object reset because its code was updated.
    at sE.evaluateImpl (https://ocios.app/assets/index-CBMVRKCK.js:10:143136)
    at sE.evaluateWithDepth (https://ocios.app/assets/index-CBMVRKCK.js:10:140846)
    at sE.evaluate (https://ocios.app/assets/index-CBMVRKCK.js:10:140729)
    at AP.readLoop (https://ocios.app/assets/index-CBMVRKCK.js:10:158799)
[2026-09-02T07:00:27.756Z] [warning] [Kumo Input]: Input must have an accessible name. Provide either:
  - label prop: <Input label='Email' />
  - aria-label: <Input aria-label='Email address' />
  - aria-labelledby for custom label association
[2026-09-02T07:00:27.811Z] [debug] A matter read failed: Error: Durable Object reset because its code was updated.
    at sE.evaluateImpl (https://ocios.app/assets/index-CBMVRKCK.js:10:143136)
    at sE.evaluateWithDepth (https://ocios.app/assets/index-CBMVRKCK.js:10:140846)
    at sE.evaluate (https://ocios.app/assets/index-CBMVRKCK.js:10:140729)
    at AP.readLoop (https://ocios.app/assets/index-CBMVRKCK.js:10:158799)
[2026-09-02T07:00:27.812Z] [warning] [Kumo Input]: Input must have an accessible name. Provide either:
  - label prop: <Input label='Email' />
  - aria-label: <Input aria-label='Email address' />
  - aria-labelledby for custom label association
[2026-09-02T07:00:32.741Z] [debug] A matter read failed: Error: Durable Object reset because its code was updated.
    at sE.evaluateImpl (https://ocios.app/assets/index-CBMVRKCK.js:10:143136)
    at sE.evaluateWithDepth (https://ocios.app/assets/index-CBMVRKCK.js:10:140846)
    at sE.evaluate (https://ocios.app/assets/index-CBMVRKCK.js:10:140729)
    at AP.readLoop (https://ocios.app/assets/index-CBMVRKCK.js:10:158799)
[2026-09-02T07:00:32.789Z] [debug] A matter read failed: Error: Durable Object reset because its code was updated.
    at sE.evaluateImpl (https://ocios.app/assets/index-CBMVRKCK.js:10:143136)
    at sE.evaluateWithDepth (https://ocios.app/assets/index-CBMVRKCK.js:10:140846)
    at sE.evaluate (https://ocios.app/assets/index-CBMVRKCK.js:10:140729)
    at AP.readLoop (https://ocios.app/assets/index-CBMVRKCK.js:10:158799)
[2026-09-02T07:00:37.741Z] [debug] A matter read failed: Error: Durable Object reset because its code was updated.
    at sE.evaluateImpl (https://ocios.app/assets/index-CBMVRKCK.js:10:143136)
    at sE.evaluateWithDepth (https://ocios.app/assets/index-CBMVRKCK.js:10:140846)
    at sE.evaluate (https://ocios.app/assets/index-CBMVRKCK.js:10:140729)
    at AP.readLoop (https://ocios.app/assets/index-CBMVRKCK.js:10:158799)
[2026-09-02T07:00:37.791Z] [debug] A matter read failed: Error: Durable Object reset because its code was updated.
    at sE.evaluateImpl (https://ocios.app/assets/index-CBMVRKCK.js:10:143136)
    at sE.evaluateWithDepth (https://ocios.app/assets/index-CBMVRKCK.js:10:140846)
    at sE.evaluate (https://ocios.app/assets/index-CBMVRKCK.js:10:140729)
    at AP.readLoop (https://ocios.app/assets/index-CBMVRKCK.js:10:158799)
[2026-09-02T07:00:42.753Z] [debug] A matter read failed: Error: Durable Object reset because its code was updated.
    at sE.evaluateImpl (https://ocios.app/assets/index-CBMVRKCK.js:10:143136)
    at sE.evaluateWithDepth (https://ocios.app/assets/index-CBMVRKCK.js:10:140846)
    at sE.evaluate (https://ocios.app/assets/index-CBMVRKCK.js:10:140729)
    at AP.readLoop (https://ocios.app/assets/index-CBMVRKCK.js:10:158799)
[2026-09-02T07:00:42.792Z] [debug] A matter read failed: Error: Durable Object reset because its code was updated.
    at sE.evaluateImpl (https://ocios.app/assets/index-CBMVRKCK.js:10:143136)
    at sE.evaluateWithDepth (https://ocios.app/assets/index-CBMVRKCK.js:10:140846)
    at sE.evaluate (https://ocios.app/assets/index-CBMVRKCK.js:10:140729)
    at AP.readLoop (https://ocios.app/assets/index-CBMVRKCK.js:10:158799)
[2026-09-02T07:00:47.744Z] [debug] A matter read failed: Error: Durable Object reset because its code was updated.
    at sE.evaluateImpl (https://ocios.app/assets/index-CBMVRKCK.js:10:143136)
    at sE.evaluateWithDepth (https://ocios.app/assets/index-CBMVRKCK.js:10:140846)
    at sE.evaluate (https://ocios.app/assets/index-CBMVRKCK.js:10:140729)
    at AP.readLoop (https://ocios.app/assets/index-CBMVRKCK.js:10:158799)
[2026-09-02T07:00:47.793Z] [debug] A matter read failed: Error: Durable Object reset because its code was updated.
    at sE.evaluateImpl (https://ocios.app/assets/index-CBMVRKCK.js:10:143136)
    at sE.evaluateWithDepth (https://ocios.app/assets/index-CBMVRKCK.js:10:140846)
    at sE.evaluate (https://ocios.app/assets/index-CBMVRKCK.js:10:140729)
    at AP.readLoop (https://ocios.app/assets/index-CBMVRKCK.js:10:158799)
[2026-09-02T07:00:50.807Z] [debug] A matter read failed: Error: Durable Object reset because its code was updated.
    at sE.evaluateImpl (https://ocios.app/assets/index-CBMVRKCK.js:10:143136)
    at sE.evaluateWithDepth (https://ocios.app/assets/index-CBMVRKCK.js:10:140846)
    at sE.evaluate (https://ocios.app/assets/index-CBMVRKCK.js:10:140729)
    at AP.readLoop (https://ocios.app/assets/index-CBMVRKCK.js:10:158799)
[2026-09-02T07:00:50.808Z] [warning] [Kumo Input]: Input must have an accessible name. Provide either:
  - label prop: <Input label='Email' />
  - aria-label: <Input aria-label='Email address' />
  - aria-labelledby for custom label association
[2026-09-02T07:00:52.750Z] [debug] A matter read failed: Error: Durable Object reset because its code was updated.
    at sE.evaluateImpl (https://ocios.app/assets/index-CBMVRKCK.js:10:143136)
    at sE.evaluateWithDepth (https://ocios.app/assets/index-CBMVRKCK.js:10:140846)
    at sE.evaluate (https://ocios.app/assets/index-CBMVRKCK.js:10:140729)
    at AP.readLoop (https://ocios.app/assets/index-CBMVRKCK.js:10:158799)
[2026-09-02T07:00:52.787Z] [debug] A matter read failed: Error: Durable Object reset because its code was updated.
    at sE.evaluateImpl (https://ocios.app/assets/index-CBMVRKCK.js:10:143136)
    at sE.evaluateWithDepth (https://ocios.app/assets/index-CBMVRKCK.js:10:140846)
    at sE.evaluate (https://ocios.app/assets/index-CBMVRKCK.js:10:140729)
    at AP.readLoop (https://ocios.app/assets/index-CBMVRKCK.js:10:158799)
[2026-09-02T07:00:57.752Z] [debug] A matter read failed: Error: Durable Object reset because its code was updated.
    at sE.evaluateImpl (https://ocios.app/assets/index-CBMVRKCK.js:10:143136)
    at sE.evaluateWithDepth (https://ocios.app/assets/index-CBMVRKCK.js:10:140846)
    at sE.evaluate (https://ocios.app/assets/index-CBMVRKCK.js:10:140729)
    at AP.readLoop (https://ocios.app/assets/index-CBMVRKCK.js:10:158799)
[2026-09-02T07:00:57.788Z] [debug] A matter read failed: Error: Durable Object reset because its code was updated.
    at sE.evaluateImpl (https://ocios.app/assets/index-CBMVRKCK.js:10:143136)
    at sE.evaluateWithDepth (https://ocios.app/assets/index-CBMVRKCK.js:10:140846)
    at sE.evaluate (https://ocios.app/assets/index-CBMVRKCK.js:10:140729)
    at AP.readLoop (https://ocios.app/assets/index-CBMVRKCK.js:10:158799)
[2026-09-02T07:01:02.744Z] [debug] A matter read failed: Error: Durable Object reset because its code was updated.
    at sE.evaluateImpl (https://ocios.app/assets/index-CBMVRKCK.js:10:143136)
    at sE.evaluateWithDepth (https://ocios.app/assets/index-CBMVRKCK.js:10:140846)
    at sE.evaluate (https://ocios.app/assets/index-CBMVRKCK.js:10:140729)
    at AP.readLoop (https://ocios.app/assets/index-CBMVRKCK.js:10:158799)
[2026-09-02T07:01:02.851Z] [debug] A matter read failed: Error: Durable Object reset because its code was updated.
    at sE.evaluateImpl (https://ocios.app/assets/index-CBMVRKCK.js:10:143136)
    at sE.evaluateWithDepth (https://ocios.app/assets/index-CBMVRKCK.js:10:140846)
    at sE.evaluate (https://ocios.app/assets/index-CBMVRKCK.js:10:140729)
    at AP.readLoop (https://ocios.app/assets/index-CBMVRKCK.js:10:158799)
[2026-09-02T07:01:07.743Z] [debug] A matter read failed: Error: Durable Object reset because its code was updated.
    at sE.evaluateImpl (https://ocios.app/assets/index-CBMVRKCK.js:10:143136)
    at sE.evaluateWithDepth (https://ocios.app/assets/index-CBMVRKCK.js:10:140846)
    at sE.evaluate (https://ocios.app/assets/index-CBMVRKCK.js:10:140729)
    at AP.readLoop (https://ocios.app/assets/index-CBMVRKCK.js:10:158799)
[2026-09-02T07:01:07.789Z] [debug] A matter read failed: Error: Durable Object reset because its code was updated.
    at sE.evaluateImpl (https://ocios.app/assets/index-CBMVRKCK.js:10:143136)
    at sE.evaluateWithDepth (https://ocios.app/assets/index-CBMVRKCK.js:10:140846)
    at sE.evaluate (https://ocios.app/assets/index-CBMVRKCK.js:10:140729)
    at AP.readLoop (https://ocios.app/assets/index-CBMVRKCK.js:10:158799)
[2026-09-02T07:01:12.814Z] [debug] A matter read failed: Error: Durable Object reset because its code was updated.
    at sE.evaluateImpl (https://ocios.app/assets/index-CBMVRKCK.js:10:143136)
    at sE.evaluateWithDepth (https://ocios.app/assets/index-CBMVRKCK.js:10:140846)
    at sE.evaluate (https://ocios.app/assets/index-CBMVRKCK.js:10:140729)
    at AP.readLoop (https://ocios.app/assets/index-CBMVRKCK.js:10:158799)
[2026-09-02T07:01:12.827Z] [debug] A matter read failed: Error: Durable Object reset because its code was updated.
    at sE.evaluateImpl (https://ocios.app/assets/index-CBMVRKCK.js:10:143136)
    at sE.evaluateWithDepth (https://ocios.app/assets/index-CBMVRKCK.js:10:140846)
    at sE.evaluate (https://ocios.app/assets/index-CBMVRKCK.js:10:140729)
    at AP.readLoop (https://ocios.app/assets/index-CBMVRKCK.js:10:158799)
[2026-09-02T07:01:17.746Z] [debug] A matter read failed: Error: Durable Object reset because its code was updated.
    at sE.evaluateImpl (https://ocios.app/assets/index-CBMVRKCK.js:10:143136)
    at sE.evaluateWithDepth (https://ocios.app/assets/index-CBMVRKCK.js:10:140846)
    at sE.evaluate (https://ocios.app/assets/index-CBMVRKCK.js:10:140729)
    at AP.readLoop (https://ocios.app/assets/index-CBMVRKCK.js:10:158799)
[2026-09-02T07:01:17.844Z] [debug] A matter read failed: Error: Durable Object reset because its code was updated.
    at sE.evaluateImpl (https://ocios.app/assets/index-CBMVRKCK.js:10:143136)
    at sE.evaluateWithDepth (https://ocios.app/assets/index-CBMVRKCK.js:10:140846)
    at sE.evaluate (https://ocios.app/assets/index-CBMVRKCK.js:10:140729)
    at AP.readLoop (https://ocios.app/assets/index-CBMVRKCK.js:10:158799)
[2026-09-02T07:01:20.808Z] [debug] A matter read failed: Error: Durable Object reset because its code was updated.
    at sE.evaluateImpl (https://ocios.app/assets/index-CBMVRKCK.js:10:143136)
    at sE.evaluateWithDepth (https://ocios.app/assets/index-CBMVRKCK.js:10:140846)
    at sE.evaluate (https://ocios.app/assets/index-CBMVRKCK.js:10:140729)
    at AP.readLoop (https://ocios.app/assets/index-CBMVRKCK.js:10:158799)
[2026-09-02T07:01:22.789Z] [debug] A matter read failed: Error: Durable Object reset because its code was updated.
    at sE.evaluateImpl (https://ocios.app/assets/index-CBMVRKCK.js:10:143136)
    at sE.evaluateWithDepth (https://ocios.app/assets/index-CBMVRKCK.js:10:140846)
    at sE.evaluate (https://ocios.app/assets/index-CBMVRKCK.js:10:140729)
    at AP.readLoop (https://ocios.app/assets/index-CBMVRKCK.js:10:158799)
[2026-09-02T07:01:22.793Z] [debug] A matter read failed: Error: Durable Object reset because its code was updated.
    at sE.evaluateImpl (https://ocios.app/assets/index-CBMVRKCK.js:10:143136)
    at sE.evaluateWithDepth (https://ocios.app/assets/index-CBMVRKCK.js:10:140846)
    at sE.evaluate (https://ocios.app/assets/index-CBMVRKCK.js:10:140729)
    at AP.readLoop (https://ocios.app/assets/index-CBMVRKCK.js:10:158799)
[2026-09-02T07:01:27.743Z] [debug] A matter read failed: Error: Durable Object reset because its code was updated.
    at sE.evaluateImpl (https://ocios.app/assets/index-CBMVRKCK.js:10:143136)
    at sE.evaluateWithDepth (https://ocios.app/assets/index-CBMVRKCK.js:10:140846)
    at sE.evaluate (https://ocios.app/assets/index-CBMVRKCK.js:10:140729)
    at AP.readLoop (https://ocios.app/assets/index-CBMVRKCK.js:10:158799)
[2026-09-02T07:01:27.789Z] [debug] A matter read failed: Error: Durable Object reset because its code was updated.
    at sE.evaluateImpl (https://ocios.app/assets/index-CBMVRKCK.js:10:143136)
    at sE.evaluateWithDepth (https://ocios.app/assets/index-CBMVRKCK.js:10:140846)
    at sE.evaluate (https://ocios.app/assets/index-CBMVRKCK.js:10:140729)
    at AP.readLoop (https://ocios.app/assets/index-CBMVRKCK.js:10:158799)
[2026-09-02T07:01:32.751Z] [debug] A matter read failed: Error: Durable Object reset because its code was updated.
    at sE.evaluateImpl (https://ocios.app/assets/index-CBMVRKCK.js:10:143136)
    at sE.evaluateWithDepth (https://ocios.app/assets/index-CBMVRKCK.js:10:140846)
    at sE.evaluate (https://ocios.app/assets/index-CBMVRKCK.js:10:140729)
    at AP.readLoop (https://ocios.app/assets/index-CBMVRKCK.js:10:158799)
[2026-09-02T07:01:32.789Z] [debug] A matter read failed: Error: Durable Object reset because its code was updated.
    at sE.evaluateImpl (https://ocios.app/assets/index-CBMVRKCK.js:10:143136)
    at sE.evaluateWithDepth (https://ocios.app/assets/index-CBMVRKCK.js:10:140846)
    at sE.evaluate (https://ocios.app/assets/index-CBMVRKCK.js:10:140729)
    at AP.readLoop (https://ocios.app/assets/index-CBMVRKCK.js:10:158799)
[2026-09-02T07:08:45.854Z] [debug] A matter read failed: Error: Durable Object reset because its code was updated.
    at sE.evaluateImpl (https://ocios.app/assets/index-BXKxnkrd.js:10:143136)
    at sE.evaluateWithDepth (https://ocios.app/assets/index-BXKxnkrd.js:10:140846)
    at sE.evaluate (https://ocios.app/assets/index-BXKxnkrd.js:10:140729)
    at AP.readLoop (https://ocios.app/assets/index-BXKxnkrd.js:10:158799)
[2026-09-02T07:08:50.785Z] [debug] A matter read failed: Error: Durable Object reset because its code was updated.
    at sE.evaluateImpl (https://ocios.app/assets/index-BXKxnkrd.js:10:143136)
    at sE.evaluateWithDepth (https://ocios.app/assets/index-BXKxnkrd.js:10:140846)
    at sE.evaluate (https://ocios.app/assets/index-BXKxnkrd.js:10:140729)
    at AP.readLoop (https://ocios.app/assets/index-BXKxnkrd.js:10:158799)
[2026-09-02T07:08:50.815Z] [debug] A matter read failed: Error: Durable Object reset because its code was updated.
    at sE.evaluateImpl (https://ocios.app/assets/index-BXKxnkrd.js:10:143136)
    at sE.evaluateWithDepth (https://ocios.app/assets/index-BXKxnkrd.js:10:140846)
    at sE.evaluate (https://ocios.app/assets/index-BXKxnkrd.js:10:140729)
    at AP.readLoop (https://ocios.app/assets/index-BXKxnkrd.js:10:158799)
[2026-09-02T07:08:55.785Z] [debug] A matter read failed: Error: Durable Object reset because its code was updated.
    at sE.evaluateImpl (https://ocios.app/assets/index-BXKxnkrd.js:10:143136)
    at sE.evaluateWithDepth (https://ocios.app/assets/index-BXKxnkrd.js:10:140846)
    at sE.evaluate (https://ocios.app/assets/index-BXKxnkrd.js:10:140729)
    at AP.readLoop (https://ocios.app/assets/index-BXKxnkrd.js:10:158799)
[2026-09-02T07:09:00.793Z] [debug] A matter read failed: Error: Durable Object reset because its code was updated.
    at sE.evaluateImpl (https://ocios.app/assets/index-BXKxnkrd.js:10:143136)
    at sE.evaluateWithDepth (https://ocios.app/assets/index-BXKxnkrd.js:10:140846)
    at sE.evaluate (https://ocios.app/assets/index-BXKxnkrd.js:10:140729)
    at AP.readLoop (https://ocios.app/assets/index-BXKxnkrd.js:10:158799)
[2026-09-02T07:09:05.782Z] [debug] A matter read failed: Error: Durable Object reset because its code was updated.
    at sE.evaluateImpl (https://ocios.app/assets/index-BXKxnkrd.js:10:143136)
    at sE.evaluateWithDepth (https://ocios.app/assets/index-BXKxnkrd.js:10:140846)
    at sE.evaluate (https://ocios.app/assets/index-BXKxnkrd.js:10:140729)
    at AP.readLoop (https://ocios.app/assets/index-BXKxnkrd.js:10:158799)
[2026-09-02T07:09:05.818Z] [debug] A matter read failed: Error: Durable Object reset because its code was updated.
    at sE.evaluateImpl (https://ocios.app/assets/index-BXKxnkrd.js:10:143136)
    at sE.evaluateWithDepth (https://ocios.app/assets/index-BXKxnkrd.js:10:140846)
    at sE.evaluate (https://ocios.app/assets/index-BXKxnkrd.js:10:140729)
    at AP.readLoop (https://ocios.app/assets/index-BXKxnkrd.js:10:158799)
[2026-09-02T07:09:10.786Z] [debug] A matter read failed: Error: Durable Object reset because its code was updated.
    at sE.evaluateImpl (https://ocios.app/assets/index-BXKxnkrd.js:10:143136)
    at sE.evaluateWithDepth (https://ocios.app/assets/index-BXKxnkrd.js:10:140846)
    at sE.evaluate (https://ocios.app/assets/index-BXKxnkrd.js:10:140729)
    at AP.readLoop (https://ocios.app/assets/index-BXKxnkrd.js:10:158799)
[2026-09-02T07:09:15.782Z] [debug] A matter read failed: Error: Durable Object reset because its code was updated.
    at sE.evaluateImpl (https://ocios.app/assets/index-BXKxnkrd.js:10:143136)
    at sE.evaluateWithDepth (https://ocios.app/assets/index-BXKxnkrd.js:10:140846)
    at sE.evaluate (https://ocios.app/assets/index-BXKxnkrd.js:10:140729)
    at AP.readLoop (https://ocios.app/assets/index-BXKxnkrd.js:10:158799)
[2026-09-02T07:09:20.786Z] [debug] A matter read failed: Error: Durable Object reset because its code was updated.
    at sE.evaluateImpl (https://ocios.app/assets/index-BXKxnkrd.js:10:143136)
    at sE.evaluateWithDepth (https://ocios.app/assets/index-BXKxnkrd.js:10:140846)
    at sE.evaluate (https://ocios.app/assets/index-BXKxnkrd.js:10:140729)
    at AP.readLoop (https://ocios.app/assets/index-BXKxnkrd.js:10:158799)
[2026-09-02T07:09:20.820Z] [debug] A matter read failed: Error: Durable Object reset because its code was updated.
    at sE.evaluateImpl (https://ocios.app/assets/index-BXKxnkrd.js:10:143136)
    at sE.evaluateWithDepth (https://ocios.app/assets/index-BXKxnkrd.js:10:140846)
    at sE.evaluate (https://ocios.app/assets/index-BXKxnkrd.js:10:140729)
    at AP.readLoop (https://ocios.app/assets/index-BXKxnkrd.js:10:158799)
[2026-09-02T07:09:25.785Z] [debug] A matter read failed: Error: Durable Object reset because its code was updated.
    at sE.evaluateImpl (https://ocios.app/assets/index-BXKxnkrd.js:10:143136)
    at sE.evaluateWithDepth (https://ocios.app/assets/index-BXKxnkrd.js:10:140846)
    at sE.evaluate (https://ocios.app/assets/index-BXKxnkrd.js:10:140729)
    at AP.readLoop (https://ocios.app/assets/index-BXKxnkrd.js:10:158799)
[2026-09-02T07:09:30.788Z] [debug] A matter read failed: Error: Durable Object reset because its code was updated.
    at sE.evaluateImpl (https://ocios.app/assets/index-BXKxnkrd.js:10:143136)
    at sE.evaluateWithDepth (https://ocios.app/assets/index-BXKxnkrd.js:10:140846)
    at sE.evaluate (https://ocios.app/assets/index-BXKxnkrd.js:10:140729)
    at AP.readLoop (https://ocios.app/assets/index-BXKxnkrd.js:10:158799)
[2026-09-02T07:09:35.784Z] [debug] A matter read failed: Error: Durable Object reset because its code was updated.
    at sE.evaluateImpl (https://ocios.app/assets/index-BXKxnkrd.js:10:143136)
    at sE.evaluateWithDepth (https://ocios.app/assets/index-BXKxnkrd.js:10:140846)
    at sE.evaluate (https://ocios.app/assets/index-BXKxnkrd.js:10:140729)
    at AP.readLoop (https://ocios.app/assets/index-BXKxnkrd.js:10:158799)
[2026-09-02T07:09:35.816Z] [debug] A matter read failed: Error: Durable Object reset because its code was updated.
    at sE.evaluateImpl (https://ocios.app/assets/index-BXKxnkrd.js:10:143136)
    at sE.evaluateWithDepth (https://ocios.app/assets/index-BXKxnkrd.js:10:140846)
    at sE.evaluate (https://ocios.app/assets/index-BXKxnkrd.js:10:140729)
    at AP.readLoop (https://ocios.app/assets/index-BXKxnkrd.js:10:158799)
[2026-09-02T07:09:40.856Z] [debug] A matter read failed: Error: Durable Object reset because its code was updated.
    at sE.evaluateImpl (https://ocios.app/assets/index-BXKxnkrd.js:10:143136)
    at sE.evaluateWithDepth (https://ocios.app/assets/index-BXKxnkrd.js:10:140846)
    at sE.evaluate (https://ocios.app/assets/index-BXKxnkrd.js:10:140729)
    at AP.readLoop (https://ocios.app/assets/index-BXKxnkrd.js:10:158799)
[2026-09-02T07:09:45.786Z] [debug] A matter read failed: Error: Durable Object reset because its code was updated.
    at sE.evaluateImpl (https://ocios.app/assets/index-BXKxnkrd.js:10:143136)
    at sE.evaluateWithDepth (https://ocios.app/assets/index-BXKxnkrd.js:10:140846)
    at sE.evaluate (https://ocios.app/assets/index-BXKxnkrd.js:10:140729)
    at AP.readLoop (https://ocios.app/assets/index-BXKxnkrd.js:10:158799)
[2026-09-02T07:09:50.835Z] [debug] A matter read failed: Error: Durable Object reset because its code was updated.
    at sE.evaluateImpl (https://ocios.app/assets/index-BXKxnkrd.js:10:143136)
    at sE.evaluateWithDepth (https://ocios.app/assets/index-BXKxnkrd.js:10:140846)
    at sE.evaluate (https://ocios.app/assets/index-BXKxnkrd.js:10:140729)
    at AP.readLoop (https://ocios.app/assets/index-BXKxnkrd.js:10:158799)
[2026-09-02T07:09:50.835Z] [debug] A matter read failed: Error: Durable Object reset because its code was updated.
    at sE.evaluateImpl (https://ocios.app/assets/index-BXKxnkrd.js:10:143136)
    at sE.evaluateWithDepth (https://ocios.app/assets/index-BXKxnkrd.js:10:140846)
    at sE.evaluate (https://ocios.app/assets/index-BXKxnkrd.js:10:140729)
    at AP.readLoop (https://ocios.app/assets/index-BXKxnkrd.js:10:158799)
[2026-09-02T07:09:55.781Z] [debug] A matter read failed: Error: Durable Object reset because its code was updated.
    at sE.evaluateImpl (https://ocios.app/assets/index-BXKxnkrd.js:10:143136)
    at sE.evaluateWithDepth (https://ocios.app/assets/index-BXKxnkrd.js:10:140846)
    at sE.evaluate (https://ocios.app/assets/index-BXKxnkrd.js:10:140729)
    at AP.readLoop (https://ocios.app/assets/index-BXKxnkrd.js:10:158799)
[2026-09-02T07:10:00.814Z] [debug] A matter read failed: Error: Durable Object reset because its code was updated.
    at sE.evaluateImpl (https://ocios.app/assets/index-BXKxnkrd.js:10:143136)
    at sE.evaluateWithDepth (https://ocios.app/assets/index-BXKxnkrd.js:10:140846)
    at sE.evaluate (https://ocios.app/assets/index-BXKxnkrd.js:10:140729)
    at AP.readLoop (https://ocios.app/assets/index-BXKxnkrd.js:10:158799)
[2026-09-02T07:10:05.782Z] [debug] A matter read failed: Error: Durable Object reset because its code was updated.
    at sE.evaluateImpl (https://ocios.app/assets/index-BXKxnkrd.js:10:143136)
    at sE.evaluateWithDepth (https://ocios.app/assets/index-BXKxnkrd.js:10:140846)
    at sE.evaluate (https://ocios.app/assets/index-BXKxnkrd.js:10:140729)
    at AP.readLoop (https://ocios.app/assets/index-BXKxnkrd.js:10:158799)
[2026-09-02T07:10:05.815Z] [debug] A matter read failed: Error: Durable Object reset because its code was updated.
    at sE.evaluateImpl (https://ocios.app/assets/index-BXKxnkrd.js:10:143136)
    at sE.evaluateWithDepth (https://ocios.app/assets/index-BXKxnkrd.js:10:140846)
    at sE.evaluate (https://ocios.app/assets/index-BXKxnkrd.js:10:140729)
    at AP.readLoop (https://ocios.app/assets/index-BXKxnkrd.js:10:158799)
[2026-09-02T07:10:10.782Z] [debug] A matter read failed: Error: Durable Object reset because its code was updated.
    at sE.evaluateImpl (https://ocios.app/assets/index-BXKxnkrd.js:10:143136)
    at sE.evaluateWithDepth (https://ocios.app/assets/index-BXKxnkrd.js:10:140846)
    at sE.evaluate (https://ocios.app/assets/index-BXKxnkrd.js:10:140729)
    at AP.readLoop (https://ocios.app/assets/index-BXKxnkrd.js:10:158799)
[2026-09-02T07:10:15.780Z] [debug] A matter read failed: Error: Durable Object reset because its code was updated.
    at sE.evaluateImpl (https://ocios.app/assets/index-BXKxnkrd.js:10:143136)
    at sE.evaluateWithDepth (https://ocios.app/assets/index-BXKxnkrd.js:10:140846)
    at sE.evaluate (https://ocios.app/assets/index-BXKxnkrd.js:10:140729)
    at AP.readLoop (https://ocios.app/assets/index-BXKxnkrd.js:10:158799)
[2026-09-02T07:10:20.788Z] [debug] A matter read failed: Error: Durable Object reset because its code was updated.
    at sE.evaluateImpl (https://ocios.app/assets/index-BXKxnkrd.js:10:143136)
    at sE.evaluateWithDepth (https://ocios.app/assets/index-BXKxnkrd.js:10:140846)
    at sE.evaluate (https://ocios.app/assets/index-BXKxnkrd.js:10:140729)
    at AP.readLoop (https://ocios.app/assets/index-BXKxnkrd.js:10:158799)
[2026-09-02T07:10:20.817Z] [debug] A matter read failed: Error: Durable Object reset because its code was updated.
    at sE.evaluateImpl (https://ocios.app/assets/index-BXKxnkrd.js:10:143136)
    at sE.evaluateWithDepth (https://ocios.app/assets/index-BXKxnkrd.js:10:140846)
    at sE.evaluate (https://ocios.app/assets/index-BXKxnkrd.js:10:140729)
    at AP.readLoop (https://ocios.app/assets/index-BXKxnkrd.js:10:158799)
[2026-09-02T07:10:25.785Z] [debug] A matter read failed: Error: Durable Object reset because its code was updated.
    at sE.evaluateImpl (https://ocios.app/assets/index-BXKxnkrd.js:10:143136)
    at sE.evaluateWithDepth (https://ocios.app/assets/index-BXKxnkrd.js:10:140846)
    at sE.evaluate (https://ocios.app/assets/index-BXKxnkrd.js:10:140729)
    at AP.readLoop (https://ocios.app/assets/index-BXKxnkrd.js:10:158799)
[2026-09-02T07:10:30.793Z] [debug] A matter read failed: Error: Durable Object reset because its code was updated.
    at sE.evaluateImpl (https://ocios.app/assets/index-BXKxnkrd.js:10:143136)
    at sE.evaluateWithDepth (https://ocios.app/assets/index-BXKxnkrd.js:10:140846)
    at sE.evaluate (https://ocios.app/assets/index-BXKxnkrd.js:10:140729)
    at AP.readLoop (https://ocios.app/assets/index-BXKxnkrd.js:10:158799)
[2026-09-02T07:10:35.782Z] [debug] A matter read failed: Error: Durable Object reset because its code was updated.
    at sE.evaluateImpl (https://ocios.app/assets/index-BXKxnkrd.js:10:143136)
    at sE.evaluateWithDepth (https://ocios.app/assets/index-BXKxnkrd.js:10:140846)
    at sE.evaluate (https://ocios.app/assets/index-BXKxnkrd.js:10:140729)
    at AP.readLoop (https://ocios.app/assets/index-BXKxnkrd.js:10:158799)
[2026-09-02T07:10:35.817Z] [debug] A matter read failed: Error: Durable Object reset because its code was updated.
    at sE.evaluateImpl (https://ocios.app/assets/index-BXKxnkrd.js:10:143136)
    at sE.evaluateWithDepth (https://ocios.app/assets/index-BXKxnkrd.js:10:140846)
    at sE.evaluate (https://ocios.app/assets/index-BXKxnkrd.js:10:140729)
    at AP.readLoop (https://ocios.app/assets/index-BXKxnkrd.js:10:158799)
[2026-09-02T07:10:40.782Z] [debug] A matter read failed: Error: Durable Object reset because its code was updated.
    at sE.evaluateImpl (https://ocios.app/assets/index-BXKxnkrd.js:10:143136)
    at sE.evaluateWithDepth (https://ocios.app/assets/index-BXKxnkrd.js:10:140846)
    at sE.evaluate (https://ocios.app/assets/index-BXKxnkrd.js:10:140729)
    at AP.readLoop (https://ocios.app/assets/index-BXKxnkrd.js:10:158799)
[2026-09-02T07:10:45.789Z] [debug] A matter read failed: Error: Durable Object reset because its code was updated.
    at sE.evaluateImpl (https://ocios.app/assets/index-BXKxnkrd.js:10:143136)
    at sE.evaluateWithDepth (https://ocios.app/assets/index-BXKxnkrd.js:10:140846)
    at sE.evaluate (https://ocios.app/assets/index-BXKxnkrd.js:10:140729)
    at AP.readLoop (https://ocios.app/assets/index-BXKxnkrd.js:10:158799)
[2026-09-02T07:10:50.785Z] [debug] A matter read failed: Error: Durable Object reset because its code was updated.
    at sE.evaluateImpl (https://ocios.app/assets/index-BXKxnkrd.js:10:143136)
    at sE.evaluateWithDepth (https://ocios.app/assets/index-BXKxnkrd.js:10:140846)
    at sE.evaluate (https://ocios.app/assets/index-BXKxnkrd.js:10:140729)
    at AP.readLoop (https://ocios.app/assets/index-BXKxnkrd.js:10:158799)
[2026-09-02T07:10:50.819Z] [debug] A matter read failed: Error: Durable Object reset because its code was updated.
    at sE.evaluateImpl (https://ocios.app/assets/index-BXKxnkrd.js:10:143136)
    at sE.evaluateWithDepth (https://ocios.app/assets/index-BXKxnkrd.js:10:140846)
    at sE.evaluate (https://ocios.app/assets/index-BXKxnkrd.js:10:140729)
    at AP.readLoop (https://ocios.app/assets/index-BXKxnkrd.js:10:158799)
[2026-09-02T07:10:55.851Z] [debug] A matter read failed: Error: Durable Object reset because its code was updated.
    at sE.evaluateImpl (https://ocios.app/assets/index-BXKxnkrd.js:10:143136)
    at sE.evaluateWithDepth (https://ocios.app/assets/index-BXKxnkrd.js:10:140846)
    at sE.evaluate (https://ocios.app/assets/index-BXKxnkrd.js:10:140729)
    at AP.readLoop (https://ocios.app/assets/index-BXKxnkrd.js:10:158799)
[2026-09-02T07:11:00.786Z] [debug] A matter read failed: Error: Durable Object reset because its code was updated.
    at sE.evaluateImpl (https://ocios.app/assets/index-BXKxnkrd.js:10:143136)
    at sE.evaluateWithDepth (https://ocios.app/assets/index-BXKxnkrd.js:10:140846)
    at sE.evaluate (https://ocios.app/assets/index-BXKxnkrd.js:10:140729)
    at AP.readLoop (https://ocios.app/assets/index-BXKxnkrd.js:10:158799)
[2026-09-02T07:11:05.811Z] [debug] A matter read failed: Error: Durable Object reset because its code was updated.
    at sE.evaluateImpl (https://ocios.app/assets/index-BXKxnkrd.js:10:143136)
    at sE.evaluateWithDepth (https://ocios.app/assets/index-BXKxnkrd.js:10:140846)
    at sE.evaluate (https://ocios.app/assets/index-BXKxnkrd.js:10:140729)
    at AP.readLoop (https://ocios.app/assets/index-BXKxnkrd.js:10:158799)
[2026-09-02T07:11:05.816Z] [debug] A matter read failed: Error: Durable Object reset because its code was updated.
    at sE.evaluateImpl (https://ocios.app/assets/index-BXKxnkrd.js:10:143136)
    at sE.evaluateWithDepth (https://ocios.app/assets/index-BXKxnkrd.js:10:140846)
    at sE.evaluate (https://ocios.app/assets/index-BXKxnkrd.js:10:140729)
    at AP.readLoop (https://ocios.app/assets/index-BXKxnkrd.js:10:158799)
[2026-09-02T07:11:10.786Z] [debug] A matter read failed: Error: Durable Object reset because its code was updated.
    at sE.evaluateImpl (https://ocios.app/assets/index-BXKxnkrd.js:10:143136)
    at sE.evaluateWithDepth (https://ocios.app/assets/index-BXKxnkrd.js:10:140846)
    at sE.evaluate (https://ocios.app/assets/index-BXKxnkrd.js:10:140729)
    at AP.readLoop (https://ocios.app/assets/index-BXKxnkrd.js:10:158799)
[2026-09-02T07:11:15.785Z] [debug] A matter read failed: Error: Durable Object reset because its code was updated.
    at sE.evaluateImpl (https://ocios.app/assets/index-BXKxnkrd.js:10:143136)
    at sE.evaluateWithDepth (https://ocios.app/assets/index-BXKxnkrd.js:10:140846)
    at sE.evaluate (https://ocios.app/assets/index-BXKxnkrd.js:10:140729)
    at AP.readLoop (https://ocios.app/assets/index-BXKxnkrd.js:10:158799)
[2026-09-02T07:11:20.786Z] [debug] A matter read failed: Error: Durable Object reset because its code was updated.
    at sE.evaluateImpl (https://ocios.app/assets/index-BXKxnkrd.js:10:143136)
    at sE.evaluateWithDepth (https://ocios.app/assets/index-BXKxnkrd.js:10:140846)
    at sE.evaluate (https://ocios.app/assets/index-BXKxnkrd.js:10:140729)
    at AP.readLoop (https://ocios.app/assets/index-BXKxnkrd.js:10:158799)
[2026-09-02T07:11:20.817Z] [debug] A matter read failed: Error: Durable Object reset because its code was updated.
    at sE.evaluateImpl (https://ocios.app/assets/index-BXKxnkrd.js:10:143136)
    at sE.evaluateWithDepth (https://ocios.app/assets/index-BXKxnkrd.js:10:140846)
    at sE.evaluate (https://ocios.app/assets/index-BXKxnkrd.js:10:140729)
    at AP.readLoop (https://ocios.app/assets/index-BXKxnkrd.js:10:158799)
[2026-09-02T07:11:25.787Z] [debug] A matter read failed: Error: Durable Object reset because its code was updated.
    at sE.evaluateImpl (https://ocios.app/assets/index-BXKxnkrd.js:10:143136)
    at sE.evaluateWithDepth (https://ocios.app/assets/index-BXKxnkrd.js:10:140846)
    at sE.evaluate (https://ocios.app/assets/index-BXKxnkrd.js:10:140729)
    at AP.readLoop (https://ocios.app/assets/index-BXKxnkrd.js:10:158799)
[2026-09-02T07:11:30.788Z] [debug] A matter read failed: Error: Durable Object reset because its code was updated.
    at sE.evaluateImpl (https://ocios.app/assets/index-BXKxnkrd.js:10:143136)
    at sE.evaluateWithDepth (https://ocios.app/assets/index-BXKxnkrd.js:10:140846)
    at sE.evaluate (https://ocios.app/assets/index-BXKxnkrd.js:10:140729)
    at AP.readLoop (https://ocios.app/assets/index-BXKxnkrd.js:10:158799)
[2026-09-02T07:11:35.782Z] [debug] A matter read failed: Error: Durable Object reset because its code was updated.
    at sE.evaluateImpl (https://ocios.app/assets/index-BXKxnkrd.js:10:143136)
    at sE.evaluateWithDepth (https://ocios.app/assets/index-BXKxnkrd.js:10:140846)
    at sE.evaluate (https://ocios.app/assets/index-BXKxnkrd.js:10:140729)
    at AP.readLoop (https://ocios.app/assets/index-BXKxnkrd.js:10:158799)
[2026-09-02T07:11:35.818Z] [debug] A matter read failed: Error: Durable Object reset because its code was updated.
    at sE.evaluateImpl (https://ocios.app/assets/index-BXKxnkrd.js:10:143136)
    at sE.evaluateWithDepth (https://ocios.app/assets/index-BXKxnkrd.js:10:140846)
    at sE.evaluate (https://ocios.app/assets/index-BXKxnkrd.js:10:140729)
    at AP.readLoop (https://ocios.app/assets/index-BXKxnkrd.js:10:158799)
[2026-09-02T07:11:40.783Z] [debug] A matter read failed: Error: Durable Object reset because its code was updated.
    at sE.evaluateImpl (https://ocios.app/assets/index-BXKxnkrd.js:10:143136)
    at sE.evaluateWithDepth (https://ocios.app/assets/index-BXKxnkrd.js:10:140846)
    at sE.evaluate (https://ocios.app/assets/index-BXKxnkrd.js:10:140729)
    at AP.readLoop (https://ocios.app/assets/index-BXKxnkrd.js:10:158799)
[2026-09-02T07:11:45.792Z] [debug] A matter read failed: Error: Durable Object reset because its code was updated.
    at sE.evaluateImpl (https://ocios.app/assets/index-BXKxnkrd.js:10:143136)
    at sE.evaluateWithDepth (https://ocios.app/assets/index-BXKxnkrd.js:10:140846)
    at sE.evaluate (https://ocios.app/assets/index-BXKxnkrd.js:10:140729)
    at AP.readLoop (https://ocios.app/assets/index-BXKxnkrd.js:10:158799)
[2026-09-02T07:11:50.786Z] [debug] A matter read failed: Error: Durable Object reset because its code was updated.
    at sE.evaluateImpl (https://ocios.app/assets/index-BXKxnkrd.js:10:143136)
    at sE.evaluateWithDepth (https://ocios.app/assets/index-BXKxnkrd.js:10:140846)
    at sE.evaluate (https://ocios.app/assets/index-BXKxnkrd.js:10:140729)
    at AP.readLoop (https://ocios.app/assets/index-BXKxnkrd.js:10:158799)
[2026-09-02T07:11:50.881Z] [debug] A matter read failed: Error: Durable Object reset because its code was updated.
    at sE.evaluateImpl (https://ocios.app/assets/index-BXKxnkrd.js:10:143136)
    at sE.evaluateWithDepth (https://ocios.app/assets/index-BXKxnkrd.js:10:140846)
    at sE.evaluate (https://ocios.app/assets/index-BXKxnkrd.js:10:140729)
    at AP.readLoop (https://ocios.app/assets/index-BXKxnkrd.js:10:158799)
[2026-09-02T07:11:55.783Z] [debug] A matter read failed: Error: Durable Object reset because its code was updated.
    at sE.evaluateImpl (https://ocios.app/assets/index-BXKxnkrd.js:10:143136)
    at sE.evaluateWithDepth (https://ocios.app/assets/index-BXKxnkrd.js:10:140846)
    at sE.evaluate (https://ocios.app/assets/index-BXKxnkrd.js:10:140729)
    at AP.readLoop (https://ocios.app/assets/index-BXKxnkrd.js:10:158799)
[2026-09-02T07:12:00.845Z] [debug] A matter read failed: Error: Durable Object reset because its code was updated.
    at sE.evaluateImpl (https://ocios.app/assets/index-BXKxnkrd.js:10:143136)
    at sE.evaluateWithDepth (https://ocios.app/assets/index-BXKxnkrd.js:10:140846)
    at sE.evaluate (https://ocios.app/assets/index-BXKxnkrd.js:10:140729)
    at AP.readLoop (https://ocios.app/assets/index-BXKxnkrd.js:10:158799)
[2026-09-02T07:12:05.783Z] [debug] A matter read failed: Error: Durable Object reset because its code was updated.
    at sE.evaluateImpl (https://ocios.app/assets/index-BXKxnkrd.js:10:143136)
    at sE.evaluateWithDepth (https://ocios.app/assets/index-BXKxnkrd.js:10:140846)
    at sE.evaluate (https://ocios.app/assets/index-BXKxnkrd.js:10:140729)
    at AP.readLoop (https://ocios.app/assets/index-BXKxnkrd.js:10:158799)
[2026-09-02T07:12:05.818Z] [debug] A matter read failed: Error: Durable Object reset because its code was updated.
    at sE.evaluateImpl (https://ocios.app/assets/index-BXKxnkrd.js:10:143136)
    at sE.evaluateWithDepth (https://ocios.app/assets/index-BXKxnkrd.js:10:140846)
    at sE.evaluate (https://ocios.app/assets/index-BXKxnkrd.js:10:140729)
    at AP.readLoop (https://ocios.app/assets/index-BXKxnkrd.js:10:158799)
[2026-09-02T07:12:10.870Z] [debug] A matter read failed: Error: Durable Object reset because its code was updated.
    at sE.evaluateImpl (https://ocios.app/assets/index-BXKxnkrd.js:10:143136)
    at sE.evaluateWithDepth (https://ocios.app/assets/index-BXKxnkrd.js:10:140846)
    at sE.evaluate (https://ocios.app/assets/index-BXKxnkrd.js:10:140729)
    at AP.readLoop (https://ocios.app/assets/index-BXKxnkrd.js:10:158799)
[2026-09-02T07:12:15.806Z] [debug] A matter read failed: Error: Durable Object reset because its code was updated.
    at sE.evaluateImpl (https://ocios.app/assets/index-BXKxnkrd.js:10:143136)
    at sE.evaluateWithDepth (https://ocios.app/assets/index-BXKxnkrd.js:10:140846)
    at sE.evaluate (https://ocios.app/assets/index-BXKxnkrd.js:10:140729)
    at AP.readLoop (https://ocios.app/assets/index-BXKxnkrd.js:10:158799)
[2026-09-02T07:12:20.789Z] [debug] A matter read failed: Error: Durable Object reset because its code was updated.
    at sE.evaluateImpl (https://ocios.app/assets/index-BXKxnkrd.js:10:143136)
    at sE.evaluateWithDepth (https://ocios.app/assets/index-BXKxnkrd.js:10:140846)
    at sE.evaluate (https://ocios.app/assets/index-BXKxnkrd.js:10:140729)
    at AP.readLoop (https://ocios.app/assets/index-BXKxnkrd.js:10:158799)
[2026-09-02T07:12:20.817Z] [debug] A matter read failed: Error: Durable Object reset because its code was updated.
    at sE.evaluateImpl (https://ocios.app/assets/index-BXKxnkrd.js:10:143136)
    at sE.evaluateWithDepth (https://ocios.app/assets/index-BXKxnkrd.js:10:140846)
    at sE.evaluate (https://ocios.app/assets/index-BXKxnkrd.js:10:140729)
    at AP.readLoop (https://ocios.app/assets/index-BXKxnkrd.js:10:158799)
[2026-09-02T07:12:25.788Z] [debug] A matter read failed: Error: Durable Object reset because its code was updated.
    at sE.evaluateImpl (https://ocios.app/assets/index-BXKxnkrd.js:10:143136)
    at sE.evaluateWithDepth (https://ocios.app/assets/index-BXKxnkrd.js:10:140846)
    at sE.evaluate (https://ocios.app/assets/index-BXKxnkrd.js:10:140729)
    at AP.readLoop (https://ocios.app/assets/index-BXKxnkrd.js:10:158799)
[2026-09-02T07:12:30.794Z] [debug] A matter read failed: Error: Durable Object reset because its code was updated.
    at sE.evaluateImpl (https://ocios.app/assets/index-BXKxnkrd.js:10:143136)
    at sE.evaluateWithDepth (https://ocios.app/assets/index-BXKxnkrd.js:10:140846)
    at sE.evaluate (https://ocios.app/assets/index-BXKxnkrd.js:10:140729)
    at AP.readLoop (https://ocios.app/assets/index-BXKxnkrd.js:10:158799)
[2026-09-02T07:12:35.790Z] [debug] A matter read failed: Error: Durable Object reset because its code was updated.
    at sE.evaluateImpl (https://ocios.app/assets/index-BXKxnkrd.js:10:143136)
    at sE.evaluateWithDepth (https://ocios.app/assets/index-BXKxnkrd.js:10:140846)
    at sE.evaluate (https://ocios.app/assets/index-BXKxnkrd.js:10:140729)
    at AP.readLoop (https://ocios.app/assets/index-BXKxnkrd.js:10:158799)
[2026-09-02T07:12:35.818Z] [debug] A matter read failed: Error: Durable Object reset because its code was updated.
    at sE.evaluateImpl (https://ocios.app/assets/index-BXKxnkrd.js:10:143136)
    at sE.evaluateWithDepth (https://ocios.app/assets/index-BXKxnkrd.js:10:140846)
    at sE.evaluate (https://ocios.app/assets/index-BXKxnkrd.js:10:140729)
    at AP.readLoop (https://ocios.app/assets/index-BXKxnkrd.js:10:158799)
[2026-09-02T07:12:40.789Z] [debug] A matter read failed: Error: Durable Object reset because its code was updated.
    at sE.evaluateImpl (https://ocios.app/assets/index-BXKxnkrd.js:10:143136)
    at sE.evaluateWithDepth (https://ocios.app/assets/index-BXKxnkrd.js:10:140846)
    at sE.evaluate (https://ocios.app/assets/index-BXKxnkrd.js:10:140729)
    at AP.readLoop (https://ocios.app/assets/index-BXKxnkrd.js:10:158799)
[2026-09-02T07:12:45.793Z] [debug] A matter read failed: Error: Durable Object reset because its code was updated.
    at sE.evaluateImpl (https://ocios.app/assets/index-BXKxnkrd.js:10:143136)
    at sE.evaluateWithDepth (https://ocios.app/assets/index-BXKxnkrd.js:10:140846)
    at sE.evaluate (https://ocios.app/assets/index-BXKxnkrd.js:10:140729)
    at AP.readLoop (https://ocios.app/assets/index-BXKxnkrd.js:10:158799)
[2026-09-02T07:12:50.781Z] [debug] A matter read failed: Error: Durable Object reset because its code was updated.
    at sE.evaluateImpl (https://ocios.app/assets/index-BXKxnkrd.js:10:143136)
    at sE.evaluateWithDepth (https://ocios.app/assets/index-BXKxnkrd.js:10:140846)
    at sE.evaluate (https://ocios.app/assets/index-BXKxnkrd.js:10:140729)
    at AP.readLoop (https://ocios.app/assets/index-BXKxnkrd.js:10:158799)
[2026-09-02T07:12:50.818Z] [debug] A matter read failed: Error: Durable Object reset because its code was updated.
    at sE.evaluateImpl (https://ocios.app/assets/index-BXKxnkrd.js:10:143136)
    at sE.evaluateWithDepth (https://ocios.app/assets/index-BXKxnkrd.js:10:140846)
    at sE.evaluate (https://ocios.app/assets/index-BXKxnkrd.js:10:140729)
    at AP.readLoop (https://ocios.app/assets/index-BXKxnkrd.js:10:158799)
[2026-09-02T07:12:55.787Z] [debug] A matter read failed: Error: Durable Object reset because its code was updated.
    at sE.evaluateImpl (https://ocios.app/assets/index-BXKxnkrd.js:10:143136)
    at sE.evaluateWithDepth (https://ocios.app/assets/index-BXKxnkrd.js:10:140846)
    at sE.evaluate (https://ocios.app/assets/index-BXKxnkrd.js:10:140729)
    at AP.readLoop (https://ocios.app/assets/index-BXKxnkrd.js:10:158799)
[2026-09-02T07:13:00.794Z] [debug] A matter read failed: Error: Durable Object reset because its code was updated.
    at sE.evaluateImpl (https://ocios.app/assets/index-BXKxnkrd.js:10:143136)
    at sE.evaluateWithDepth (https://ocios.app/assets/index-BXKxnkrd.js:10:140846)
    at sE.evaluate (https://ocios.app/assets/index-BXKxnkrd.js:10:140729)
    at AP.readLoop (https://ocios.app/assets/index-BXKxnkrd.js:10:158799)
[2026-09-02T07:13:05.785Z] [debug] A matter read failed: Error: Durable Object reset because its code was updated.
    at sE.evaluateImpl (https://ocios.app/assets/index-BXKxnkrd.js:10:143136)
    at sE.evaluateWithDepth (https://ocios.app/assets/index-BXKxnkrd.js:10:140846)
    at sE.evaluate (https://ocios.app/assets/index-BXKxnkrd.js:10:140729)
    at AP.readLoop (https://ocios.app/assets/index-BXKxnkrd.js:10:158799)
[2026-09-02T07:13:05.874Z] [debug] A matter read failed: Error: Durable Object reset because its code was updated.
    at sE.evaluateImpl (https://ocios.app/assets/index-BXKxnkrd.js:10:143136)
    at sE.evaluateWithDepth (https://ocios.app/assets/index-BXKxnkrd.js:10:140846)
    at sE.evaluate (https://ocios.app/assets/index-BXKxnkrd.js:10:140729)
    at AP.readLoop (https://ocios.app/assets/index-BXKxnkrd.js:10:158799)
[2026-09-02T07:13:10.792Z] [debug] A matter read failed: Error: Durable Object reset because its code was updated.
    at sE.evaluateImpl (https://ocios.app/assets/index-BXKxnkrd.js:10:143136)
    at sE.evaluateWithDepth (https://ocios.app/assets/index-BXKxnkrd.js:10:140846)
    at sE.evaluate (https://ocios.app/assets/index-BXKxnkrd.js:10:140729)
    at AP.readLoop (https://ocios.app/assets/index-BXKxnkrd.js:10:158799)
[2026-09-02T07:13:15.839Z] [debug] A matter read failed: Error: Durable Object reset because its code was updated.
    at sE.evaluateImpl (https://ocios.app/assets/index-BXKxnkrd.js:10:143136)
    at sE.evaluateWithDepth (https://ocios.app/assets/index-BXKxnkrd.js:10:140846)
    at sE.evaluate (https://ocios.app/assets/index-BXKxnkrd.js:10:140729)
    at AP.readLoop (https://ocios.app/assets/index-BXKxnkrd.js:10:158799)
[2026-09-02T07:13:20.789Z] [debug] A matter read failed: Error: Durable Object reset because its code was updated.
    at sE.evaluateImpl (https://ocios.app/assets/index-BXKxnkrd.js:10:143136)
    at sE.evaluateWithDepth (https://ocios.app/assets/index-BXKxnkrd.js:10:140846)
    at sE.evaluate (https://ocios.app/assets/index-BXKxnkrd.js:10:140729)
    at AP.readLoop (https://ocios.app/assets/index-BXKxnkrd.js:10:158799)
[2026-09-02T07:13:20.818Z] [debug] A matter read failed: Error: Durable Object reset because its code was updated.
    at sE.evaluateImpl (https://ocios.app/assets/index-BXKxnkrd.js:10:143136)
    at sE.evaluateWithDepth (https://ocios.app/assets/index-BXKxnkrd.js:10:140846)
    at sE.evaluate (https://ocios.app/assets/index-BXKxnkrd.js:10:140729)
    at AP.readLoop (https://ocios.app/assets/index-BXKxnkrd.js:10:158799)
[2026-09-02T07:13:25.797Z] [debug] A matter read failed: Error: Durable Object reset because its code was updated.
    at sE.evaluateImpl (https://ocios.app/assets/index-BXKxnkrd.js:10:143136)
    at sE.evaluateWithDepth (https://ocios.app/assets/index-BXKxnkrd.js:10:140846)
    at sE.evaluate (https://ocios.app/assets/index-BXKxnkrd.js:10:140729)
    at AP.readLoop (https://ocios.app/assets/index-BXKxnkrd.js:10:158799)
[2026-09-02T07:13:30.787Z] [debug] A matter read failed: Error: Durable Object reset because its code was updated.
    at sE.evaluateImpl (https://ocios.app/assets/index-BXKxnkrd.js:10:143136)
    at sE.evaluateWithDepth (https://ocios.app/assets/index-BXKxnkrd.js:10:140846)
    at sE.evaluate (https://ocios.app/assets/index-BXKxnkrd.js:10:140729)
    at AP.readLoop (https://ocios.app/assets/index-BXKxnkrd.js:10:158799)
[2026-09-02T07:13:35.785Z] [debug] A matter read failed: Error: Durable Object reset because its code was updated.
    at sE.evaluateImpl (https://ocios.app/assets/index-BXKxnkrd.js:10:143136)
    at sE.evaluateWithDepth (https://ocios.app/assets/index-BXKxnkrd.js:10:140846)
    at sE.evaluate (https://ocios.app/assets/index-BXKxnkrd.js:10:140729)
    at AP.readLoop (https://ocios.app/assets/index-BXKxnkrd.js:10:158799)
[2026-09-02T07:13:35.819Z] [debug] A matter read failed: Error: Durable Object reset because its code was updated.
    at sE.evaluateImpl (https://ocios.app/assets/index-BXKxnkrd.js:10:143136)
    at sE.evaluateWithDepth (https://ocios.app/assets/index-BXKxnkrd.js:10:140846)
    at sE.evaluate (https://ocios.app/assets/index-BXKxnkrd.js:10:140729)
    at AP.readLoop (https://ocios.app/assets/index-BXKxnkrd.js:10:158799)
[2026-09-02T07:13:40.789Z] [debug] A matter read failed: Error: Durable Object reset because its code was updated.
    at sE.evaluateImpl (https://ocios.app/assets/index-BXKxnkrd.js:10:143136)
    at sE.evaluateWithDepth (https://ocios.app/assets/index-BXKxnkrd.js:10:140846)
    at sE.evaluate (https://ocios.app/assets/index-BXKxnkrd.js:10:140729)
    at AP.readLoop (https://ocios.app/assets/index-BXKxnkrd.js:10:158799)
[2026-09-02T07:13:45.782Z] [debug] A matter read failed: Error: Durable Object reset because its code was updated.
    at sE.evaluateImpl (https://ocios.app/assets/index-BXKxnkrd.js:10:143136)
    at sE.evaluateWithDepth (https://ocios.app/assets/index-BXKxnkrd.js:10:140846)
    at sE.evaluate (https://ocios.app/assets/index-BXKxnkrd.js:10:140729)
    at AP.readLoop (https://ocios.app/assets/index-BXKxnkrd.js:10:158799)
[2026-09-02T07:13:50.787Z] [debug] A matter read failed: Error: Durable Object reset because its code was updated.
    at sE.evaluateImpl (https://ocios.app/assets/index-BXKxnkrd.js:10:143136)
    at sE.evaluateWithDepth (https://ocios.app/assets/index-BXKxnkrd.js:10:140846)
    at sE.evaluate (https://ocios.app/assets/index-BXKxnkrd.js:10:140729)
    at AP.readLoop (https://ocios.app/assets/index-BXKxnkrd.js:10:158799)
[2026-09-02T07:13:50.820Z] [debug] A matter read failed: Error: Durable Object reset because its code was updated.
    at sE.evaluateImpl (https://ocios.app/assets/index-BXKxnkrd.js:10:143136)
    at sE.evaluateWithDepth (https://ocios.app/assets/index-BXKxnkrd.js:10:140846)
    at sE.evaluate (https://ocios.app/assets/index-BXKxnkrd.js:10:140729)
    at AP.readLoop (https://ocios.app/assets/index-BXKxnkrd.js:10:158799)
[2026-09-02T07:13:55.786Z] [debug] A matter read failed: Error: Durable Object reset because its code was updated.
    at sE.evaluateImpl (https://ocios.app/assets/index-BXKxnkrd.js:10:143136)
    at sE.evaluateWithDepth (https://ocios.app/assets/index-BXKxnkrd.js:10:140846)
    at sE.evaluate (https://ocios.app/assets/index-BXKxnkrd.js:10:140729)
    at AP.readLoop (https://ocios.app/assets/index-BXKxnkrd.js:10:158799)
[2026-09-02T07:14:00.787Z] [debug] A matter read failed: Error: Durable Object reset because its code was updated.
    at sE.evaluateImpl (https://ocios.app/assets/index-BXKxnkrd.js:10:143136)
    at sE.evaluateWithDepth (https://ocios.app/assets/index-BXKxnkrd.js:10:140846)
    at sE.evaluate (https://ocios.app/assets/index-BXKxnkrd.js:10:140729)
    at AP.readLoop (https://ocios.app/assets/index-BXKxnkrd.js:10:158799)
[2026-09-02T07:14:05.794Z] [debug] A matter read failed: Error: Durable Object reset because its code was updated.
    at sE.evaluateImpl (https://ocios.app/assets/index-BXKxnkrd.js:10:143136)
    at sE.evaluateWithDepth (https://ocios.app/assets/index-BXKxnkrd.js:10:140846)
    at sE.evaluate (https://ocios.app/assets/index-BXKxnkrd.js:10:140729)
    at AP.readLoop (https://ocios.app/assets/index-BXKxnkrd.js:10:158799)
[2026-09-02T07:14:05.817Z] [debug] A matter read failed: Error: Durable Object reset because its code was updated.
    at sE.evaluateImpl (https://ocios.app/assets/index-BXKxnkrd.js:10:143136)
    at sE.evaluateWithDepth (https://ocios.app/assets/index-BXKxnkrd.js:10:140846)
    at sE.evaluate (https://ocios.app/assets/index-BXKxnkrd.js:10:140729)
    at AP.readLoop (https://ocios.app/assets/index-BXKxnkrd.js:10:158799)
[2026-09-02T07:14:10.791Z] [debug] A matter read failed: Error: Durable Object reset because its code was updated.
    at sE.evaluateImpl (https://ocios.app/assets/index-BXKxnkrd.js:10:143136)
    at sE.evaluateWithDepth (https://ocios.app/assets/index-BXKxnkrd.js:10:140846)
    at sE.evaluate (https://ocios.app/assets/index-BXKxnkrd.js:10:140729)
    at AP.readLoop (https://ocios.app/assets/index-BXKxnkrd.js:10:158799)
[2026-09-02T07:14:15.786Z] [debug] A matter read failed: Error: Durable Object reset because its code was updated.
    at sE.evaluateImpl (https://ocios.app/assets/index-BXKxnkrd.js:10:143136)
    at sE.evaluateWithDepth (https://ocios.app/assets/index-BXKxnkrd.js:10:140846)
    at sE.evaluate (https://ocios.app/assets/index-BXKxnkrd.js:10:140729)
    at AP.readLoop (https://ocios.app/assets/index-BXKxnkrd.js:10:158799)
[2026-09-02T07:14:20.849Z] [debug] A matter read failed: Error: Durable Object reset because its code was updated.
    at sE.evaluateImpl (https://ocios.app/assets/index-BXKxnkrd.js:10:143136)
    at sE.evaluateWithDepth (https://ocios.app/assets/index-BXKxnkrd.js:10:140846)
    at sE.evaluate (https://ocios.app/assets/index-BXKxnkrd.js:10:140729)
    at AP.readLoop (https://ocios.app/assets/index-BXKxnkrd.js:10:158799)
[2026-09-02T07:14:20.853Z] [debug] A matter read failed: Error: Durable Object reset because its code was updated.
    at sE.evaluateImpl (https://ocios.app/assets/index-BXKxnkrd.js:10:143136)
    at sE.evaluateWithDepth (https://ocios.app/assets/index-BXKxnkrd.js:10:140846)
    at sE.evaluate (https://ocios.app/assets/index-BXKxnkrd.js:10:140729)
    at AP.readLoop (https://ocios.app/assets/index-BXKxnkrd.js:10:158799)
[2026-09-02T07:14:25.782Z] [debug] A matter read failed: Error: Durable Object reset because its code was updated.
    at sE.evaluateImpl (https://ocios.app/assets/index-BXKxnkrd.js:10:143136)
    at sE.evaluateWithDepth (https://ocios.app/assets/index-BXKxnkrd.js:10:140846)
    at sE.evaluate (https://ocios.app/assets/index-BXKxnkrd.js:10:140729)
    at AP.readLoop (https://ocios.app/assets/index-BXKxnkrd.js:10:158799)
[2026-09-02T07:14:30.813Z] [debug] A matter read failed: Error: Durable Object reset because its code was updated.
    at sE.evaluateImpl (https://ocios.app/assets/index-BXKxnkrd.js:10:143136)
    at sE.evaluateWithDepth (https://ocios.app/assets/index-BXKxnkrd.js:10:140846)
    at sE.evaluate (https://ocios.app/assets/index-BXKxnkrd.js:10:140729)
    at AP.readLoop (https://ocios.app/assets/index-BXKxnkrd.js:10:158799)
[2026-09-02T07:14:35.786Z] [debug] A matter read failed: Error: Durable Object reset because its code was updated.
    at sE.evaluateImpl (https://ocios.app/assets/index-BXKxnkrd.js:10:143136)
    at sE.evaluateWithDepth (https://ocios.app/assets/index-BXKxnkrd.js:10:140846)
    at sE.evaluate (https://ocios.app/assets/index-BXKxnkrd.js:10:140729)
    at AP.readLoop (https://ocios.app/assets/index-BXKxnkrd.js:10:158799)
[2026-09-02T07:14:35.820Z] [debug] A matter read failed: Error: Durable Object reset because its code was updated.
    at sE.evaluateImpl (https://ocios.app/assets/index-BXKxnkrd.js:10:143136)
    at sE.evaluateWithDepth (https://ocios.app/assets/index-BXKxnkrd.js:10:140846)
    at sE.evaluate (https://ocios.app/assets/index-BXKxnkrd.js:10:140729)
    at AP.readLoop (https://ocios.app/assets/index-BXKxnkrd.js:10:158799)
[2026-09-02T07:14:40.788Z] [debug] A matter read failed: Error: Durable Object reset because its code was updated.
    at sE.evaluateImpl (https://ocios.app/assets/index-BXKxnkrd.js:10:143136)
    at sE.evaluateWithDepth (https://ocios.app/assets/index-BXKxnkrd.js:10:140846)
    at sE.evaluate (https://ocios.app/assets/index-BXKxnkrd.js:10:140729)
    at AP.readLoop (https://ocios.app/assets/index-BXKxnkrd.js:10:158799)
[2026-09-02T07:14:45.788Z] [debug] A matter read failed: Error: Durable Object reset because its code was updated.
    at sE.evaluateImpl (https://ocios.app/assets/index-BXKxnkrd.js:10:143136)
    at sE.evaluateWithDepth (https://ocios.app/assets/index-BXKxnkrd.js:10:140846)
    at sE.evaluate (https://ocios.app/assets/index-BXKxnkrd.js:10:140729)
    at AP.readLoop (https://ocios.app/assets/index-BXKxnkrd.js:10:158799)
[2026-09-02T07:14:50.789Z] [debug] A matter read failed: Error: Durable Object reset because its code was updated.
    at sE.evaluateImpl (https://ocios.app/assets/index-BXKxnkrd.js:10:143136)
    at sE.evaluateWithDepth (https://ocios.app/assets/index-BXKxnkrd.js:10:140846)
    at sE.evaluate (https://ocios.app/assets/index-BXKxnkrd.js:10:140729)
    at AP.readLoop (https://ocios.app/assets/index-BXKxnkrd.js:10:158799)
[2026-09-02T07:14:50.820Z] [debug] A matter read failed: Error: Durable Object reset because its code was updated.
    at sE.evaluateImpl (https://ocios.app/assets/index-BXKxnkrd.js:10:143136)
    at sE.evaluateWithDepth (https://ocios.app/assets/index-BXKxnkrd.js:10:140846)
    at sE.evaluate (https://ocios.app/assets/index-BXKxnkrd.js:10:140729)
    at AP.readLoop (https://ocios.app/assets/index-BXKxnkrd.js:10:158799)
[2026-09-02T07:14:55.789Z] [debug] A matter read failed: Error: Durable Object reset because its code was updated.
    at sE.evaluateImpl (https://ocios.app/assets/index-BXKxnkrd.js:10:143136)
    at sE.evaluateWithDepth (https://ocios.app/assets/index-BXKxnkrd.js:10:140846)
    at sE.evaluate (https://ocios.app/assets/index-BXKxnkrd.js:10:140729)
    at AP.readLoop (https://ocios.app/assets/index-BXKxnkrd.js:10:158799)
[2026-09-02T07:15:00.789Z] [debug] A matter read failed: Error: Durable Object reset because its code was updated.
    at sE.evaluateImpl (https://ocios.app/assets/index-BXKxnkrd.js:10:143136)
    at sE.evaluateWithDepth (https://ocios.app/assets/index-BXKxnkrd.js:10:140846)
    at sE.evaluate (https://ocios.app/assets/index-BXKxnkrd.js:10:140729)
    at AP.readLoop (https://ocios.app/assets/index-BXKxnkrd.js:10:158799)
[2026-09-02T07:15:05.783Z] [debug] A matter read failed: Error: Durable Object reset because its code was updated.
    at sE.evaluateImpl (https://ocios.app/assets/index-BXKxnkrd.js:10:143136)
    at sE.evaluateWithDepth (https://ocios.app/assets/index-BXKxnkrd.js:10:140846)
    at sE.evaluate (https://ocios.app/assets/index-BXKxnkrd.js:10:140729)
    at AP.readLoop (https://ocios.app/assets/index-BXKxnkrd.js:10:158799)
[2026-09-02T07:15:05.817Z] [debug] A matter read failed: Error: Durable Object reset because its code was updated.
    at sE.evaluateImpl (https://ocios.app/assets/index-BXKxnkrd.js:10:143136)
    at sE.evaluateWithDepth (https://ocios.app/assets/index-BXKxnkrd.js:10:140846)
    at sE.evaluate (https://ocios.app/assets/index-BXKxnkrd.js:10:140729)
    at AP.readLoop (https://ocios.app/assets/index-BXKxnkrd.js:10:158799)
[2026-09-02T07:15:10.794Z] [debug] A matter read failed: Error: Durable Object reset because its code was updated.
    at sE.evaluateImpl (https://ocios.app/assets/index-BXKxnkrd.js:10:143136)
    at sE.evaluateWithDepth (https://ocios.app/assets/index-BXKxnkrd.js:10:140846)
    at sE.evaluate (https://ocios.app/assets/index-BXKxnkrd.js:10:140729)
    at AP.readLoop (https://ocios.app/assets/index-BXKxnkrd.js:10:158799)
[2026-09-02T07:15:15.793Z] [debug] A matter read failed: Error: Durable Object reset because its code was updated.
    at sE.evaluateImpl (https://ocios.app/assets/index-BXKxnkrd.js:10:143136)
    at sE.evaluateWithDepth (https://ocios.app/assets/index-BXKxnkrd.js:10:140846)
    at sE.evaluate (https://ocios.app/assets/index-BXKxnkrd.js:10:140729)
    at AP.readLoop (https://ocios.app/assets/index-BXKxnkrd.js:10:158799)
[2026-09-02T07:15:20.785Z] [debug] A matter read failed: Error: Durable Object reset because its code was updated.
    at sE.evaluateImpl (https://ocios.app/assets/index-BXKxnkrd.js:10:143136)
    at sE.evaluateWithDepth (https://ocios.app/assets/index-BXKxnkrd.js:10:140846)
    at sE.evaluate (https://ocios.app/assets/index-BXKxnkrd.js:10:140729)
    at AP.readLoop (https://ocios.app/assets/index-BXKxnkrd.js:10:158799)
[2026-09-02T07:15:20.818Z] [debug] A matter read failed: Error: Durable Object reset because its code was updated.
    at sE.evaluateImpl (https://ocios.app/assets/index-BXKxnkrd.js:10:143136)
    at sE.evaluateWithDepth (https://ocios.app/assets/index-BXKxnkrd.js:10:140846)
    at sE.evaluate (https://ocios.app/assets/index-BXKxnkrd.js:10:140729)
    at AP.readLoop (https://ocios.app/assets/index-BXKxnkrd.js:10:158799)
[2026-09-02T07:15:25.843Z] [debug] A matter read failed: Error: Durable Object reset because its code was updated.
    at sE.evaluateImpl (https://ocios.app/assets/index-BXKxnkrd.js:10:143136)
    at sE.evaluateWithDepth (https://ocios.app/assets/index-BXKxnkrd.js:10:140846)
    at sE.evaluate (https://ocios.app/assets/index-BXKxnkrd.js:10:140729)
    at AP.readLoop (https://ocios.app/assets/index-BXKxnkrd.js:10:158799)
[2026-09-02T07:15:30.786Z] [debug] A matter read failed: Error: Durable Object reset because its code was updated.
    at sE.evaluateImpl (https://ocios.app/assets/index-BXKxnkrd.js:10:143136)
    at sE.evaluateWithDepth (https://ocios.app/assets/index-BXKxnkrd.js:10:140846)
    at sE.evaluate (https://ocios.app/assets/index-BXKxnkrd.js:10:140729)
    at AP.readLoop (https://ocios.app/assets/index-BXKxnkrd.js:10:158799)
[2026-09-02T07:15:35.823Z] [debug] A matter read failed: Error: Durable Object reset because its code was updated.
    at sE.evaluateImpl (https://ocios.app/assets/index-BXKxnkrd.js:10:143136)
    at sE.evaluateWithDepth (https://ocios.app/assets/index-BXKxnkrd.js:10:140846)
    at sE.evaluate (https://ocios.app/assets/index-BXKxnkrd.js:10:140729)
    at AP.readLoop (https://ocios.app/assets/index-BXKxnkrd.js:10:158799)
[2026-09-02T07:15:35.823Z] [debug] A matter read failed: Error: Durable Object reset because its code was updated.
    at sE.evaluateImpl (https://ocios.app/assets/index-BXKxnkrd.js:10:143136)
    at sE.evaluateWithDepth (https://ocios.app/assets/index-BXKxnkrd.js:10:140846)
    at sE.evaluate (https://ocios.app/assets/index-BXKxnkrd.js:10:140729)
    at AP.readLoop (https://ocios.app/assets/index-BXKxnkrd.js:10:158799)
[2026-09-02T07:15:40.790Z] [debug] A matter read failed: Error: Durable Object reset because its code was updated.
    at sE.evaluateImpl (https://ocios.app/assets/index-BXKxnkrd.js:10:143136)
    at sE.evaluateWithDepth (https://ocios.app/assets/index-BXKxnkrd.js:10:140846)
    at sE.evaluate (https://ocios.app/assets/index-BXKxnkrd.js:10:140729)
    at AP.readLoop (https://ocios.app/assets/index-BXKxnkrd.js:10:158799)
[2026-09-02T07:15:45.788Z] [debug] A matter read failed: Error: Durable Object reset because its code was updated.
    at sE.evaluateImpl (https://ocios.app/assets/index-BXKxnkrd.js:10:143136)
    at sE.evaluateWithDepth (https://ocios.app/assets/index-BXKxnkrd.js:10:140846)
    at sE.evaluate (https://ocios.app/assets/index-BXKxnkrd.js:10:140729)
    at AP.readLoop (https://ocios.app/assets/index-BXKxnkrd.js:10:158799)
[2026-09-02T07:15:50.789Z] [debug] A matter read failed: Error: Durable Object reset because its code was updated.
    at sE.evaluateImpl (https://ocios.app/assets/index-BXKxnkrd.js:10:143136)
    at sE.evaluateWithDepth (https://ocios.app/assets/index-BXKxnkrd.js:10:140846)
    at sE.evaluate (https://ocios.app/assets/index-BXKxnkrd.js:10:140729)
    at AP.readLoop (https://ocios.app/assets/index-BXKxnkrd.js:10:158799)
[2026-09-02T07:15:50.821Z] [debug] A matter read failed: Error: Durable Object reset because its code was updated.
    at sE.evaluateImpl (https://ocios.app/assets/index-BXKxnkrd.js:10:143136)
    at sE.evaluateWithDepth (https://ocios.app/assets/index-BXKxnkrd.js:10:140846)
    at sE.evaluate (https://ocios.app/assets/index-BXKxnkrd.js:10:140729)
    at AP.readLoop (https://ocios.app/assets/index-BXKxnkrd.js:10:158799)
[2026-09-02T07:15:55.784Z] [debug] A matter read failed: Error: Durable Object reset because its code was updated.
    at sE.evaluateImpl (https://ocios.app/assets/index-BXKxnkrd.js:10:143136)
    at sE.evaluateWithDepth (https://ocios.app/assets/index-BXKxnkrd.js:10:140846)
    at sE.evaluate (https://ocios.app/assets/index-BXKxnkrd.js:10:140729)
    at AP.readLoop (https://ocios.app/assets/index-BXKxnkrd.js:10:158799)
[2026-09-02T07:16:00.788Z] [debug] A matter read failed: Error: Durable Object reset because its code was updated.
    at sE.evaluateImpl (https://ocios.app/assets/index-BXKxnkrd.js:10:143136)
    at sE.evaluateWithDepth (https://ocios.app/assets/index-BXKxnkrd.js:10:140846)
    at sE.evaluate (https://ocios.app/assets/index-BXKxnkrd.js:10:140729)
    at AP.readLoop (https://ocios.app/assets/index-BXKxnkrd.js:10:158799)
[2026-09-02T07:16:05.788Z] [debug] A matter read failed: Error: Durable Object reset because its code was updated.
    at sE.evaluateImpl (https://ocios.app/assets/index-BXKxnkrd.js:10:143136)
    at sE.evaluateWithDepth (https://ocios.app/assets/index-BXKxnkrd.js:10:140846)
    at sE.evaluate (https://ocios.app/assets/index-BXKxnkrd.js:10:140729)
    at AP.readLoop (https://ocios.app/assets/index-BXKxnkrd.js:10:158799)
[2026-09-02T07:16:05.820Z] [debug] A matter read failed: Error: Durable Object reset because its code was updated.
    at sE.evaluateImpl (https://ocios.app/assets/index-BXKxnkrd.js:10:143136)
    at sE.evaluateWithDepth (https://ocios.app/assets/index-BXKxnkrd.js:10:140846)
    at sE.evaluate (https://ocios.app/assets/index-BXKxnkrd.js:10:140729)
    at AP.readLoop (https://ocios.app/assets/index-BXKxnkrd.js:10:158799)
[2026-09-02T07:16:10.794Z] [debug] A matter read failed: Error: Durable Object reset because its code was updated.
    at sE.evaluateImpl (https://ocios.app/assets/index-BXKxnkrd.js:10:143136)
    at sE.evaluateWithDepth (https://ocios.app/assets/index-BXKxnkrd.js:10:140846)
    at sE.evaluate (https://ocios.app/assets/index-BXKxnkrd.js:10:140729)
    at AP.readLoop (https://ocios.app/assets/index-BXKxnkrd.js:10:158799)
[2026-09-02T07:16:15.788Z] [debug] A matter read failed: Error: Durable Object reset because its code was updated.
    at sE.evaluateImpl (https://ocios.app/assets/index-BXKxnkrd.js:10:143136)
    at sE.evaluateWithDepth (https://ocios.app/assets/index-BXKxnkrd.js:10:140846)
    at sE.evaluate (https://ocios.app/assets/index-BXKxnkrd.js:10:140729)
    at AP.readLoop (https://ocios.app/assets/index-BXKxnkrd.js:10:158799)
[2026-09-02T07:16:20.791Z] [debug] A matter read failed: Error: Durable Object reset because its code was updated.
    at sE.evaluateImpl (https://ocios.app/assets/index-BXKxnkrd.js:10:143136)
    at sE.evaluateWithDepth (https://ocios.app/assets/index-BXKxnkrd.js:10:140846)
    at sE.evaluate (https://ocios.app/assets/index-BXKxnkrd.js:10:140729)
    at AP.readLoop (https://ocios.app/assets/index-BXKxnkrd.js:10:158799)
[2026-09-02T07:16:20.820Z] [debug] A matter read failed: Error: Durable Object reset because its code was updated.
    at sE.evaluateImpl (https://ocios.app/assets/index-BXKxnkrd.js:10:143136)
    at sE.evaluateWithDepth (https://ocios.app/assets/index-BXKxnkrd.js:10:140846)
    at sE.evaluate (https://ocios.app/assets/index-BXKxnkrd.js:10:140729)
    at AP.readLoop (https://ocios.app/assets/index-BXKxnkrd.js:10:158799)
[2026-09-02T07:16:25.787Z] [debug] A matter read failed: Error: Durable Object reset because its code was updated.
    at sE.evaluateImpl (https://ocios.app/assets/index-BXKxnkrd.js:10:143136)
    at sE.evaluateWithDepth (https://ocios.app/assets/index-BXKxnkrd.js:10:140846)
    at sE.evaluate (https://ocios.app/assets/index-BXKxnkrd.js:10:140729)
    at AP.readLoop (https://ocios.app/assets/index-BXKxnkrd.js:10:158799)
[2026-09-02T07:16:30.857Z] [debug] A matter read failed: Error: Durable Object reset because its code was updated.
    at sE.evaluateImpl (https://ocios.app/assets/index-BXKxnkrd.js:10:143136)
    at sE.evaluateWithDepth (https://ocios.app/assets/index-BXKxnkrd.js:10:140846)
    at sE.evaluate (https://ocios.app/assets/index-BXKxnkrd.js:10:140729)
    at AP.readLoop (https://ocios.app/assets/index-BXKxnkrd.js:10:158799)
[2026-09-02T07:16:35.789Z] [debug] A matter read failed: Error: Durable Object reset because its code was updated.
    at sE.evaluateImpl (https://ocios.app/assets/index-BXKxnkrd.js:10:143136)
    at sE.evaluateWithDepth (https://ocios.app/assets/index-BXKxnkrd.js:10:140846)
    at sE.evaluate (https://ocios.app/assets/index-BXKxnkrd.js:10:140729)
    at AP.readLoop (https://ocios.app/assets/index-BXKxnkrd.js:10:158799)
[2026-09-02T07:16:35.819Z] [debug] A matter read failed: Error: Durable Object reset because its code was updated.
    at sE.evaluateImpl (https://ocios.app/assets/index-BXKxnkrd.js:10:143136)
    at sE.evaluateWithDepth (https://ocios.app/assets/index-BXKxnkrd.js:10:140846)
    at sE.evaluate (https://ocios.app/assets/index-BXKxnkrd.js:10:140729)
    at AP.readLoop (https://ocios.app/assets/index-BXKxnkrd.js:10:158799)
[2026-09-02T07:16:40.838Z] [debug] A matter read failed: Error: Durable Object reset because its code was updated.
    at sE.evaluateImpl (https://ocios.app/assets/index-BXKxnkrd.js:10:143136)
    at sE.evaluateWithDepth (https://ocios.app/assets/index-BXKxnkrd.js:10:140846)
    at sE.evaluate (https://ocios.app/assets/index-BXKxnkrd.js:10:140729)
    at AP.readLoop (https://ocios.app/assets/index-BXKxnkrd.js:10:158799)
[2026-09-02T07:16:45.787Z] [debug] A matter read failed: Error: Durable Object reset because its code was updated.
    at sE.evaluateImpl (https://ocios.app/assets/index-BXKxnkrd.js:10:143136)
    at sE.evaluateWithDepth (https://ocios.app/assets/index-BXKxnkrd.js:10:140846)
    at sE.evaluate (https://ocios.app/assets/index-BXKxnkrd.js:10:140729)
    at AP.readLoop (https://ocios.app/assets/index-BXKxnkrd.js:10:158799)
[2026-09-02T07:16:50.804Z] [debug] A matter read failed: Error: Durable Object reset because its code was updated.
    at sE.evaluateImpl (https://ocios.app/assets/index-BXKxnkrd.js:10:143136)
    at sE.evaluateWithDepth (https://ocios.app/assets/index-BXKxnkrd.js:10:140846)
    at sE.evaluate (https://ocios.app/assets/index-BXKxnkrd.js:10:140729)
    at AP.readLoop (https://ocios.app/assets/index-BXKxnkrd.js:10:158799)
[2026-09-02T07:16:50.821Z] [debug] A matter read failed: Error: Durable Object reset because its code was updated.
    at sE.evaluateImpl (https://ocios.app/assets/index-BXKxnkrd.js:10:143136)
    at sE.evaluateWithDepth (https://ocios.app/assets/index-BXKxnkrd.js:10:140846)
    at sE.evaluate (https://ocios.app/assets/index-BXKxnkrd.js:10:140729)
    at AP.readLoop (https://ocios.app/assets/index-BXKxnkrd.js:10:158799)
[2026-09-02T07:16:55.804Z] [debug] A matter read failed: Error: Durable Object reset because its code was updated.
    at sE.evaluateImpl (https://ocios.app/assets/index-BXKxnkrd.js:10:143136)
    at sE.evaluateWithDepth (https://ocios.app/assets/index-BXKxnkrd.js:10:140846)
    at sE.evaluate (https://ocios.app/assets/index-BXKxnkrd.js:10:140729)
    at AP.readLoop (https://ocios.app/assets/index-BXKxnkrd.js:10:158799)
[2026-09-02T07:17:00.790Z] [debug] A matter read failed: Error: Durable Object reset because its code was updated.
    at sE.evaluateImpl (https://ocios.app/assets/index-BXKxnkrd.js:10:143136)
    at sE.evaluateWithDepth (https://ocios.app/assets/index-BXKxnkrd.js:10:140846)
    at sE.evaluate (https://ocios.app/assets/index-BXKxnkrd.js:10:140729)
    at AP.readLoop (https://ocios.app/assets/index-BXKxnkrd.js:10:158799)
[2026-09-02T07:17:05.792Z] [debug] A matter read failed: Error: Durable Object reset because its code was updated.
    at sE.evaluateImpl (https://ocios.app/assets/index-BXKxnkrd.js:10:143136)
    at sE.evaluateWithDepth (https://ocios.app/assets/index-BXKxnkrd.js:10:140846)
    at sE.evaluate (https://ocios.app/assets/index-BXKxnkrd.js:10:140729)
    at AP.readLoop (https://ocios.app/assets/index-BXKxnkrd.js:10:158799)
[2026-09-02T07:17:05.819Z] [debug] A matter read failed: Error: Durable Object reset because its code was updated.
    at sE.evaluateImpl (https://ocios.app/assets/index-BXKxnkrd.js:10:143136)
    at sE.evaluateWithDepth (https://ocios.app/assets/index-BXKxnkrd.js:10:140846)
    at sE.evaluate (https://ocios.app/assets/index-BXKxnkrd.js:10:140729)
    at AP.readLoop (https://ocios.app/assets/index-BXKxnkrd.js:10:158799)
[2026-09-02T07:17:10.790Z] [debug] A matter read failed: Error: Durable Object reset because its code was updated.
    at sE.evaluateImpl (https://ocios.app/assets/index-BXKxnkrd.js:10:143136)
    at sE.evaluateWithDepth (https://ocios.app/assets/index-BXKxnkrd.js:10:140846)
    at sE.evaluate (https://ocios.app/assets/index-BXKxnkrd.js:10:140729)
    at AP.readLoop (https://ocios.app/assets/index-BXKxnkrd.js:10:158799)
[2026-09-02T07:17:15.790Z] [debug] A matter read failed: Error: Durable Object reset because its code was updated.
    at sE.evaluateImpl (https://ocios.app/assets/index-BXKxnkrd.js:10:143136)
    at sE.evaluateWithDepth (https://ocios.app/assets/index-BXKxnkrd.js:10:140846)
    at sE.evaluate (https://ocios.app/assets/index-BXKxnkrd.js:10:140729)
    at AP.readLoop (https://ocios.app/assets/index-BXKxnkrd.js:10:158799)
[2026-09-02T07:17:20.790Z] [debug] A matter read failed: Error: Durable Object reset because its code was updated.
    at sE.evaluateImpl (https://ocios.app/assets/index-BXKxnkrd.js:10:143136)
    at sE.evaluateWithDepth (https://ocios.app/assets/index-BXKxnkrd.js:10:140846)
    at sE.evaluate (https://ocios.app/assets/index-BXKxnkrd.js:10:140729)
    at AP.readLoop (https://ocios.app/assets/index-BXKxnkrd.js:10:158799)
[2026-09-02T07:17:20.820Z] [debug] A matter read failed: Error: Durable Object reset because its code was updated.
    at sE.evaluateImpl (https://ocios.app/assets/index-BXKxnkrd.js:10:143136)
    at sE.evaluateWithDepth (https://ocios.app/assets/index-BXKxnkrd.js:10:140846)
    at sE.evaluate (https://ocios.app/assets/index-BXKxnkrd.js:10:140729)
    at AP.readLoop (https://ocios.app/assets/index-BXKxnkrd.js:10:158799)
[2026-09-02T07:17:25.785Z] [debug] A matter read failed: Error: Durable Object reset because its code was updated.
    at sE.evaluateImpl (https://ocios.app/assets/index-BXKxnkrd.js:10:143136)
    at sE.evaluateWithDepth (https://ocios.app/assets/index-BXKxnkrd.js:10:140846)
    at sE.evaluate (https://ocios.app/assets/index-BXKxnkrd.js:10:140729)
    at AP.readLoop (https://ocios.app/assets/index-BXKxnkrd.js:10:158799)
[2026-09-02T07:17:30.788Z] [debug] A matter read failed: Error: Durable Object reset because its code was updated.
    at sE.evaluateImpl (https://ocios.app/assets/index-BXKxnkrd.js:10:143136)
    at sE.evaluateWithDepth (https://ocios.app/assets/index-BXKxnkrd.js:10:140846)
    at sE.evaluate (https://ocios.app/assets/index-BXKxnkrd.js:10:140729)
    at AP.readLoop (https://ocios.app/assets/index-BXKxnkrd.js:10:158799)
[2026-09-02T07:17:35.802Z] [debug] A matter read failed: Error: Durable Object reset because its code was updated.
    at sE.evaluateImpl (https://ocios.app/assets/index-BXKxnkrd.js:10:143136)
    at sE.evaluateWithDepth (https://ocios.app/assets/index-BXKxnkrd.js:10:140846)
    at sE.evaluate (https://ocios.app/assets/index-BXKxnkrd.js:10:140729)
    at AP.readLoop (https://ocios.app/assets/index-BXKxnkrd.js:10:158799)
[2026-09-02T07:17:35.885Z] [debug] A matter read failed: Error: Durable Object reset because its code was updated.
    at sE.evaluateImpl (https://ocios.app/assets/index-BXKxnkrd.js:10:143136)
    at sE.evaluateWithDepth (https://ocios.app/assets/index-BXKxnkrd.js:10:140846)
    at sE.evaluate (https://ocios.app/assets/index-BXKxnkrd.js:10:140729)
    at AP.readLoop (https://ocios.app/assets/index-BXKxnkrd.js:10:158799)
[2026-09-02T07:17:40.799Z] [debug] A matter read failed: Error: Durable Object reset because its code was updated.
    at sE.evaluateImpl (https://ocios.app/assets/index-BXKxnkrd.js:10:143136)
    at sE.evaluateWithDepth (https://ocios.app/assets/index-BXKxnkrd.js:10:140846)
    at sE.evaluate (https://ocios.app/assets/index-BXKxnkrd.js:10:140729)
    at AP.readLoop (https://ocios.app/assets/index-BXKxnkrd.js:10:158799)
[2026-09-02T07:17:45.850Z] [debug] A matter read failed: Error: Durable Object reset because its code was updated.
    at sE.evaluateImpl (https://ocios.app/assets/index-BXKxnkrd.js:10:143136)
    at sE.evaluateWithDepth (https://ocios.app/assets/index-BXKxnkrd.js:10:140846)
    at sE.evaluate (https://ocios.app/assets/index-BXKxnkrd.js:10:140729)
    at AP.readLoop (https://ocios.app/assets/index-BXKxnkrd.js:10:158799)
[2026-09-02T07:17:50.791Z] [debug] A matter read failed: Error: Durable Object reset because its code was updated.
    at sE.evaluateImpl (https://ocios.app/assets/index-BXKxnkrd.js:10:143136)
    at sE.evaluateWithDepth (https://ocios.app/assets/index-BXKxnkrd.js:10:140846)
    at sE.evaluate (https://ocios.app/assets/index-BXKxnkrd.js:10:140729)
    at AP.readLoop (https://ocios.app/assets/index-BXKxnkrd.js:10:158799)
[2026-09-02T07:17:50.820Z] [debug] A matter read failed: Error: Durable Object reset because its code was updated.
    at sE.evaluateImpl (https://ocios.app/assets/index-BXKxnkrd.js:10:143136)
    at sE.evaluateWithDepth (https://ocios.app/assets/index-BXKxnkrd.js:10:140846)
    at sE.evaluate (https://ocios.app/assets/index-BXKxnkrd.js:10:140729)
    at AP.readLoop (https://ocios.app/assets/index-BXKxnkrd.js:10:158799)
[2026-09-02T07:17:55.814Z] [debug] A matter read failed: Error: Durable Object reset because its code was updated.
    at sE.evaluateImpl (https://ocios.app/assets/index-BXKxnkrd.js:10:143136)
    at sE.evaluateWithDepth (https://ocios.app/assets/index-BXKxnkrd.js:10:140846)
    at sE.evaluate (https://ocios.app/assets/index-BXKxnkrd.js:10:140729)
    at AP.readLoop (https://ocios.app/assets/index-BXKxnkrd.js:10:158799)
[2026-09-02T07:18:00.796Z] [debug] A matter read failed: Error: Durable Object reset because its code was updated.
    at sE.evaluateImpl (https://ocios.app/assets/index-BXKxnkrd.js:10:143136)
    at sE.evaluateWithDepth (https://ocios.app/assets/index-BXKxnkrd.js:10:140846)
    at sE.evaluate (https://ocios.app/assets/index-BXKxnkrd.js:10:140729)
    at AP.readLoop (https://ocios.app/assets/index-BXKxnkrd.js:10:158799)
[2026-09-02T07:18:05.787Z] [debug] A matter read failed: Error: Durable Object reset because its code was updated.
    at sE.evaluateImpl (https://ocios.app/assets/index-BXKxnkrd.js:10:143136)
    at sE.evaluateWithDepth (https://ocios.app/assets/index-BXKxnkrd.js:10:140846)
    at sE.evaluate (https://ocios.app/assets/index-BXKxnkrd.js:10:140729)
    at AP.readLoop (https://ocios.app/assets/index-BXKxnkrd.js:10:158799)
[2026-09-02T07:18:05.822Z] [debug] A matter read failed: Error: Durable Object reset because its code was updated.
    at sE.evaluateImpl (https://ocios.app/assets/index-BXKxnkrd.js:10:143136)
    at sE.evaluateWithDepth (https://ocios.app/assets/index-BXKxnkrd.js:10:140846)
    at sE.evaluate (https://ocios.app/assets/index-BXKxnkrd.js:10:140729)
    at AP.readLoop (https://ocios.app/assets/index-BXKxnkrd.js:10:158799)
[2026-09-02T07:18:10.788Z] [debug] A matter read failed: Error: Durable Object reset because its code was updated.
    at sE.evaluateImpl (https://ocios.app/assets/index-BXKxnkrd.js:10:143136)
    at sE.evaluateWithDepth (https://ocios.app/assets/index-BXKxnkrd.js:10:140846)
    at sE.evaluate (https://ocios.app/assets/index-BXKxnkrd.js:10:140729)
    at AP.readLoop (https://ocios.app/assets/index-BXKxnkrd.js:10:158799)
[2026-09-02T07:18:15.791Z] [debug] A matter read failed: Error: Durable Object reset because its code was updated.
    at sE.evaluateImpl (https://ocios.app/assets/index-BXKxnkrd.js:10:143136)
    at sE.evaluateWithDepth (https://ocios.app/assets/index-BXKxnkrd.js:10:140846)
    at sE.evaluate (https://ocios.app/assets/index-BXKxnkrd.js:10:140729)
    at AP.readLoop (https://ocios.app/assets/index-BXKxnkrd.js:10:158799)
[2026-09-02T07:18:20.847Z] [debug] A matter read failed: Error: Durable Object reset because its code was updated.
    at sE.evaluateImpl (https://ocios.app/assets/index-BXKxnkrd.js:10:143136)
    at sE.evaluateWithDepth (https://ocios.app/assets/index-BXKxnkrd.js:10:140846)
    at sE.evaluate (https://ocios.app/assets/index-BXKxnkrd.js:10:140729)
    at AP.readLoop (https://ocios.app/assets/index-BXKxnkrd.js:10:158799)
[2026-09-02T07:18:20.861Z] [debug] A matter read failed: Error: Durable Object reset because its code was updated.
    at sE.evaluateImpl (https://ocios.app/assets/index-BXKxnkrd.js:10:143136)
    at sE.evaluateWithDepth (https://ocios.app/assets/index-BXKxnkrd.js:10:140846)
    at sE.evaluate (https://ocios.app/assets/index-BXKxnkrd.js:10:140729)
    at AP.readLoop (https://ocios.app/assets/index-BXKxnkrd.js:10:158799)
[2026-09-02T07:18:25.789Z] [debug] A matter read failed: Error: Durable Object reset because its code was updated.
    at sE.evaluateImpl (https://ocios.app/assets/index-BXKxnkrd.js:10:143136)
    at sE.evaluateWithDepth (https://ocios.app/assets/index-BXKxnkrd.js:10:140846)
    at sE.evaluate (https://ocios.app/assets/index-BXKxnkrd.js:10:140729)
    at AP.readLoop (https://ocios.app/assets/index-BXKxnkrd.js:10:158799)
[2026-09-02T07:18:30.795Z] [debug] A matter read failed: Error: Durable Object reset because its code was updated.
    at sE.evaluateImpl (https://ocios.app/assets/index-BXKxnkrd.js:10:143136)
    at sE.evaluateWithDepth (https://ocios.app/assets/index-BXKxnkrd.js:10:140846)
    at sE.evaluate (https://ocios.app/assets/index-BXKxnkrd.js:10:140729)
    at AP.readLoop (https://ocios.app/assets/index-BXKxnkrd.js:10:158799)
[2026-09-02T07:18:35.784Z] [debug] A matter read failed: Error: Durable Object reset because its code was updated.
    at sE.evaluateImpl (https://ocios.app/assets/index-BXKxnkrd.js:10:143136)
    at sE.evaluateWithDepth (https://ocios.app/assets/index-BXKxnkrd.js:10:140846)
    at sE.evaluate (https://ocios.app/assets/index-BXKxnkrd.js:10:140729)
    at AP.readLoop (https://ocios.app/assets/index-BXKxnkrd.js:10:158799)
[2026-09-02T07:18:35.823Z] [debug] A matter read failed: Error: Durable Object reset because its code was updated.
    at sE.evaluateImpl (https://ocios.app/assets/index-BXKxnkrd.js:10:143136)
    at sE.evaluateWithDepth (https://ocios.app/assets/index-BXKxnkrd.js:10:140846)
    at sE.evaluate (https://ocios.app/assets/index-BXKxnkrd.js:10:140729)
    at AP.readLoop (https://ocios.app/assets/index-BXKxnkrd.js:10:158799)
[2026-09-02T07:18:40.792Z] [debug] A matter read failed: Error: Durable Object reset because its code was updated.
    at sE.evaluateImpl (https://ocios.app/assets/index-BXKxnkrd.js:10:143136)
    at sE.evaluateWithDepth (https://ocios.app/assets/index-BXKxnkrd.js:10:140846)
    at sE.evaluate (https://ocios.app/assets/index-BXKxnkrd.js:10:140729)
    at AP.readLoop (https://ocios.app/assets/index-BXKxnkrd.js:10:158799)
[2026-09-02T07:18:45.784Z] [debug] A matter read failed: Error: Durable Object reset because its code was updated.
    at sE.evaluateImpl (https://ocios.app/assets/index-BXKxnkrd.js:10:143136)
    at sE.evaluateWithDepth (https://ocios.app/assets/index-BXKxnkrd.js:10:140846)
    at sE.evaluate (https://ocios.app/assets/index-BXKxnkrd.js:10:140729)
    at AP.readLoop (https://ocios.app/assets/index-BXKxnkrd.js:10:158799)
[2026-09-02T07:18:50.867Z] [debug] A matter read failed: Error: Durable Object reset because its code was updated.
    at sE.evaluateImpl (https://ocios.app/assets/index-BXKxnkrd.js:10:143136)
    at sE.evaluateWithDepth (https://ocios.app/assets/index-BXKxnkrd.js:10:140846)
    at sE.evaluate (https://ocios.app/assets/index-BXKxnkrd.js:10:140729)
    at AP.readLoop (https://ocios.app/assets/index-BXKxnkrd.js:10:158799)
[2026-09-02T07:18:50.867Z] [debug] A matter read failed: Error: Durable Object reset because its code was updated.
    at sE.evaluateImpl (https://ocios.app/assets/index-BXKxnkrd.js:10:143136)
    at sE.evaluateWithDepth (https://ocios.app/assets/index-BXKxnkrd.js:10:140846)
    at sE.evaluate (https://ocios.app/assets/index-BXKxnkrd.js:10:140729)
    at AP.readLoop (https://ocios.app/assets/index-BXKxnkrd.js:10:158799)
[2026-09-02T07:18:55.798Z] [debug] A matter read failed: Error: Durable Object reset because its code was updated.
    at sE.evaluateImpl (https://ocios.app/assets/index-BXKxnkrd.js:10:143136)
    at sE.evaluateWithDepth (https://ocios.app/assets/index-BXKxnkrd.js:10:140846)
    at sE.evaluate (https://ocios.app/assets/index-BXKxnkrd.js:10:140729)
    at AP.readLoop (https://ocios.app/assets/index-BXKxnkrd.js:10:158799)
[2026-09-02T07:19:00.828Z] [debug] A matter read failed: Error: Durable Object reset because its code was updated.
    at sE.evaluateImpl (https://ocios.app/assets/index-BXKxnkrd.js:10:143136)
    at sE.evaluateWithDepth (https://ocios.app/assets/index-BXKxnkrd.js:10:140846)
    at sE.evaluate (https://ocios.app/assets/index-BXKxnkrd.js:10:140729)
    at AP.readLoop (https://ocios.app/assets/index-BXKxnkrd.js:10:158799)
[2026-09-02T07:19:05.791Z] [debug] A matter read failed: Error: Durable Object reset because its code was updated.
    at sE.evaluateImpl (https://ocios.app/assets/index-BXKxnkrd.js:10:143136)
    at sE.evaluateWithDepth (https://ocios.app/assets/index-BXKxnkrd.js:10:140846)
    at sE.evaluate (https://ocios.app/assets/index-BXKxnkrd.js:10:140729)
    at AP.readLoop (https://ocios.app/assets/index-BXKxnkrd.js:10:158799)
[2026-09-02T07:19:05.825Z] [debug] A matter read failed: Error: Durable Object reset because its code was updated.
    at sE.evaluateImpl (https://ocios.app/assets/index-BXKxnkrd.js:10:143136)
    at sE.evaluateWithDepth (https://ocios.app/assets/index-BXKxnkrd.js:10:140846)
    at sE.evaluate (https://ocios.app/assets/index-BXKxnkrd.js:10:140729)
    at AP.readLoop (https://ocios.app/assets/index-BXKxnkrd.js:10:158799)
[2026-09-02T07:19:10.789Z] [debug] A matter read failed: Error: Durable Object reset because its code was updated.
    at sE.evaluateImpl (https://ocios.app/assets/index-BXKxnkrd.js:10:143136)
    at sE.evaluateWithDepth (https://ocios.app/assets/index-BXKxnkrd.js:10:140846)
    at sE.evaluate (https://ocios.app/assets/index-BXKxnkrd.js:10:140729)
    at AP.readLoop (https://ocios.app/assets/index-BXKxnkrd.js:10:158799)
[2026-09-02T07:19:15.789Z] [debug] A matter read failed: Error: Durable Object reset because its code was updated.
    at sE.evaluateImpl (https://ocios.app/assets/index-BXKxnkrd.js:10:143136)
    at sE.evaluateWithDepth (https://ocios.app/assets/index-BXKxnkrd.js:10:140846)
    at sE.evaluate (https://ocios.app/assets/index-BXKxnkrd.js:10:140729)
    at AP.readLoop (https://ocios.app/assets/index-BXKxnkrd.js:10:158799)
[2026-09-02T07:19:20.791Z] [debug] A matter read failed: Error: Durable Object reset because its code was updated.
    at sE.evaluateImpl (https://ocios.app/assets/index-BXKxnkrd.js:10:143136)
    at sE.evaluateWithDepth (https://ocios.app/assets/index-BXKxnkrd.js:10:140846)
    at sE.evaluate (https://ocios.app/assets/index-BXKxnkrd.js:10:140729)
    at AP.readLoop (https://ocios.app/assets/index-BXKxnkrd.js:10:158799)
[2026-09-02T07:19:20.821Z] [debug] A matter read failed: Error: Durable Object reset because its code was updated.
    at sE.evaluateImpl (https://ocios.app/assets/index-BXKxnkrd.js:10:143136)
    at sE.evaluateWithDepth (https://ocios.app/assets/index-BXKxnkrd.js:10:140846)
    at sE.evaluate (https://ocios.app/assets/index-BXKxnkrd.js:10:140729)
    at AP.readLoop (https://ocios.app/assets/index-BXKxnkrd.js:10:158799)
[2026-09-02T07:19:25.788Z] [debug] A matter read failed: Error: Durable Object reset because its code was updated.
    at sE.evaluateImpl (https://ocios.app/assets/index-BXKxnkrd.js:10:143136)
    at sE.evaluateWithDepth (https://ocios.app/assets/index-BXKxnkrd.js:10:140846)
    at sE.evaluate (https://ocios.app/assets/index-BXKxnkrd.js:10:140729)
    at AP.readLoop (https://ocios.app/assets/index-BXKxnkrd.js:10:158799)
[2026-09-02T07:19:30.888Z] [debug] A matter read failed: Error: Durable Object reset because its code was updated.
    at sE.evaluateImpl (https://ocios.app/assets/index-BXKxnkrd.js:10:143136)
    at sE.evaluateWithDepth (https://ocios.app/assets/index-BXKxnkrd.js:10:140846)
    at sE.evaluate (https://ocios.app/assets/index-BXKxnkrd.js:10:140729)
    at AP.readLoop (https://ocios.app/assets/index-BXKxnkrd.js:10:158799)
[2026-09-02T07:19:35.787Z] [debug] A matter read failed: Error: Durable Object reset because its code was updated.
    at sE.evaluateImpl (https://ocios.app/assets/index-BXKxnkrd.js:10:143136)
    at sE.evaluateWithDepth (https://ocios.app/assets/index-BXKxnkrd.js:10:140846)
    at sE.evaluate (https://ocios.app/assets/index-BXKxnkrd.js:10:140729)
    at AP.readLoop (https://ocios.app/assets/index-BXKxnkrd.js:10:158799)
[2026-09-02T07:19:35.822Z] [debug] A matter read failed: Error: Durable Object reset because its code was updated.
    at sE.evaluateImpl (https://ocios.app/assets/index-BXKxnkrd.js:10:143136)
    at sE.evaluateWithDepth (https://ocios.app/assets/index-BXKxnkrd.js:10:140846)
    at sE.evaluate (https://ocios.app/assets/index-BXKxnkrd.js:10:140729)
    at AP.readLoop (https://ocios.app/assets/index-BXKxnkrd.js:10:158799)
[2026-09-02T07:19:40.796Z] [debug] A matter read failed: Error: Durable Object reset because its code was updated.
    at sE.evaluateImpl (https://ocios.app/assets/index-BXKxnkrd.js:10:143136)
    at sE.evaluateWithDepth (https://ocios.app/assets/index-BXKxnkrd.js:10:140846)
    at sE.evaluate (https://ocios.app/assets/index-BXKxnkrd.js:10:140729)
    at AP.readLoop (https://ocios.app/assets/index-BXKxnkrd.js:10:158799)
[2026-09-02T07:19:45.788Z] [debug] A matter read failed: Error: Durable Object reset because its code was updated.
    at sE.evaluateImpl (https://ocios.app/assets/index-BXKxnkrd.js:10:143136)
    at sE.evaluateWithDepth (https://ocios.app/assets/index-BXKxnkrd.js:10:140846)
    at sE.evaluate (https://ocios.app/assets/index-BXKxnkrd.js:10:140729)
    at AP.readLoop (https://ocios.app/assets/index-BXKxnkrd.js:10:158799)
[2026-09-02T07:19:50.791Z] [debug] A matter read failed: Error: Durable Object reset because its code was updated.
    at sE.evaluateImpl (https://ocios.app/assets/index-BXKxnkrd.js:10:143136)
    at sE.evaluateWithDepth (https://ocios.app/assets/index-BXKxnkrd.js:10:140846)
    at sE.evaluate (https://ocios.app/assets/index-BXKxnkrd.js:10:140729)
    at AP.readLoop (https://ocios.app/assets/index-BXKxnkrd.js:10:158799)
[2026-09-02T07:19:50.823Z] [debug] A matter read failed: Error: Durable Object reset because its code was updated.
    at sE.evaluateImpl (https://ocios.app/assets/index-BXKxnkrd.js:10:143136)
    at sE.evaluateWithDepth (https://ocios.app/assets/index-BXKxnkrd.js:10:140846)
    at sE.evaluate (https://ocios.app/assets/index-BXKxnkrd.js:10:140729)
    at AP.readLoop (https://ocios.app/assets/index-BXKxnkrd.js:10:158799)
[2026-09-02T07:19:55.857Z] [debug] A matter read failed: Error: Durable Object reset because its code was updated.
    at sE.evaluateImpl (https://ocios.app/assets/index-BXKxnkrd.js:10:143136)
    at sE.evaluateWithDepth (https://ocios.app/assets/index-BXKxnkrd.js:10:140846)
    at sE.evaluate (https://ocios.app/assets/index-BXKxnkrd.js:10:140729)
    at AP.readLoop (https://ocios.app/assets/index-BXKxnkrd.js:10:158799)
[2026-09-02T07:20:00.788Z] [debug] A matter read failed: Error: Durable Object reset because its code was updated.
    at sE.evaluateImpl (https://ocios.app/assets/index-BXKxnkrd.js:10:143136)
    at sE.evaluateWithDepth (https://ocios.app/assets/index-BXKxnkrd.js:10:140846)
    at sE.evaluate (https://ocios.app/assets/index-BXKxnkrd.js:10:140729)
    at AP.readLoop (https://ocios.app/assets/index-BXKxnkrd.js:10:158799)
[2026-09-02T07:20:05.839Z] [debug] A matter read failed: Error: Durable Object reset because its code was updated.
    at sE.evaluateImpl (https://ocios.app/assets/index-BXKxnkrd.js:10:143136)
    at sE.evaluateWithDepth (https://ocios.app/assets/index-BXKxnkrd.js:10:140846)
    at sE.evaluate (https://ocios.app/assets/index-BXKxnkrd.js:10:140729)
    at AP.readLoop (https://ocios.app/assets/index-BXKxnkrd.js:10:158799)
[2026-09-02T07:20:05.840Z] [debug] A matter read failed: Error: Durable Object reset because its code was updated.
    at sE.evaluateImpl (https://ocios.app/assets/index-BXKxnkrd.js:10:143136)
    at sE.evaluateWithDepth (https://ocios.app/assets/index-BXKxnkrd.js:10:140846)
    at sE.evaluate (https://ocios.app/assets/index-BXKxnkrd.js:10:140729)
    at AP.readLoop (https://ocios.app/assets/index-BXKxnkrd.js:10:158799)
[2026-09-02T07:20:10.788Z] [debug] A matter read failed: Error: Durable Object reset because its code was updated.
    at sE.evaluateImpl (https://ocios.app/assets/index-BXKxnkrd.js:10:143136)
    at sE.evaluateWithDepth (https://ocios.app/assets/index-BXKxnkrd.js:10:140846)
    at sE.evaluate (https://ocios.app/assets/index-BXKxnkrd.js:10:140729)
    at AP.readLoop (https://ocios.app/assets/index-BXKxnkrd.js:10:158799)
[2026-09-02T07:20:15.800Z] [debug] A matter read failed: Error: Durable Object reset because its code was updated.
    at sE.evaluateImpl (https://ocios.app/assets/index-BXKxnkrd.js:10:143136)
    at sE.evaluateWithDepth (https://ocios.app/assets/index-BXKxnkrd.js:10:140846)
    at sE.evaluate (https://ocios.app/assets/index-BXKxnkrd.js:10:140729)
    at AP.readLoop (https://ocios.app/assets/index-BXKxnkrd.js:10:158799)
[2026-09-02T07:20:20.788Z] [debug] A matter read failed: Error: Durable Object reset because its code was updated.
    at sE.evaluateImpl (https://ocios.app/assets/index-BXKxnkrd.js:10:143136)
    at sE.evaluateWithDepth (https://ocios.app/assets/index-BXKxnkrd.js:10:140846)
    at sE.evaluate (https://ocios.app/assets/index-BXKxnkrd.js:10:140729)
    at AP.readLoop (https://ocios.app/assets/index-BXKxnkrd.js:10:158799)
[2026-09-02T07:20:20.823Z] [debug] A matter read failed: Error: Durable Object reset because its code was updated.
    at sE.evaluateImpl (https://ocios.app/assets/index-BXKxnkrd.js:10:143136)
    at sE.evaluateWithDepth (https://ocios.app/assets/index-BXKxnkrd.js:10:140846)
    at sE.evaluate (https://ocios.app/assets/index-BXKxnkrd.js:10:140729)
    at AP.readLoop (https://ocios.app/assets/index-BXKxnkrd.js:10:158799)
[2026-09-02T07:20:25.788Z] [debug] A matter read failed: Error: Durable Object reset because its code was updated.
    at sE.evaluateImpl (https://ocios.app/assets/index-BXKxnkrd.js:10:143136)
    at sE.evaluateWithDepth (https://ocios.app/assets/index-BXKxnkrd.js:10:140846)
    at sE.evaluate (https://ocios.app/assets/index-BXKxnkrd.js:10:140729)
    at AP.readLoop (https://ocios.app/assets/index-BXKxnkrd.js:10:158799)
[2026-09-02T07:20:30.797Z] [debug] A matter read failed: Error: Durable Object reset because its code was updated.
    at sE.evaluateImpl (https://ocios.app/assets/index-BXKxnkrd.js:10:143136)
    at sE.evaluateWithDepth (https://ocios.app/assets/index-BXKxnkrd.js:10:140846)
    at sE.evaluate (https://ocios.app/assets/index-BXKxnkrd.js:10:140729)
    at AP.readLoop (https://ocios.app/assets/index-BXKxnkrd.js:10:158799)
[2026-09-02T07:20:35.794Z] [debug] A matter read failed: Error: Durable Object reset because its code was updated.
    at sE.evaluateImpl (https://ocios.app/assets/index-BXKxnkrd.js:10:143136)
    at sE.evaluateWithDepth (https://ocios.app/assets/index-BXKxnkrd.js:10:140846)
    at sE.evaluate (https://ocios.app/assets/index-BXKxnkrd.js:10:140729)
    at AP.readLoop (https://ocios.app/assets/index-BXKxnkrd.js:10:158799)
[2026-09-02T07:20:35.821Z] [debug] A matter read failed: Error: Durable Object reset because its code was updated.
    at sE.evaluateImpl (https://ocios.app/assets/index-BXKxnkrd.js:10:143136)
    at sE.evaluateWithDepth (https://ocios.app/assets/index-BXKxnkrd.js:10:140846)
    at sE.evaluate (https://ocios.app/assets/index-BXKxnkrd.js:10:140729)
    at AP.readLoop (https://ocios.app/assets/index-BXKxnkrd.js:10:158799)
[2026-09-02T07:20:40.793Z] [debug] A matter read failed: Error: Durable Object reset because its code was updated.
    at sE.evaluateImpl (https://ocios.app/assets/index-BXKxnkrd.js:10:143136)
    at sE.evaluateWithDepth (https://ocios.app/assets/index-BXKxnkrd.js:10:140846)
    at sE.evaluate (https://ocios.app/assets/index-BXKxnkrd.js:10:140729)
    at AP.readLoop (https://ocios.app/assets/index-BXKxnkrd.js:10:158799)
[2026-09-02T07:20:45.798Z] [debug] A matter read failed: Error: Durable Object reset because its code was updated.
    at sE.evaluateImpl (https://ocios.app/assets/index-BXKxnkrd.js:10:143136)
    at sE.evaluateWithDepth (https://ocios.app/assets/index-BXKxnkrd.js:10:140846)
    at sE.evaluate (https://ocios.app/assets/index-BXKxnkrd.js:10:140729)
    at AP.readLoop (https://ocios.app/assets/index-BXKxnkrd.js:10:158799)
[2026-09-02T07:20:50.802Z] [debug] A matter read failed: Error: Durable Object reset because its code was updated.
    at sE.evaluateImpl (https://ocios.app/assets/index-BXKxnkrd.js:10:143136)
    at sE.evaluateWithDepth (https://ocios.app/assets/index-BXKxnkrd.js:10:140846)
    at sE.evaluate (https://ocios.app/assets/index-BXKxnkrd.js:10:140729)
    at AP.readLoop (https://ocios.app/assets/index-BXKxnkrd.js:10:158799)
[2026-09-02T07:20:50.825Z] [debug] A matter read failed: Error: Durable Object reset because its code was updated.
    at sE.evaluateImpl (https://ocios.app/assets/index-BXKxnkrd.js:10:143136)
    at sE.evaluateWithDepth (https://ocios.app/assets/index-BXKxnkrd.js:10:140846)
    at sE.evaluate (https://ocios.app/assets/index-BXKxnkrd.js:10:140729)
    at AP.readLoop (https://ocios.app/assets/index-BXKxnkrd.js:10:158799)
[2026-09-02T07:20:55.790Z] [debug] A matter read failed: Error: Durable Object reset because its code was updated.
    at sE.evaluateImpl (https://ocios.app/assets/index-BXKxnkrd.js:10:143136)
    at sE.evaluateWithDepth (https://ocios.app/assets/index-BXKxnkrd.js:10:140846)
    at sE.evaluate (https://ocios.app/assets/index-BXKxnkrd.js:10:140729)
    at AP.readLoop (https://ocios.app/assets/index-BXKxnkrd.js:10:158799)
[2026-09-02T07:21:00.794Z] [debug] A matter read failed: Error: Durable Object reset because its code was updated.
    at sE.evaluateImpl (https://ocios.app/assets/index-BXKxnkrd.js:10:143136)
    at sE.evaluateWithDepth (https://ocios.app/assets/index-BXKxnkrd.js:10:140846)
    at sE.evaluate (https://ocios.app/assets/index-BXKxnkrd.js:10:140729)
    at AP.readLoop (https://ocios.app/assets/index-BXKxnkrd.js:10:158799)
[2026-09-02T07:21:05.794Z] [debug] A matter read failed: Error: Durable Object reset because its code was updated.
    at sE.evaluateImpl (https://ocios.app/assets/index-BXKxnkrd.js:10:143136)
    at sE.evaluateWithDepth (https://ocios.app/assets/index-BXKxnkrd.js:10:140846)
    at sE.evaluate (https://ocios.app/assets/index-BXKxnkrd.js:10:140729)
    at AP.readLoop (https://ocios.app/assets/index-BXKxnkrd.js:10:158799)
[2026-09-02T07:21:05.822Z] [debug] A matter read failed: Error: Durable Object reset because its code was updated.
    at sE.evaluateImpl (https://ocios.app/assets/index-BXKxnkrd.js:10:143136)
    at sE.evaluateWithDepth (https://ocios.app/assets/index-BXKxnkrd.js:10:140846)
    at sE.evaluate (https://ocios.app/assets/index-BXKxnkrd.js:10:140729)
    at AP.readLoop (https://ocios.app/assets/index-BXKxnkrd.js:10:158799)
[2026-09-02T07:21:10.849Z] [debug] A matter read failed: Error: Durable Object reset because its code was updated.
    at sE.evaluateImpl (https://ocios.app/assets/index-BXKxnkrd.js:10:143136)
    at sE.evaluateWithDepth (https://ocios.app/assets/index-BXKxnkrd.js:10:140846)
    at sE.evaluate (https://ocios.app/assets/index-BXKxnkrd.js:10:140729)
    at AP.readLoop (https://ocios.app/assets/index-BXKxnkrd.js:10:158799)
[2026-09-02T07:21:15.790Z] [debug] A matter read failed: Error: Durable Object reset because its code was updated.
    at sE.evaluateImpl (https://ocios.app/assets/index-BXKxnkrd.js:10:143136)
    at sE.evaluateWithDepth (https://ocios.app/assets/index-BXKxnkrd.js:10:140846)
    at sE.evaluate (https://ocios.app/assets/index-BXKxnkrd.js:10:140729)
    at AP.readLoop (https://ocios.app/assets/index-BXKxnkrd.js:10:158799)
[2026-09-02T07:21:20.811Z] [debug] A matter read failed: Error: Durable Object reset because its code was updated.
    at sE.evaluateImpl (https://ocios.app/assets/index-BXKxnkrd.js:10:143136)
    at sE.evaluateWithDepth (https://ocios.app/assets/index-BXKxnkrd.js:10:140846)
    at sE.evaluate (https://ocios.app/assets/index-BXKxnkrd.js:10:140729)
    at AP.readLoop (https://ocios.app/assets/index-BXKxnkrd.js:10:158799)
[2026-09-02T07:21:20.825Z] [debug] A matter read failed: Error: Durable Object reset because its code was updated.
    at sE.evaluateImpl (https://ocios.app/assets/index-BXKxnkrd.js:10:143136)
    at sE.evaluateWithDepth (https://ocios.app/assets/index-BXKxnkrd.js:10:140846)
    at sE.evaluate (https://ocios.app/assets/index-BXKxnkrd.js:10:140729)
    at AP.readLoop (https://ocios.app/assets/index-BXKxnkrd.js:10:158799)
[2026-09-02T07:21:25.793Z] [debug] A matter read failed: Error: Durable Object reset because its code was updated.
    at sE.evaluateImpl (https://ocios.app/assets/index-BXKxnkrd.js:10:143136)
    at sE.evaluateWithDepth (https://ocios.app/assets/index-BXKxnkrd.js:10:140846)
    at sE.evaluate (https://ocios.app/assets/index-BXKxnkrd.js:10:140729)
    at AP.readLoop (https://ocios.app/assets/index-BXKxnkrd.js:10:158799)
[2026-09-02T07:21:30.797Z] [debug] A matter read failed: Error: Durable Object reset because its code was updated.
    at sE.evaluateImpl (https://ocios.app/assets/index-BXKxnkrd.js:10:143136)
    at sE.evaluateWithDepth (https://ocios.app/assets/index-BXKxnkrd.js:10:140846)
    at sE.evaluate (https://ocios.app/assets/index-BXKxnkrd.js:10:140729)
    at AP.readLoop (https://ocios.app/assets/index-BXKxnkrd.js:10:158799)
[2026-09-02T07:21:35.790Z] [debug] A matter read failed: Error: Durable Object reset because its code was updated.
    at sE.evaluateImpl (https://ocios.app/assets/index-BXKxnkrd.js:10:143136)
    at sE.evaluateWithDepth (https://ocios.app/assets/index-BXKxnkrd.js:10:140846)
    at sE.evaluate (https://ocios.app/assets/index-BXKxnkrd.js:10:140729)
    at AP.readLoop (https://ocios.app/assets/index-BXKxnkrd.js:10:158799)
[2026-09-02T07:21:35.823Z] [debug] A matter read failed: Error: Durable Object reset because its code was updated.
    at sE.evaluateImpl (https://ocios.app/assets/index-BXKxnkrd.js:10:143136)
    at sE.evaluateWithDepth (https://ocios.app/assets/index-BXKxnkrd.js:10:140846)
    at sE.evaluate (https://ocios.app/assets/index-BXKxnkrd.js:10:140729)
    at AP.readLoop (https://ocios.app/assets/index-BXKxnkrd.js:10:158799)
[2026-09-02T07:21:40.796Z] [debug] A matter read failed: Error: Durable Object reset because its code was updated.
    at sE.evaluateImpl (https://ocios.app/assets/index-BXKxnkrd.js:10:143136)
    at sE.evaluateWithDepth (https://ocios.app/assets/index-BXKxnkrd.js:10:140846)
    at sE.evaluate (https://ocios.app/assets/index-BXKxnkrd.js:10:140729)
    at AP.readLoop (https://ocios.app/assets/index-BXKxnkrd.js:10:158799)
[2026-09-02T07:21:45.789Z] [debug] A matter read failed: Error: Durable Object reset because its code was updated.
    at sE.evaluateImpl (https://ocios.app/assets/index-BXKxnkrd.js:10:143136)
    at sE.evaluateWithDepth (https://ocios.app/assets/index-BXKxnkrd.js:10:140846)
    at sE.evaluate (https://ocios.app/assets/index-BXKxnkrd.js:10:140729)
    at AP.readLoop (https://ocios.app/assets/index-BXKxnkrd.js:10:158799)
[2026-09-02T07:21:50.792Z] [debug] A matter read failed: Error: Durable Object reset because its code was updated.
    at sE.evaluateImpl (https://ocios.app/assets/index-BXKxnkrd.js:10:143136)
    at sE.evaluateWithDepth (https://ocios.app/assets/index-BXKxnkrd.js:10:140846)
    at sE.evaluate (https://ocios.app/assets/index-BXKxnkrd.js:10:140729)
    at AP.readLoop (https://ocios.app/assets/index-BXKxnkrd.js:10:158799)
[2026-09-02T07:21:50.823Z] [debug] A matter read failed: Error: Durable Object reset because its code was updated.
    at sE.evaluateImpl (https://ocios.app/assets/index-BXKxnkrd.js:10:143136)
    at sE.evaluateWithDepth (https://ocios.app/assets/index-BXKxnkrd.js:10:140846)
    at sE.evaluate (https://ocios.app/assets/index-BXKxnkrd.js:10:140729)
    at AP.readLoop (https://ocios.app/assets/index-BXKxnkrd.js:10:158799)
[2026-09-02T07:21:55.804Z] [debug] A matter read failed: Error: Durable Object reset because its code was updated.
    at sE.evaluateImpl (https://ocios.app/assets/index-BXKxnkrd.js:10:143136)
    at sE.evaluateWithDepth (https://ocios.app/assets/index-BXKxnkrd.js:10:140846)
    at sE.evaluate (https://ocios.app/assets/index-BXKxnkrd.js:10:140729)
    at AP.readLoop (https://ocios.app/assets/index-BXKxnkrd.js:10:158799)
[2026-09-02T07:22:00.788Z] [debug] A matter read failed: Error: Durable Object reset because its code was updated.
    at sE.evaluateImpl (https://ocios.app/assets/index-BXKxnkrd.js:10:143136)
    at sE.evaluateWithDepth (https://ocios.app/assets/index-BXKxnkrd.js:10:140846)
    at sE.evaluate (https://ocios.app/assets/index-BXKxnkrd.js:10:140729)
    at AP.readLoop (https://ocios.app/assets/index-BXKxnkrd.js:10:158799)
[2026-09-02T07:22:05.788Z] [debug] A matter read failed: Error: Durable Object reset because its code was updated.
    at sE.evaluateImpl (https://ocios.app/assets/index-BXKxnkrd.js:10:143136)
    at sE.evaluateWithDepth (https://ocios.app/assets/index-BXKxnkrd.js:10:140846)
    at sE.evaluate (https://ocios.app/assets/index-BXKxnkrd.js:10:140729)
    at AP.readLoop (https://ocios.app/assets/index-BXKxnkrd.js:10:158799)
[2026-09-02T07:22:05.881Z] [debug] A matter read failed: Error: Durable Object reset because its code was updated.
    at sE.evaluateImpl (https://ocios.app/assets/index-BXKxnkrd.js:10:143136)
    at sE.evaluateWithDepth (https://ocios.app/assets/index-BXKxnkrd.js:10:140846)
    at sE.evaluate (https://ocios.app/assets/index-BXKxnkrd.js:10:140729)
    at AP.readLoop (https://ocios.app/assets/index-BXKxnkrd.js:10:158799)
[2026-09-02T07:22:10.801Z] [debug] A matter read failed: Error: Durable Object reset because its code was updated.
    at sE.evaluateImpl (https://ocios.app/assets/index-BXKxnkrd.js:10:143136)
    at sE.evaluateWithDepth (https://ocios.app/assets/index-BXKxnkrd.js:10:140846)
    at sE.evaluate (https://ocios.app/assets/index-BXKxnkrd.js:10:140729)
    at AP.readLoop (https://ocios.app/assets/index-BXKxnkrd.js:10:158799)
[2026-09-02T07:22:15.864Z] [debug] A matter read failed: Error: Durable Object reset because its code was updated.
    at sE.evaluateImpl (https://ocios.app/assets/index-BXKxnkrd.js:10:143136)
    at sE.evaluateWithDepth (https://ocios.app/assets/index-BXKxnkrd.js:10:140846)
    at sE.evaluate (https://ocios.app/assets/index-BXKxnkrd.js:10:140729)
    at AP.readLoop (https://ocios.app/assets/index-BXKxnkrd.js:10:158799)
[2026-09-02T07:22:20.787Z] [debug] A matter read failed: Error: Durable Object reset because its code was updated.
    at sE.evaluateImpl (https://ocios.app/assets/index-BXKxnkrd.js:10:143136)
    at sE.evaluateWithDepth (https://ocios.app/assets/index-BXKxnkrd.js:10:140846)
    at sE.evaluate (https://ocios.app/assets/index-BXKxnkrd.js:10:140729)
    at AP.readLoop (https://ocios.app/assets/index-BXKxnkrd.js:10:158799)
[2026-09-02T07:22:20.827Z] [debug] A matter read failed: Error: Durable Object reset because its code was updated.
    at sE.evaluateImpl (https://ocios.app/assets/index-BXKxnkrd.js:10:143136)
    at sE.evaluateWithDepth (https://ocios.app/assets/index-BXKxnkrd.js:10:140846)
    at sE.evaluate (https://ocios.app/assets/index-BXKxnkrd.js:10:140729)
    at AP.readLoop (https://ocios.app/assets/index-BXKxnkrd.js:10:158799)
[2026-09-02T07:22:25.820Z] [debug] A matter read failed: Error: Durable Object reset because its code was updated.
    at sE.evaluateImpl (https://ocios.app/assets/index-BXKxnkrd.js:10:143136)
    at sE.evaluateWithDepth (https://ocios.app/assets/index-BXKxnkrd.js:10:140846)
    at sE.evaluate (https://ocios.app/assets/index-BXKxnkrd.js:10:140729)
    at AP.readLoop (https://ocios.app/assets/index-BXKxnkrd.js:10:158799)
[2026-09-02T07:22:30.800Z] [debug] A matter read failed: Error: Durable Object reset because its code was updated.
    at sE.evaluateImpl (https://ocios.app/assets/index-BXKxnkrd.js:10:143136)
    at sE.evaluateWithDepth (https://ocios.app/assets/index-BXKxnkrd.js:10:140846)
    at sE.evaluate (https://ocios.app/assets/index-BXKxnkrd.js:10:140729)
    at AP.readLoop (https://ocios.app/assets/index-BXKxnkrd.js:10:158799)
[2026-09-02T07:22:35.796Z] [debug] A matter read failed: Error: Durable Object reset because its code was updated.
    at sE.evaluateImpl (https://ocios.app/assets/index-BXKxnkrd.js:10:143136)
    at sE.evaluateWithDepth (https://ocios.app/assets/index-BXKxnkrd.js:10:140846)
    at sE.evaluate (https://ocios.app/assets/index-BXKxnkrd.js:10:140729)
    at AP.readLoop (https://ocios.app/assets/index-BXKxnkrd.js:10:158799)
[2026-09-02T07:22:35.824Z] [debug] A matter read failed: Error: Durable Object reset because its code was updated.
    at sE.evaluateImpl (https://ocios.app/assets/index-BXKxnkrd.js:10:143136)
    at sE.evaluateWithDepth (https://ocios.app/assets/index-BXKxnkrd.js:10:140846)
    at sE.evaluate (https://ocios.app/assets/index-BXKxnkrd.js:10:140729)
    at AP.readLoop (https://ocios.app/assets/index-BXKxnkrd.js:10:158799)
[2026-09-02T07:22:40.798Z] [debug] A matter read failed: Error: Durable Object reset because its code was updated.
    at sE.evaluateImpl (https://ocios.app/assets/index-BXKxnkrd.js:10:143136)
    at sE.evaluateWithDepth (https://ocios.app/assets/index-BXKxnkrd.js:10:140846)
    at sE.evaluate (https://ocios.app/assets/index-BXKxnkrd.js:10:140729)
    at AP.readLoop (https://ocios.app/assets/index-BXKxnkrd.js:10:158799)
[2026-09-02T07:22:45.791Z] [debug] A matter read failed: Error: Durable Object reset because its code was updated.
    at sE.evaluateImpl (https://ocios.app/assets/index-BXKxnkrd.js:10:143136)
    at sE.evaluateWithDepth (https://ocios.app/assets/index-BXKxnkrd.js:10:140846)
    at sE.evaluate (https://ocios.app/assets/index-BXKxnkrd.js:10:140729)
    at AP.readLoop (https://ocios.app/assets/index-BXKxnkrd.js:10:158799)
[2026-09-02T07:22:50.793Z] [debug] A matter read failed: Error: Durable Object reset because its code was updated.
    at sE.evaluateImpl (https://ocios.app/assets/index-BXKxnkrd.js:10:143136)
    at sE.evaluateWithDepth (https://ocios.app/assets/index-BXKxnkrd.js:10:140846)
    at sE.evaluate (https://ocios.app/assets/index-BXKxnkrd.js:10:140729)
    at AP.readLoop (https://ocios.app/assets/index-BXKxnkrd.js:10:158799)
[2026-09-02T07:22:50.824Z] [debug] A matter read failed: Error: Durable Object reset because its code was updated.
    at sE.evaluateImpl (https://ocios.app/assets/index-BXKxnkrd.js:10:143136)
    at sE.evaluateWithDepth (https://ocios.app/assets/index-BXKxnkrd.js:10:140846)
    at sE.evaluate (https://ocios.app/assets/index-BXKxnkrd.js:10:140729)
    at AP.readLoop (https://ocios.app/assets/index-BXKxnkrd.js:10:158799)
[2026-09-02T07:22:55.791Z] [debug] A matter read failed: Error: Durable Object reset because its code was updated.
    at sE.evaluateImpl (https://ocios.app/assets/index-BXKxnkrd.js:10:143136)
    at sE.evaluateWithDepth (https://ocios.app/assets/index-BXKxnkrd.js:10:140846)
    at sE.evaluate (https://ocios.app/assets/index-BXKxnkrd.js:10:140729)
    at AP.readLoop (https://ocios.app/assets/index-BXKxnkrd.js:10:158799)
[2026-09-02T07:23:00.793Z] [debug] A matter read failed: Error: Durable Object reset because its code was updated.
    at sE.evaluateImpl (https://ocios.app/assets/index-BXKxnkrd.js:10:143136)
    at sE.evaluateWithDepth (https://ocios.app/assets/index-BXKxnkrd.js:10:140846)
    at sE.evaluate (https://ocios.app/assets/index-BXKxnkrd.js:10:140729)
    at AP.readLoop (https://ocios.app/assets/index-BXKxnkrd.js:10:158799)
[2026-09-02T07:23:05.798Z] [debug] A matter read failed: Error: Durable Object reset because its code was updated.
    at sE.evaluateImpl (https://ocios.app/assets/index-BXKxnkrd.js:10:143136)
    at sE.evaluateWithDepth (https://ocios.app/assets/index-BXKxnkrd.js:10:140846)
    at sE.evaluate (https://ocios.app/assets/index-BXKxnkrd.js:10:140729)
    at AP.readLoop (https://ocios.app/assets/index-BXKxnkrd.js:10:158799)
[2026-09-02T07:23:05.823Z] [debug] A matter read failed: Error: Durable Object reset because its code was updated.
    at sE.evaluateImpl (https://ocios.app/assets/index-BXKxnkrd.js:10:143136)
    at sE.evaluateWithDepth (https://ocios.app/assets/index-BXKxnkrd.js:10:140846)
    at sE.evaluate (https://ocios.app/assets/index-BXKxnkrd.js:10:140729)
    at AP.readLoop (https://ocios.app/assets/index-BXKxnkrd.js:10:158799)
[2026-09-02T07:23:10.794Z] [debug] A matter read failed: Error: Durable Object reset because its code was updated.
    at sE.evaluateImpl (https://ocios.app/assets/index-BXKxnkrd.js:10:143136)
    at sE.evaluateWithDepth (https://ocios.app/assets/index-BXKxnkrd.js:10:140846)
    at sE.evaluate (https://ocios.app/assets/index-BXKxnkrd.js:10:140729)
    at AP.readLoop (https://ocios.app/assets/index-BXKxnkrd.js:10:158799)
[2026-09-02T07:23:15.790Z] [debug] A matter read failed: Error: Durable Object reset because its code was updated.
    at sE.evaluateImpl (https://ocios.app/assets/index-BXKxnkrd.js:10:143136)
    at sE.evaluateWithDepth (https://ocios.app/assets/index-BXKxnkrd.js:10:140846)
    at sE.evaluate (https://ocios.app/assets/index-BXKxnkrd.js:10:140729)
    at AP.readLoop (https://ocios.app/assets/index-BXKxnkrd.js:10:158799)
[2026-09-02T07:23:20.856Z] [debug] A matter read failed: Error: Durable Object reset because its code was updated.
    at sE.evaluateImpl (https://ocios.app/assets/index-BXKxnkrd.js:10:143136)
    at sE.evaluateWithDepth (https://ocios.app/assets/index-BXKxnkrd.js:10:140846)
    at sE.evaluate (https://ocios.app/assets/index-BXKxnkrd.js:10:140729)
    at AP.readLoop (https://ocios.app/assets/index-BXKxnkrd.js:10:158799)
[2026-09-02T07:23:20.878Z] [debug] A matter read failed: Error: Durable Object reset because its code was updated.
    at sE.evaluateImpl (https://ocios.app/assets/index-BXKxnkrd.js:10:143136)
    at sE.evaluateWithDepth (https://ocios.app/assets/index-BXKxnkrd.js:10:140846)
    at sE.evaluate (https://ocios.app/assets/index-BXKxnkrd.js:10:140729)
    at AP.readLoop (https://ocios.app/assets/index-BXKxnkrd.js:10:158799)
[2026-09-02T07:23:25.789Z] [debug] A matter read failed: Error: Durable Object reset because its code was updated.
    at sE.evaluateImpl (https://ocios.app/assets/index-BXKxnkrd.js:10:143136)
    at sE.evaluateWithDepth (https://ocios.app/assets/index-BXKxnkrd.js:10:140846)
    at sE.evaluate (https://ocios.app/assets/index-BXKxnkrd.js:10:140729)
    at AP.readLoop (https://ocios.app/assets/index-BXKxnkrd.js:10:158799)
[2026-09-02T07:23:30.838Z] [debug] A matter read failed: Error: Durable Object reset because its code was updated.
    at sE.evaluateImpl (https://ocios.app/assets/index-BXKxnkrd.js:10:143136)
    at sE.evaluateWithDepth (https://ocios.app/assets/index-BXKxnkrd.js:10:140846)
    at sE.evaluate (https://ocios.app/assets/index-BXKxnkrd.js:10:140729)
    at AP.readLoop (https://ocios.app/assets/index-BXKxnkrd.js:10:158799)
[2026-09-02T07:23:35.793Z] [debug] A matter read failed: Error: Durable Object reset because its code was updated.
    at sE.evaluateImpl (https://ocios.app/assets/index-BXKxnkrd.js:10:143136)
    at sE.evaluateWithDepth (https://ocios.app/assets/index-BXKxnkrd.js:10:140846)
    at sE.evaluate (https://ocios.app/assets/index-BXKxnkrd.js:10:140729)
    at AP.readLoop (https://ocios.app/assets/index-BXKxnkrd.js:10:158799)
[2026-09-02T07:23:35.824Z] [debug] A matter read failed: Error: Durable Object reset because its code was updated.
    at sE.evaluateImpl (https://ocios.app/assets/index-BXKxnkrd.js:10:143136)
    at sE.evaluateWithDepth (https://ocios.app/assets/index-BXKxnkrd.js:10:140846)
    at sE.evaluate (https://ocios.app/assets/index-BXKxnkrd.js:10:140729)
    at AP.readLoop (https://ocios.app/assets/index-BXKxnkrd.js:10:158799)
[2026-09-02T07:23:40.796Z] [debug] A matter read failed: Error: Durable Object reset because its code was updated.
    at sE.evaluateImpl (https://ocios.app/assets/index-BXKxnkrd.js:10:143136)
    at sE.evaluateWithDepth (https://ocios.app/assets/index-BXKxnkrd.js:10:140846)
    at sE.evaluate (https://ocios.app/assets/index-BXKxnkrd.js:10:140729)
    at AP.readLoop (https://ocios.app/assets/index-BXKxnkrd.js:10:158799)
[2026-09-02T07:23:45.791Z] [debug] A matter read failed: Error: Durable Object reset because its code was updated.
    at sE.evaluateImpl (https://ocios.app/assets/index-BXKxnkrd.js:10:143136)
    at sE.evaluateWithDepth (https://ocios.app/assets/index-BXKxnkrd.js:10:140846)
    at sE.evaluate (https://ocios.app/assets/index-BXKxnkrd.js:10:140729)
    at AP.readLoop (https://ocios.app/assets/index-BXKxnkrd.js:10:158799)
[2026-09-02T07:23:50.791Z] [debug] A matter read failed: Error: Durable Object reset because its code was updated.
    at sE.evaluateImpl (https://ocios.app/assets/index-BXKxnkrd.js:10:143136)
    at sE.evaluateWithDepth (https://ocios.app/assets/index-BXKxnkrd.js:10:140846)
    at sE.evaluate (https://ocios.app/assets/index-BXKxnkrd.js:10:140729)
    at AP.readLoop (https://ocios.app/assets/index-BXKxnkrd.js:10:158799)
[2026-09-02T07:23:50.827Z] [debug] A matter read failed: Error: Durable Object reset because its code was updated.
    at sE.evaluateImpl (https://ocios.app/assets/index-BXKxnkrd.js:10:143136)
    at sE.evaluateWithDepth (https://ocios.app/assets/index-BXKxnkrd.js:10:140846)
    at sE.evaluate (https://ocios.app/assets/index-BXKxnkrd.js:10:140729)
    at AP.readLoop (https://ocios.app/assets/index-BXKxnkrd.js:10:158799)
[2026-09-02T07:23:55.792Z] [debug] A matter read failed: Error: Durable Object reset because its code was updated.
    at sE.evaluateImpl (https://ocios.app/assets/index-BXKxnkrd.js:10:143136)
    at sE.evaluateWithDepth (https://ocios.app/assets/index-BXKxnkrd.js:10:140846)
    at sE.evaluate (https://ocios.app/assets/index-BXKxnkrd.js:10:140729)
    at AP.readLoop (https://ocios.app/assets/index-BXKxnkrd.js:10:158799)
[2026-09-02T07:24:36.257Z] [warning] [Kumo Input]: Input must have an accessible name. Provide either:
  - label prop: <Input label='Email' />
  - aria-label: <Input aria-label='Email address' />
  - aria-labelledby for custom label association
[2026-09-02T07:24:41.169Z] [warning] [Kumo Input]: Input must have an accessible name. Provide either:
  - label prop: <Input label='Email' />
  - aria-label: <Input aria-label='Email address' />
  - aria-labelledby for custom label association
[2026-09-02T07:24:46.166Z] [warning] [Kumo Input]: Input must have an accessible name. Provide either:
  - label prop: <Input label='Email' />
  - aria-label: <Input aria-label='Email address' />
  - aria-labelledby for custom label association
[2026-09-02T07:24:51.165Z] [warning] [Kumo Input]: Input must have an accessible name. Provide either:
  - label prop: <Input label='Email' />
  - aria-label: <Input aria-label='Email address' />
  - aria-labelledby for custom label association
[2026-09-02T07:24:51.252Z] [warning] [Kumo Input]: Input must have an accessible name. Provide either:
  - label prop: <Input label='Email' />
  - aria-label: <Input aria-label='Email address' />
  - aria-labelledby for custom label association
[2026-09-02T07:24:56.159Z] [warning] [Kumo Input]: Input must have an accessible name. Provide either:
  - label prop: <Input label='Email' />
  - aria-label: <Input aria-label='Email address' />
  - aria-labelledby for custom label association
[2026-09-02T07:26:39.855Z] [warning] [Kumo Input]: Input must have an accessible name. Provide either:
  - label prop: <Input label='Email' />
  - aria-label: <Input aria-label='Email address' />
  - aria-labelledby for custom label association
[2026-09-02T07:26:39.893Z] [warning] [Kumo Input]: Input must have an accessible name. Provide either:
  - label prop: <Input label='Email' />
  - aria-label: <Input aria-label='Email address' />
  - aria-labelledby for custom label association
[2026-09-02T07:26:39.899Z] [warning] [Kumo Input]: Input must have an accessible name. Provide either:
  - label prop: <Input label='Email' />
  - aria-label: <Input aria-label='Email address' />
  - aria-labelledby for custom label association
[2026-09-02T07:26:39.932Z] [warning] [Kumo Input]: Input must have an accessible name. Provide either:
  - label prop: <Input label='Email' />
  - aria-label: <Input aria-label='Email address' />
  - aria-labelledby for custom label association
[2026-09-02T07:26:44.472Z] [warning] [Kumo Input]: Input must have an accessible name. Provide either:
  - label prop: <Input label='Email' />
  - aria-label: <Input aria-label='Email address' />
  - aria-labelledby for custom label association
[2026-09-02T07:26:44.474Z] [warning] [Kumo Input]: Input must have an accessible name. Provide either:
  - label prop: <Input label='Email' />
  - aria-label: <Input aria-label='Email address' />
  - aria-labelledby for custom label association
[2026-09-02T07:26:44.514Z] [warning] [Kumo Input]: Input must have an accessible name. Provide either:
  - label prop: <Input label='Email' />
  - aria-label: <Input aria-label='Email address' />
  - aria-labelledby for custom label association
[2026-09-02T07:26:44.846Z] [warning] [Kumo Input]: Input must have an accessible name. Provide either:
  - label prop: <Input label='Email' />
  - aria-label: <Input aria-label='Email address' />
  - aria-labelledby for custom label association
[2026-09-02T07:31:12.016Z] [warning] [Kumo Input]: Input must have an accessible name. Provide either:
  - label prop: <Input label='Email' />
  - aria-label: <Input aria-label='Email address' />
  - aria-labelledby for custom label association
[2026-09-02T07:31:12.082Z] [warning] [Kumo Input]: Input must have an accessible name. Provide either:
  - label prop: <Input label='Email' />
  - aria-label: <Input aria-label='Email address' />
  - aria-labelledby for custom label association
[2026-09-02T07:31:12.087Z] [warning] [Kumo Input]: Input must have an accessible name. Provide either:
  - label prop: <Input label='Email' />
  - aria-label: <Input aria-label='Email address' />
  - aria-labelledby for custom label association
[2026-09-02T07:31:12.119Z] [warning] [Kumo Input]: Input must have an accessible name. Provide either:
  - label prop: <Input label='Email' />
  - aria-label: <Input aria-label='Email address' />
  - aria-labelledby for custom label association
[2026-09-02T07:31:17.011Z] [warning] [Kumo Input]: Input must have an accessible name. Provide either:
  - label prop: <Input label='Email' />
  - aria-label: <Input aria-label='Email address' />
  - aria-labelledby for custom label association
[2026-09-02T07:31:44.915Z] [warning] [Kumo Input]: Input must have an accessible name. Provide either:
  - label prop: <Input label='Email' />
  - aria-label: <Input aria-label='Email address' />
  - aria-labelledby for custom label association
[2026-09-02T07:31:44.959Z] [warning] [Kumo Input]: Input must have an accessible name. Provide either:
  - label prop: <Input label='Email' />
  - aria-label: <Input aria-label='Email address' />
  - aria-labelledby for custom label association
[2026-09-02T07:31:44.966Z] [warning] [Kumo Input]: Input must have an accessible name. Provide either:
  - label prop: <Input label='Email' />
  - aria-label: <Input aria-label='Email address' />
  - aria-labelledby for custom label association
[2026-09-02T07:31:45.006Z] [warning] [Kumo Input]: Input must have an accessible name. Provide either:
  - label prop: <Input label='Email' />
  - aria-label: <Input aria-label='Email address' />
  - aria-labelledby for custom label association
[2026-09-02T07:31:49.951Z] [warning] [Kumo Input]: Input must have an accessible name. Provide either:
  - label prop: <Input label='Email' />
  - aria-label: <Input aria-label='Email address' />
  - aria-labelledby for custom label association
[2026-09-02T07:31:54.913Z] [warning] [Kumo Input]: Input must have an accessible name. Provide either:
  - label prop: <Input label='Email' />
  - aria-label: <Input aria-label='Email address' />
  - aria-labelledby for custom label association
[2026-09-02T07:31:59.948Z] [warning] [Kumo Input]: Input must have an accessible name. Provide either:
  - label prop: <Input label='Email' />
  - aria-label: <Input aria-label='Email address' />
  - aria-labelledby for custom label association
[2026-09-02T07:31:59.960Z] [warning] [Kumo Input]: Input must have an accessible name. Provide either:
  - label prop: <Input label='Email' />
  - aria-label: <Input aria-label='Email address' />
  - aria-labelledby for custom label association
[2026-09-02T07:32:04.913Z] [warning] [Kumo Input]: Input must have an accessible name. Provide either:
  - label prop: <Input label='Email' />
  - aria-label: <Input aria-label='Email address' />
  - aria-labelledby for custom label association
[2026-09-02T07:32:09.913Z] [warning] [Kumo Input]: Input must have an accessible name. Provide either:
  - label prop: <Input label='Email' />
  - aria-label: <Input aria-label='Email address' />
  - aria-labelledby for custom label association
[2026-09-02T07:32:14.917Z] [warning] [Kumo Input]: Input must have an accessible name. Provide either:
  - label prop: <Input label='Email' />
  - aria-label: <Input aria-label='Email address' />
  - aria-labelledby for custom label association
[2026-09-02T07:32:14.963Z] [warning] [Kumo Input]: Input must have an accessible name. Provide either:
  - label prop: <Input label='Email' />
  - aria-label: <Input aria-label='Email address' />
  - aria-labelledby for custom label association
[2026-09-02T07:32:14.964Z] [warning] [Kumo Input]: Input must have an accessible name. Provide either:
  - label prop: <Input label='Email' />
  - aria-label: <Input aria-label='Email address' />
  - aria-labelledby for custom label association
[2026-09-02T07:32:16.941Z] [warning] [Kumo Input]: Input must have an accessible name. Provide either:
  - label prop: <Input label='Email' />
  - aria-label: <Input aria-label='Email address' />
  - aria-labelledby for custom label association
[2026-09-02T07:32:16.942Z] [warning] [Kumo Input]: Input must have an accessible name. Provide either:
  - label prop: <Input label='Email' />
  - aria-label: <Input aria-label='Email address' />
  - aria-labelledby for custom label association
[2026-09-02T07:32:16.980Z] [warning] [Kumo Input]: Input must have an accessible name. Provide either:
  - label prop: <Input label='Email' />
  - aria-label: <Input aria-label='Email address' />
  - aria-labelledby for custom label association
[2026-09-02T07:32:18.611Z] [warning] [Kumo Input]: Input must have an accessible name. Provide either:
  - label prop: <Input label='Email' />
  - aria-label: <Input aria-label='Email address' />
  - aria-labelledby for custom label association
[2026-09-02T07:32:18.612Z] [warning] [Kumo Input]: Input must have an accessible name. Provide either:
  - label prop: <Input label='Email' />
  - aria-label: <Input aria-label='Email address' />
  - aria-labelledby for custom label association
[2026-09-02T07:32:18.656Z] [warning] [Kumo Input]: Input must have an accessible name. Provide either:
  - label prop: <Input label='Email' />
  - aria-label: <Input aria-label='Email address' />
  - aria-labelledby for custom label association
[2026-09-02T07:32:18.656Z] [warning] [Kumo Input]: Input must have an accessible name. Provide either:
  - label prop: <Input label='Email' />
  - aria-label: <Input aria-label='Email address' />
  - aria-labelledby for custom label association
[2026-09-02T07:32:18.668Z] [warning] [Kumo Input]: Input must have an accessible name. Provide either:
  - label prop: <Input label='Email' />
  - aria-label: <Input aria-label='Email address' />
  - aria-labelledby for custom label association
[2026-09-02T07:32:18.706Z] [warning] [Kumo Input]: Input must have an accessible name. Provide either:
  - label prop: <Input label='Email' />
  - aria-label: <Input aria-label='Email address' />
  - aria-labelledby for custom label association
[2026-09-02T07:32:23.656Z] [warning] [Kumo Input]: Input must have an accessible name. Provide either:
  - label prop: <Input label='Email' />
  - aria-label: <Input aria-label='Email address' />
  - aria-labelledby for custom label association
[2026-09-02T07:32:23.708Z] [warning] [Kumo Input]: Input must have an accessible name. Provide either:
  - label prop: <Input label='Email' />
  - aria-label: <Input aria-label='Email address' />
  - aria-labelledby for custom label association
[2026-09-02T07:32:28.653Z] [warning] [Kumo Input]: Input must have an accessible name. Provide either:
  - label prop: <Input label='Email' />
  - aria-label: <Input aria-label='Email address' />
  - aria-labelledby for custom label association
[2026-09-02T07:32:28.745Z] [warning] [Kumo Input]: Input must have an accessible name. Provide either:
  - label prop: <Input label='Email' />
  - aria-label: <Input aria-label='Email address' />
  - aria-labelledby for custom label association
[2026-09-02T07:32:33.655Z] [warning] [Kumo Input]: Input must have an accessible name. Provide either:
  - label prop: <Input label='Email' />
  - aria-label: <Input aria-label='Email address' />
  - aria-labelledby for custom label association
[2026-09-02T07:32:33.708Z] [warning] [Kumo Input]: Input must have an accessible name. Provide either:
  - label prop: <Input label='Email' />
  - aria-label: <Input aria-label='Email address' />
  - aria-labelledby for custom label association
[2026-09-02T07:32:38.708Z] [warning] [Kumo Input]: Input must have an accessible name. Provide either:
  - label prop: <Input label='Email' />
  - aria-label: <Input aria-label='Email address' />
  - aria-labelledby for custom label association
[2026-09-02T07:32:38.747Z] [warning] [Kumo Input]: Input must have an accessible name. Provide either:
  - label prop: <Input label='Email' />
  - aria-label: <Input aria-label='Email address' />
  - aria-labelledby for custom label association
[2026-09-02T07:32:43.662Z] [warning] [Kumo Input]: Input must have an accessible name. Provide either:
  - label prop: <Input label='Email' />
  - aria-label: <Input aria-label='Email address' />
  - aria-labelledby for custom label association
[2026-09-02T07:32:43.709Z] [warning] [Kumo Input]: Input must have an accessible name. Provide either:
  - label prop: <Input label='Email' />
  - aria-label: <Input aria-label='Email address' />
  - aria-labelledby for custom label association
[2026-09-02T07:32:45.000Z] [warning] [Kumo Input]: Input must have an accessible name. Provide either:
  - label prop: <Input label='Email' />
  - aria-label: <Input aria-label='Email address' />
  - aria-labelledby for custom label association
[2026-09-02T07:32:48.707Z] [warning] [Kumo Input]: Input must have an accessible name. Provide either:
  - label prop: <Input label='Email' />
  - aria-label: <Input aria-label='Email address' />
  - aria-labelledby for custom label association
[2026-09-02T07:32:48.707Z] [warning] [Kumo Input]: Input must have an accessible name. Provide either:
  - label prop: <Input label='Email' />
  - aria-label: <Input aria-label='Email address' />
  - aria-labelledby for custom label association
[2026-09-02T07:32:53.652Z] [warning] [Kumo Input]: Input must have an accessible name. Provide either:
  - label prop: <Input label='Email' />
  - aria-label: <Input aria-label='Email address' />
  - aria-labelledby for custom label association
[2026-09-02T07:32:53.709Z] [warning] [Kumo Input]: Input must have an accessible name. Provide either:
  - label prop: <Input label='Email' />
  - aria-label: <Input aria-label='Email address' />
  - aria-labelledby for custom label association
[2026-09-02T07:32:58.667Z] [warning] [Kumo Input]: Input must have an accessible name. Provide either:
  - label prop: <Input label='Email' />
  - aria-label: <Input aria-label='Email address' />
  - aria-labelledby for custom label association
[2026-09-02T07:32:58.708Z] [warning] [Kumo Input]: Input must have an accessible name. Provide either:
  - label prop: <Input label='Email' />
  - aria-label: <Input aria-label='Email address' />
  - aria-labelledby for custom label association
[2026-09-02T07:33:03.652Z] [warning] [Kumo Input]: Input must have an accessible name. Provide either:
  - label prop: <Input label='Email' />
  - aria-label: <Input aria-label='Email address' />
  - aria-labelledby for custom label association
[2026-09-02T07:33:03.708Z] [warning] [Kumo Input]: Input must have an accessible name. Provide either:
  - label prop: <Input label='Email' />
  - aria-label: <Input aria-label='Email address' />
  - aria-labelledby for custom label association
[2026-09-02T07:33:08.666Z] [warning] [Kumo Input]: Input must have an accessible name. Provide either:
  - label prop: <Input label='Email' />
  - aria-label: <Input aria-label='Email address' />
  - aria-labelledby for custom label association
[2026-09-02T07:33:08.716Z] [warning] [Kumo Input]: Input must have an accessible name. Provide either:
  - label prop: <Input label='Email' />
  - aria-label: <Input aria-label='Email address' />
  - aria-labelledby for custom label association
[2026-09-02T07:33:13.652Z] [warning] [Kumo Input]: Input must have an accessible name. Provide either:
  - label prop: <Input label='Email' />
  - aria-label: <Input aria-label='Email address' />
  - aria-labelledby for custom label association
[2026-09-02T07:33:13.707Z] [warning] [Kumo Input]: Input must have an accessible name. Provide either:
  - label prop: <Input label='Email' />
  - aria-label: <Input aria-label='Email address' />
  - aria-labelledby for custom label association
[2026-09-02T07:33:14.962Z] [warning] [Kumo Input]: Input must have an accessible name. Provide either:
  - label prop: <Input label='Email' />
  - aria-label: <Input aria-label='Email address' />
  - aria-labelledby for custom label association
[2026-09-02T07:33:18.657Z] [warning] [Kumo Input]: Input must have an accessible name. Provide either:
  - label prop: <Input label='Email' />
  - aria-label: <Input aria-label='Email address' />
  - aria-labelledby for custom label association
[2026-09-02T07:33:18.714Z] [warning] [Kumo Input]: Input must have an accessible name. Provide either:
  - label prop: <Input label='Email' />
  - aria-label: <Input aria-label='Email address' />
  - aria-labelledby for custom label association
[2026-09-02T07:33:23.656Z] [warning] [Kumo Input]: Input must have an accessible name. Provide either:
  - label prop: <Input label='Email' />
  - aria-label: <Input aria-label='Email address' />
  - aria-labelledby for custom label association
[2026-09-02T07:33:23.710Z] [warning] [Kumo Input]: Input must have an accessible name. Provide either:
  - label prop: <Input label='Email' />
  - aria-label: <Input aria-label='Email address' />
  - aria-labelledby for custom label association
[2026-09-02T07:33:28.660Z] [warning] [Kumo Input]: Input must have an accessible name. Provide either:
  - label prop: <Input label='Email' />
  - aria-label: <Input aria-label='Email address' />
  - aria-labelledby for custom label association
[2026-09-02T07:33:28.708Z] [warning] [Kumo Input]: Input must have an accessible name. Provide either:
  - label prop: <Input label='Email' />
  - aria-label: <Input aria-label='Email address' />
  - aria-labelledby for custom label association
[2026-09-02T07:33:33.653Z] [warning] [Kumo Input]: Input must have an accessible name. Provide either:
  - label prop: <Input label='Email' />
  - aria-label: <Input aria-label='Email address' />
  - aria-labelledby for custom label association
[2026-09-02T07:33:33.759Z] [warning] [Kumo Input]: Input must have an accessible name. Provide either:
  - label prop: <Input label='Email' />
  - aria-label: <Input aria-label='Email address' />
  - aria-labelledby for custom label association
[2026-09-02T07:33:38.656Z] [warning] [Kumo Input]: Input must have an accessible name. Provide either:
  - label prop: <Input label='Email' />
  - aria-label: <Input aria-label='Email address' />
  - aria-labelledby for custom label association
[2026-09-02T07:33:38.709Z] [warning] [Kumo Input]: Input must have an accessible name. Provide either:
  - label prop: <Input label='Email' />
  - aria-label: <Input aria-label='Email address' />
  - aria-labelledby for custom label association
[2026-09-02T07:33:43.720Z] [warning] [Kumo Input]: Input must have an accessible name. Provide either:
  - label prop: <Input label='Email' />
  - aria-label: <Input aria-label='Email address' />
  - aria-labelledby for custom label association
[2026-09-02T07:33:43.757Z] [warning] [Kumo Input]: Input must have an accessible name. Provide either:
  - label prop: <Input label='Email' />
  - aria-label: <Input aria-label='Email address' />
  - aria-labelledby for custom label association
[2026-09-02T07:33:44.963Z] [warning] [Kumo Input]: Input must have an accessible name. Provide either:
  - label prop: <Input label='Email' />
  - aria-label: <Input aria-label='Email address' />
  - aria-labelledby for custom label association
[2026-09-02T07:33:48.654Z] [warning] [Kumo Input]: Input must have an accessible name. Provide either:
  - label prop: <Input label='Email' />
  - aria-label: <Input aria-label='Email address' />
  - aria-labelledby for custom label association
[2026-09-02T07:33:48.710Z] [warning] [Kumo Input]: Input must have an accessible name. Provide either:
  - label prop: <Input label='Email' />
  - aria-label: <Input aria-label='Email address' />
  - aria-labelledby for custom label association
[2026-09-02T07:33:53.721Z] [warning] [Kumo Input]: Input must have an accessible name. Provide either:
  - label prop: <Input label='Email' />
  - aria-label: <Input aria-label='Email address' />
  - aria-labelledby for custom label association
[2026-09-02T07:33:53.722Z] [warning] [Kumo Input]: Input must have an accessible name. Provide either:
  - label prop: <Input label='Email' />
  - aria-label: <Input aria-label='Email address' />
  - aria-labelledby for custom label association
[2026-09-02T07:33:53.723Z] [warning] [Kumo Input]: Input must have an accessible name. Provide either:
  - label prop: <Input label='Email' />
  - aria-label: <Input aria-label='Email address' />
  - aria-labelledby for custom label association
[2026-09-02T07:33:53.767Z] [warning] [Kumo Input]: Input must have an accessible name. Provide either:
  - label prop: <Input label='Email' />
  - aria-label: <Input aria-label='Email address' />
  - aria-labelledby for custom label association
[2026-09-02T07:33:53.769Z] [warning] [Kumo Input]: Input must have an accessible name. Provide either:
  - label prop: <Input label='Email' />
  - aria-label: <Input aria-label='Email address' />
  - aria-labelledby for custom label association
[2026-09-02T07:36:06.436Z] [debug] A matter read failed: Error: Durable Object reset because its code was updated.
    at sE.evaluateImpl (https://ocios.app/assets/index-BXKxnkrd.js:10:143136)
    at sE.evaluateWithDepth (https://ocios.app/assets/index-BXKxnkrd.js:10:140846)
    at sE.evaluate (https://ocios.app/assets/index-BXKxnkrd.js:10:140729)
    at AP.readLoop (https://ocios.app/assets/index-BXKxnkrd.js:10:158799)
[2026-09-02T07:36:11.462Z] [debug] A matter read failed: Error: Durable Object reset because its code was updated.
    at sE.evaluateImpl (https://ocios.app/assets/index-BXKxnkrd.js:10:143136)
    at sE.evaluateWithDepth (https://ocios.app/assets/index-BXKxnkrd.js:10:140846)
    at sE.evaluate (https://ocios.app/assets/index-BXKxnkrd.js:10:140729)
    at AP.readLoop (https://ocios.app/assets/index-BXKxnkrd.js:10:158799)
[2026-09-02T07:36:11.471Z] [debug] A matter read failed: Error: Durable Object reset because its code was updated.
    at sE.evaluateImpl (https://ocios.app/assets/index-BXKxnkrd.js:10:143136)
    at sE.evaluateWithDepth (https://ocios.app/assets/index-BXKxnkrd.js:10:140846)
    at sE.evaluate (https://ocios.app/assets/index-BXKxnkrd.js:10:140729)
    at AP.readLoop (https://ocios.app/assets/index-BXKxnkrd.js:10:158799)
[2026-09-02T07:36:16.426Z] [debug] A matter read failed: Error: Durable Object reset because its code was updated.
    at sE.evaluateImpl (https://ocios.app/assets/index-BXKxnkrd.js:10:143136)
    at sE.evaluateWithDepth (https://ocios.app/assets/index-BXKxnkrd.js:10:140846)
    at sE.evaluate (https://ocios.app/assets/index-BXKxnkrd.js:10:140729)
    at AP.readLoop (https://ocios.app/assets/index-BXKxnkrd.js:10:158799)
[2026-09-02T07:36:21.434Z] [debug] A matter read failed: Error: Durable Object reset because its code was updated.
    at sE.evaluateImpl (https://ocios.app/assets/index-BXKxnkrd.js:10:143136)
    at sE.evaluateWithDepth (https://ocios.app/assets/index-BXKxnkrd.js:10:140846)
    at sE.evaluate (https://ocios.app/assets/index-BXKxnkrd.js:10:140729)
    at AP.readLoop (https://ocios.app/assets/index-BXKxnkrd.js:10:158799)
[2026-09-02T07:36:26.434Z] [debug] A matter read failed: Error: Durable Object reset because its code was updated.
    at sE.evaluateImpl (https://ocios.app/assets/index-BXKxnkrd.js:10:143136)
    at sE.evaluateWithDepth (https://ocios.app/assets/index-BXKxnkrd.js:10:140846)
    at sE.evaluate (https://ocios.app/assets/index-BXKxnkrd.js:10:140729)
    at AP.readLoop (https://ocios.app/assets/index-BXKxnkrd.js:10:158799)
[2026-09-02T07:36:26.472Z] [debug] A matter read failed: Error: Durable Object reset because its code was updated.
    at sE.evaluateImpl (https://ocios.app/assets/index-BXKxnkrd.js:10:143136)
    at sE.evaluateWithDepth (https://ocios.app/assets/index-BXKxnkrd.js:10:140846)
    at sE.evaluate (https://ocios.app/assets/index-BXKxnkrd.js:10:140729)
    at AP.readLoop (https://ocios.app/assets/index-BXKxnkrd.js:10:158799)
[2026-09-02T07:36:26.548Z] [debug] Failed to enable the matter wake hook: Error: Durable Object reset because its code was updated.
    at sE.evaluateImpl (https://ocios.app/assets/index-BXKxnkrd.js:10:143136)
    at sE.evaluateWithDepth (https://ocios.app/assets/index-BXKxnkrd.js:10:140846)
    at sE.evaluate (https://ocios.app/assets/index-BXKxnkrd.js:10:140729)
    at AP.readLoop (https://ocios.app/assets/index-BXKxnkrd.js:10:158799)
[2026-09-02T07:36:31.521Z] [debug] A matter read failed: Error: Durable Object reset because its code was updated.
    at sE.evaluateImpl (https://ocios.app/assets/index-BXKxnkrd.js:10:143136)
    at sE.evaluateWithDepth (https://ocios.app/assets/index-BXKxnkrd.js:10:140846)
    at sE.evaluate (https://ocios.app/assets/index-BXKxnkrd.js:10:140729)
    at AP.readLoop (https://ocios.app/assets/index-BXKxnkrd.js:10:158799)
[2026-09-02T07:36:36.443Z] [debug] A matter read failed: Error: Durable Object reset because its code was updated.
    at sE.evaluateImpl (https://ocios.app/assets/index-BXKxnkrd.js:10:143136)
    at sE.evaluateWithDepth (https://ocios.app/assets/index-BXKxnkrd.js:10:140846)
    at sE.evaluate (https://ocios.app/assets/index-BXKxnkrd.js:10:140729)
    at AP.readLoop (https://ocios.app/assets/index-BXKxnkrd.js:10:158799)
[2026-09-02T07:36:41.483Z] [debug] A matter read failed: Error: Durable Object reset because its code was updated.
    at sE.evaluateImpl (https://ocios.app/assets/index-BXKxnkrd.js:10:143136)
    at sE.evaluateWithDepth (https://ocios.app/assets/index-BXKxnkrd.js:10:140846)
    at sE.evaluate (https://ocios.app/assets/index-BXKxnkrd.js:10:140729)
    at AP.readLoop (https://ocios.app/assets/index-BXKxnkrd.js:10:158799)
[2026-09-02T07:36:41.483Z] [debug] A matter read failed: Error: Durable Object reset because its code was updated.
    at sE.evaluateImpl (https://ocios.app/assets/index-BXKxnkrd.js:10:143136)
    at sE.evaluateWithDepth (https://ocios.app/assets/index-BXKxnkrd.js:10:140846)
    at sE.evaluate (https://ocios.app/assets/index-BXKxnkrd.js:10:140729)
    at AP.readLoop (https://ocios.app/assets/index-BXKxnkrd.js:10:158799)
[2026-09-02T07:36:41.550Z] [debug] Failed to enable the matter wake hook: Error: Durable Object reset because its code was updated.
    at sE.evaluateImpl (https://ocios.app/assets/index-BXKxnkrd.js:10:143136)
    at sE.evaluateWithDepth (https://ocios.app/assets/index-BXKxnkrd.js:10:140846)
    at sE.evaluate (https://ocios.app/assets/index-BXKxnkrd.js:10:140729)
    at AP.readLoop (https://ocios.app/assets/index-BXKxnkrd.js:10:158799)
[2026-09-02T07:36:46.429Z] [debug] A matter read failed: Error: Durable Object reset because its code was updated.
    at sE.evaluateImpl (https://ocios.app/assets/index-BXKxnkrd.js:10:143136)
    at sE.evaluateWithDepth (https://ocios.app/assets/index-BXKxnkrd.js:10:140846)
    at sE.evaluate (https://ocios.app/assets/index-BXKxnkrd.js:10:140729)
    at AP.readLoop (https://ocios.app/assets/index-BXKxnkrd.js:10:158799)
[2026-09-02T07:36:51.440Z] [debug] A matter read failed: Error: Durable Object reset because its code was updated.
    at sE.evaluateImpl (https://ocios.app/assets/index-BXKxnkrd.js:10:143136)
    at sE.evaluateWithDepth (https://ocios.app/assets/index-BXKxnkrd.js:10:140846)
    at sE.evaluate (https://ocios.app/assets/index-BXKxnkrd.js:10:140729)
    at AP.readLoop (https://ocios.app/assets/index-BXKxnkrd.js:10:158799)
[2026-09-02T07:36:56.427Z] [debug] A matter read failed: Error: Durable Object reset because its code was updated.
    at sE.evaluateImpl (https://ocios.app/assets/index-BXKxnkrd.js:10:143136)
    at sE.evaluateWithDepth (https://ocios.app/assets/index-BXKxnkrd.js:10:140846)
    at sE.evaluate (https://ocios.app/assets/index-BXKxnkrd.js:10:140729)
    at AP.readLoop (https://ocios.app/assets/index-BXKxnkrd.js:10:158799)
[2026-09-02T07:36:56.497Z] [debug] A matter read failed: Error: Durable Object reset because its code was updated.
    at sE.evaluateImpl (https://ocios.app/assets/index-BXKxnkrd.js:10:143136)
    at sE.evaluateWithDepth (https://ocios.app/assets/index-BXKxnkrd.js:10:140846)
    at sE.evaluate (https://ocios.app/assets/index-BXKxnkrd.js:10:140729)
    at AP.readLoop (https://ocios.app/assets/index-BXKxnkrd.js:10:158799)
[2026-09-02T07:36:56.550Z] [debug] Failed to enable the matter wake hook: Error: Durable Object reset because its code was updated.
    at sE.evaluateImpl (https://ocios.app/assets/index-BXKxnkrd.js:10:143136)
    at sE.evaluateWithDepth (https://ocios.app/assets/index-BXKxnkrd.js:10:140846)
    at sE.evaluate (https://ocios.app/assets/index-BXKxnkrd.js:10:140729)
    at AP.readLoop (https://ocios.app/assets/index-BXKxnkrd.js:10:158799)
[2026-09-02T07:37:01.432Z] [debug] A matter read failed: Error: Durable Object reset because its code was updated.
    at sE.evaluateImpl (https://ocios.app/assets/index-BXKxnkrd.js:10:143136)
    at sE.evaluateWithDepth (https://ocios.app/assets/index-BXKxnkrd.js:10:140846)
    at sE.evaluate (https://ocios.app/assets/index-BXKxnkrd.js:10:140729)
    at AP.readLoop (https://ocios.app/assets/index-BXKxnkrd.js:10:158799)
[2026-09-02T07:37:06.432Z] [debug] A matter read failed: Error: Durable Object reset because its code was updated.
    at sE.evaluateImpl (https://ocios.app/assets/index-BXKxnkrd.js:10:143136)
    at sE.evaluateWithDepth (https://ocios.app/assets/index-BXKxnkrd.js:10:140846)
    at sE.evaluate (https://ocios.app/assets/index-BXKxnkrd.js:10:140729)
    at AP.readLoop (https://ocios.app/assets/index-BXKxnkrd.js:10:158799)
[2026-09-02T07:37:11.428Z] [debug] A matter read failed: Error: Durable Object reset because its code was updated.
    at sE.evaluateImpl (https://ocios.app/assets/index-BXKxnkrd.js:10:143136)
    at sE.evaluateWithDepth (https://ocios.app/assets/index-BXKxnkrd.js:10:140846)
    at sE.evaluate (https://ocios.app/assets/index-BXKxnkrd.js:10:140729)
    at AP.readLoop (https://ocios.app/assets/index-BXKxnkrd.js:10:158799)
[2026-09-02T07:37:11.473Z] [debug] A matter read failed: Error: Durable Object reset because its code was updated.
    at sE.evaluateImpl (https://ocios.app/assets/index-BXKxnkrd.js:10:143136)
    at sE.evaluateWithDepth (https://ocios.app/assets/index-BXKxnkrd.js:10:140846)
    at sE.evaluate (https://ocios.app/assets/index-BXKxnkrd.js:10:140729)
    at AP.readLoop (https://ocios.app/assets/index-BXKxnkrd.js:10:158799)
[2026-09-02T07:37:11.553Z] [debug] Failed to enable the matter wake hook: Error: Durable Object reset because its code was updated.
    at sE.evaluateImpl (https://ocios.app/assets/index-BXKxnkrd.js:10:143136)
    at sE.evaluateWithDepth (https://ocios.app/assets/index-BXKxnkrd.js:10:140846)
    at sE.evaluate (https://ocios.app/assets/index-BXKxnkrd.js:10:140729)
    at AP.readLoop (https://ocios.app/assets/index-BXKxnkrd.js:10:158799)
[2026-09-02T07:37:16.427Z] [debug] A matter read failed: Error: Durable Object reset because its code was updated.
    at sE.evaluateImpl (https://ocios.app/assets/index-BXKxnkrd.js:10:143136)
    at sE.evaluateWithDepth (https://ocios.app/assets/index-BXKxnkrd.js:10:140846)
    at sE.evaluate (https://ocios.app/assets/index-BXKxnkrd.js:10:140729)
    at AP.readLoop (https://ocios.app/assets/index-BXKxnkrd.js:10:158799)
[2026-09-02T07:37:21.430Z] [debug] A matter read failed: Error: Durable Object reset because its code was updated.
    at sE.evaluateImpl (https://ocios.app/assets/index-BXKxnkrd.js:10:143136)
    at sE.evaluateWithDepth (https://ocios.app/assets/index-BXKxnkrd.js:10:140846)
    at sE.evaluate (https://ocios.app/assets/index-BXKxnkrd.js:10:140729)
    at AP.readLoop (https://ocios.app/assets/index-BXKxnkrd.js:10:158799)
[2026-09-02T07:37:26.433Z] [debug] A matter read failed: Error: Durable Object reset because its code was updated.
    at sE.evaluateImpl (https://ocios.app/assets/index-BXKxnkrd.js:10:143136)
    at sE.evaluateWithDepth (https://ocios.app/assets/index-BXKxnkrd.js:10:140846)
    at sE.evaluate (https://ocios.app/assets/index-BXKxnkrd.js:10:140729)
    at AP.readLoop (https://ocios.app/assets/index-BXKxnkrd.js:10:158799)
[2026-09-02T07:37:26.471Z] [debug] A matter read failed: Error: Durable Object reset because its code was updated.
    at sE.evaluateImpl (https://ocios.app/assets/index-BXKxnkrd.js:10:143136)
    at sE.evaluateWithDepth (https://ocios.app/assets/index-BXKxnkrd.js:10:140846)
    at sE.evaluate (https://ocios.app/assets/index-BXKxnkrd.js:10:140729)
    at AP.readLoop (https://ocios.app/assets/index-BXKxnkrd.js:10:158799)
[2026-09-02T07:37:26.570Z] [debug] Failed to enable the matter wake hook: Error: Durable Object reset because its code was updated.
    at sE.evaluateImpl (https://ocios.app/assets/index-BXKxnkrd.js:10:143136)
    at sE.evaluateWithDepth (https://ocios.app/assets/index-BXKxnkrd.js:10:140846)
    at sE.evaluate (https://ocios.app/assets/index-BXKxnkrd.js:10:140729)
    at AP.readLoop (https://ocios.app/assets/index-BXKxnkrd.js:10:158799)
[2026-09-02T07:37:31.427Z] [debug] A matter read failed: Error: Durable Object reset because its code was updated.
    at sE.evaluateImpl (https://ocios.app/assets/index-BXKxnkrd.js:10:143136)
    at sE.evaluateWithDepth (https://ocios.app/assets/index-BXKxnkrd.js:10:140846)
    at sE.evaluate (https://ocios.app/assets/index-BXKxnkrd.js:10:140729)
    at AP.readLoop (https://ocios.app/assets/index-BXKxnkrd.js:10:158799)
[2026-09-02T07:37:36.433Z] [debug] A matter read failed: Error: Durable Object reset because its code was updated.
    at sE.evaluateImpl (https://ocios.app/assets/index-BXKxnkrd.js:10:143136)
    at sE.evaluateWithDepth (https://ocios.app/assets/index-BXKxnkrd.js:10:140846)
    at sE.evaluate (https://ocios.app/assets/index-BXKxnkrd.js:10:140729)
    at AP.readLoop (https://ocios.app/assets/index-BXKxnkrd.js:10:158799)
[2026-09-02T07:37:41.429Z] [debug] A matter read failed: Error: Durable Object reset because its code was updated.
    at sE.evaluateImpl (https://ocios.app/assets/index-BXKxnkrd.js:10:143136)
    at sE.evaluateWithDepth (https://ocios.app/assets/index-BXKxnkrd.js:10:140846)
    at sE.evaluate (https://ocios.app/assets/index-BXKxnkrd.js:10:140729)
    at AP.readLoop (https://ocios.app/assets/index-BXKxnkrd.js:10:158799)
[2026-09-02T07:37:41.471Z] [debug] A matter read failed: Error: Durable Object reset because its code was updated.
    at sE.evaluateImpl (https://ocios.app/assets/index-BXKxnkrd.js:10:143136)
    at sE.evaluateWithDepth (https://ocios.app/assets/index-BXKxnkrd.js:10:140846)
    at sE.evaluate (https://ocios.app/assets/index-BXKxnkrd.js:10:140729)
    at AP.readLoop (https://ocios.app/assets/index-BXKxnkrd.js:10:158799)
[2026-09-02T07:37:41.550Z] [debug] Failed to enable the matter wake hook: Error: Durable Object reset because its code was updated.
    at sE.evaluateImpl (https://ocios.app/assets/index-BXKxnkrd.js:10:143136)
    at sE.evaluateWithDepth (https://ocios.app/assets/index-BXKxnkrd.js:10:140846)
    at sE.evaluate (https://ocios.app/assets/index-BXKxnkrd.js:10:140729)
    at AP.readLoop (https://ocios.app/assets/index-BXKxnkrd.js:10:158799)
[2026-09-02T07:37:46.498Z] [debug] A matter read failed: Error: Durable Object reset because its code was updated.
    at sE.evaluateImpl (https://ocios.app/assets/index-BXKxnkrd.js:10:143136)
    at sE.evaluateWithDepth (https://ocios.app/assets/index-BXKxnkrd.js:10:140846)
    at sE.evaluate (https://ocios.app/assets/index-BXKxnkrd.js:10:140729)
    at AP.readLoop (https://ocios.app/assets/index-BXKxnkrd.js:10:158799)
[2026-09-02T07:37:51.436Z] [debug] A matter read failed: Error: Durable Object reset because its code was updated.
    at sE.evaluateImpl (https://ocios.app/assets/index-BXKxnkrd.js:10:143136)
    at sE.evaluateWithDepth (https://ocios.app/assets/index-BXKxnkrd.js:10:140846)
    at sE.evaluate (https://ocios.app/assets/index-BXKxnkrd.js:10:140729)
    at AP.readLoop (https://ocios.app/assets/index-BXKxnkrd.js:10:158799)
[2026-09-02T07:37:56.456Z] [debug] A matter read failed: Error: Durable Object reset because its code was updated.
    at sE.evaluateImpl (https://ocios.app/assets/index-BXKxnkrd.js:10:143136)
    at sE.evaluateWithDepth (https://ocios.app/assets/index-BXKxnkrd.js:10:140846)
    at sE.evaluate (https://ocios.app/assets/index-BXKxnkrd.js:10:140729)
    at AP.readLoop (https://ocios.app/assets/index-BXKxnkrd.js:10:158799)
[2026-09-02T07:37:56.469Z] [debug] A matter read failed: Error: Durable Object reset because its code was updated.
    at sE.evaluateImpl (https://ocios.app/assets/index-BXKxnkrd.js:10:143136)
    at sE.evaluateWithDepth (https://ocios.app/assets/index-BXKxnkrd.js:10:140846)
    at sE.evaluate (https://ocios.app/assets/index-BXKxnkrd.js:10:140729)
    at AP.readLoop (https://ocios.app/assets/index-BXKxnkrd.js:10:158799)
[2026-09-02T07:37:56.552Z] [debug] Failed to enable the matter wake hook: Error: Durable Object reset because its code was updated.
    at sE.evaluateImpl (https://ocios.app/assets/index-BXKxnkrd.js:10:143136)
    at sE.evaluateWithDepth (https://ocios.app/assets/index-BXKxnkrd.js:10:140846)
    at sE.evaluate (https://ocios.app/assets/index-BXKxnkrd.js:10:140729)
    at AP.readLoop (https://ocios.app/assets/index-BXKxnkrd.js:10:158799)
[2026-09-02T07:38:01.429Z] [debug] A matter read failed: Error: Durable Object reset because its code was updated.
    at sE.evaluateImpl (https://ocios.app/assets/index-BXKxnkrd.js:10:143136)
    at sE.evaluateWithDepth (https://ocios.app/assets/index-BXKxnkrd.js:10:140846)
    at sE.evaluate (https://ocios.app/assets/index-BXKxnkrd.js:10:140729)
    at AP.readLoop (https://ocios.app/assets/index-BXKxnkrd.js:10:158799)
[2026-09-02T07:38:06.433Z] [debug] A matter read failed: Error: Durable Object reset because its code was updated.
    at sE.evaluateImpl (https://ocios.app/assets/index-BXKxnkrd.js:10:143136)
    at sE.evaluateWithDepth (https://ocios.app/assets/index-BXKxnkrd.js:10:140846)
    at sE.evaluate (https://ocios.app/assets/index-BXKxnkrd.js:10:140729)
    at AP.readLoop (https://ocios.app/assets/index-BXKxnkrd.js:10:158799)
[2026-09-02T07:38:11.432Z] [debug] A matter read failed: Error: Durable Object reset because its code was updated.
    at sE.evaluateImpl (https://ocios.app/assets/index-BXKxnkrd.js:10:143136)
    at sE.evaluateWithDepth (https://ocios.app/assets/index-BXKxnkrd.js:10:140846)
    at sE.evaluate (https://ocios.app/assets/index-BXKxnkrd.js:10:140729)
    at AP.readLoop (https://ocios.app/assets/index-BXKxnkrd.js:10:158799)
[2026-09-02T07:38:11.470Z] [debug] A matter read failed: Error: Durable Object reset because its code was updated.
    at sE.evaluateImpl (https://ocios.app/assets/index-BXKxnkrd.js:10:143136)
    at sE.evaluateWithDepth (https://ocios.app/assets/index-BXKxnkrd.js:10:140846)
    at sE.evaluate (https://ocios.app/assets/index-BXKxnkrd.js:10:140729)
    at AP.readLoop (https://ocios.app/assets/index-BXKxnkrd.js:10:158799)
[2026-09-02T07:38:11.550Z] [debug] Failed to enable the matter wake hook: Error: Durable Object reset because its code was updated.
    at sE.evaluateImpl (https://ocios.app/assets/index-BXKxnkrd.js:10:143136)
    at sE.evaluateWithDepth (https://ocios.app/assets/index-BXKxnkrd.js:10:140846)
    at sE.evaluate (https://ocios.app/assets/index-BXKxnkrd.js:10:140729)
    at AP.readLoop (https://ocios.app/assets/index-BXKxnkrd.js:10:158799)
[2026-09-02T07:38:16.441Z] [debug] A matter read failed: Error: Durable Object reset because its code was updated.
    at sE.evaluateImpl (https://ocios.app/assets/index-BXKxnkrd.js:10:143136)
    at sE.evaluateWithDepth (https://ocios.app/assets/index-BXKxnkrd.js:10:140846)
    at sE.evaluate (https://ocios.app/assets/index-BXKxnkrd.js:10:140729)
    at AP.readLoop (https://ocios.app/assets/index-BXKxnkrd.js:10:158799)
[2026-09-02T07:38:21.428Z] [debug] A matter read failed: Error: Durable Object reset because its code was updated.
    at sE.evaluateImpl (https://ocios.app/assets/index-BXKxnkrd.js:10:143136)
    at sE.evaluateWithDepth (https://ocios.app/assets/index-BXKxnkrd.js:10:140846)
    at sE.evaluate (https://ocios.app/assets/index-BXKxnkrd.js:10:140729)
    at AP.readLoop (https://ocios.app/assets/index-BXKxnkrd.js:10:158799)
[2026-09-02T07:38:26.427Z] [debug] A matter read failed: Error: Durable Object reset because its code was updated.
    at sE.evaluateImpl (https://ocios.app/assets/index-BXKxnkrd.js:10:143136)
    at sE.evaluateWithDepth (https://ocios.app/assets/index-BXKxnkrd.js:10:140846)
    at sE.evaluate (https://ocios.app/assets/index-BXKxnkrd.js:10:140729)
    at AP.readLoop (https://ocios.app/assets/index-BXKxnkrd.js:10:158799)
[2026-09-02T07:38:26.469Z] [debug] A matter read failed: Error: Durable Object reset because its code was updated.
    at sE.evaluateImpl (https://ocios.app/assets/index-BXKxnkrd.js:10:143136)
    at sE.evaluateWithDepth (https://ocios.app/assets/index-BXKxnkrd.js:10:140846)
    at sE.evaluate (https://ocios.app/assets/index-BXKxnkrd.js:10:140729)
    at AP.readLoop (https://ocios.app/assets/index-BXKxnkrd.js:10:158799)
[2026-09-02T07:38:26.553Z] [debug] Failed to enable the matter wake hook: Error: Durable Object reset because its code was updated.
    at sE.evaluateImpl (https://ocios.app/assets/index-BXKxnkrd.js:10:143136)
    at sE.evaluateWithDepth (https://ocios.app/assets/index-BXKxnkrd.js:10:140846)
    at sE.evaluate (https://ocios.app/assets/index-BXKxnkrd.js:10:140729)
    at AP.readLoop (https://ocios.app/assets/index-BXKxnkrd.js:10:158799)
[2026-09-02T07:38:31.435Z] [debug] A matter read failed: Error: Durable Object reset because its code was updated.
    at sE.evaluateImpl (https://ocios.app/assets/index-BXKxnkrd.js:10:143136)
    at sE.evaluateWithDepth (https://ocios.app/assets/index-BXKxnkrd.js:10:140846)
    at sE.evaluate (https://ocios.app/assets/index-BXKxnkrd.js:10:140729)
    at AP.readLoop (https://ocios.app/assets/index-BXKxnkrd.js:10:158799)
[2026-09-02T07:38:36.433Z] [debug] A matter read failed: Error: Durable Object reset because its code was updated.
    at sE.evaluateImpl (https://ocios.app/assets/index-BXKxnkrd.js:10:143136)
    at sE.evaluateWithDepth (https://ocios.app/assets/index-BXKxnkrd.js:10:140846)
    at sE.evaluate (https://ocios.app/assets/index-BXKxnkrd.js:10:140729)
    at AP.readLoop (https://ocios.app/assets/index-BXKxnkrd.js:10:158799)
[2026-09-02T07:38:41.439Z] [debug] A matter read failed: Error: Durable Object reset because its code was updated.
    at sE.evaluateImpl (https://ocios.app/assets/index-BXKxnkrd.js:10:143136)
    at sE.evaluateWithDepth (https://ocios.app/assets/index-BXKxnkrd.js:10:140846)
    at sE.evaluate (https://ocios.app/assets/index-BXKxnkrd.js:10:140729)
    at AP.readLoop (https://ocios.app/assets/index-BXKxnkrd.js:10:158799)
[2026-09-02T07:38:41.521Z] [debug] A matter read failed: Error: Durable Object reset because its code was updated.
    at sE.evaluateImpl (https://ocios.app/assets/index-BXKxnkrd.js:10:143136)
    at sE.evaluateWithDepth (https://ocios.app/assets/index-BXKxnkrd.js:10:140846)
    at sE.evaluate (https://ocios.app/assets/index-BXKxnkrd.js:10:140729)
    at AP.readLoop (https://ocios.app/assets/index-BXKxnkrd.js:10:158799)
[2026-09-02T07:38:41.551Z] [debug] Failed to enable the matter wake hook: Error: Durable Object reset because its code was updated.
    at sE.evaluateImpl (https://ocios.app/assets/index-BXKxnkrd.js:10:143136)
    at sE.evaluateWithDepth (https://ocios.app/assets/index-BXKxnkrd.js:10:140846)
    at sE.evaluate (https://ocios.app/assets/index-BXKxnkrd.js:10:140729)
    at AP.readLoop (https://ocios.app/assets/index-BXKxnkrd.js:10:158799)
[2026-09-02T07:38:46.440Z] [debug] A matter read failed: Error: Durable Object reset because its code was updated.
    at sE.evaluateImpl (https://ocios.app/assets/index-BXKxnkrd.js:10:143136)
    at sE.evaluateWithDepth (https://ocios.app/assets/index-BXKxnkrd.js:10:140846)
    at sE.evaluate (https://ocios.app/assets/index-BXKxnkrd.js:10:140729)
    at AP.readLoop (https://ocios.app/assets/index-BXKxnkrd.js:10:158799)
[2026-09-02T07:38:51.503Z] [debug] A matter read failed: Error: Durable Object reset because its code was updated.
    at sE.evaluateImpl (https://ocios.app/assets/index-BXKxnkrd.js:10:143136)
    at sE.evaluateWithDepth (https://ocios.app/assets/index-BXKxnkrd.js:10:140846)
    at sE.evaluate (https://ocios.app/assets/index-BXKxnkrd.js:10:140729)
    at AP.readLoop (https://ocios.app/assets/index-BXKxnkrd.js:10:158799)
[2026-09-02T07:38:56.429Z] [debug] A matter read failed: Error: Durable Object reset because its code was updated.
    at sE.evaluateImpl (https://ocios.app/assets/index-BXKxnkrd.js:10:143136)
    at sE.evaluateWithDepth (https://ocios.app/assets/index-BXKxnkrd.js:10:140846)
    at sE.evaluate (https://ocios.app/assets/index-BXKxnkrd.js:10:140729)
    at AP.readLoop (https://ocios.app/assets/index-BXKxnkrd.js:10:158799)
[2026-09-02T07:38:56.472Z] [debug] A matter read failed: Error: Durable Object reset because its code was updated.
    at sE.evaluateImpl (https://ocios.app/assets/index-BXKxnkrd.js:10:143136)
    at sE.evaluateWithDepth (https://ocios.app/assets/index-BXKxnkrd.js:10:140846)
    at sE.evaluate (https://ocios.app/assets/index-BXKxnkrd.js:10:140729)
    at AP.readLoop (https://ocios.app/assets/index-BXKxnkrd.js:10:158799)
[2026-09-02T07:38:56.550Z] [debug] Failed to enable the matter wake hook: Error: Durable Object reset because its code was updated.
    at sE.evaluateImpl (https://ocios.app/assets/index-BXKxnkrd.js:10:143136)
    at sE.evaluateWithDepth (https://ocios.app/assets/index-BXKxnkrd.js:10:140846)
    at sE.evaluate (https://ocios.app/assets/index-BXKxnkrd.js:10:140729)
    at AP.readLoop (https://ocios.app/assets/index-BXKxnkrd.js:10:158799)
[2026-09-02T07:39:01.469Z] [debug] A matter read failed: Error: Durable Object reset because its code was updated.
    at sE.evaluateImpl (https://ocios.app/assets/index-BXKxnkrd.js:10:143136)
    at sE.evaluateWithDepth (https://ocios.app/assets/index-BXKxnkrd.js:10:140846)
    at sE.evaluate (https://ocios.app/assets/index-BXKxnkrd.js:10:140729)
    at AP.readLoop (https://ocios.app/assets/index-BXKxnkrd.js:10:158799)
[2026-09-02T07:39:06.438Z] [debug] A matter read failed: Error: Durable Object reset because its code was updated.
    at sE.evaluateImpl (https://ocios.app/assets/index-BXKxnkrd.js:10:143136)
    at sE.evaluateWithDepth (https://ocios.app/assets/index-BXKxnkrd.js:10:140846)
    at sE.evaluate (https://ocios.app/assets/index-BXKxnkrd.js:10:140729)
    at AP.readLoop (https://ocios.app/assets/index-BXKxnkrd.js:10:158799)
[2026-09-02T07:39:11.436Z] [debug] A matter read failed: Error: Durable Object reset because its code was updated.
    at sE.evaluateImpl (https://ocios.app/assets/index-BXKxnkrd.js:10:143136)
    at sE.evaluateWithDepth (https://ocios.app/assets/index-BXKxnkrd.js:10:140846)
    at sE.evaluate (https://ocios.app/assets/index-BXKxnkrd.js:10:140729)
    at AP.readLoop (https://ocios.app/assets/index-BXKxnkrd.js:10:158799)
[2026-09-02T07:39:11.470Z] [debug] A matter read failed: Error: Durable Object reset because its code was updated.
    at sE.evaluateImpl (https://ocios.app/assets/index-BXKxnkrd.js:10:143136)
    at sE.evaluateWithDepth (https://ocios.app/assets/index-BXKxnkrd.js:10:140846)
    at sE.evaluate (https://ocios.app/assets/index-BXKxnkrd.js:10:140729)
    at AP.readLoop (https://ocios.app/assets/index-BXKxnkrd.js:10:158799)
[2026-09-02T07:39:11.550Z] [debug] Failed to enable the matter wake hook: Error: Durable Object reset because its code was updated.
    at sE.evaluateImpl (https://ocios.app/assets/index-BXKxnkrd.js:10:143136)
    at sE.evaluateWithDepth (https://ocios.app/assets/index-BXKxnkrd.js:10:140846)
    at sE.evaluate (https://ocios.app/assets/index-BXKxnkrd.js:10:140729)
    at AP.readLoop (https://ocios.app/assets/index-BXKxnkrd.js:10:158799)
[2026-09-02T07:39:16.433Z] [debug] A matter read failed: Error: Durable Object reset because its code was updated.
    at sE.evaluateImpl (https://ocios.app/assets/index-BXKxnkrd.js:10:143136)
    at sE.evaluateWithDepth (https://ocios.app/assets/index-BXKxnkrd.js:10:140846)
    at sE.evaluate (https://ocios.app/assets/index-BXKxnkrd.js:10:140729)
    at AP.readLoop (https://ocios.app/assets/index-BXKxnkrd.js:10:158799)
[2026-09-02T07:39:21.435Z] [debug] A matter read failed: Error: Durable Object reset because its code was updated.
    at sE.evaluateImpl (https://ocios.app/assets/index-BXKxnkrd.js:10:143136)
    at sE.evaluateWithDepth (https://ocios.app/assets/index-BXKxnkrd.js:10:140846)
    at sE.evaluate (https://ocios.app/assets/index-BXKxnkrd.js:10:140729)
    at AP.readLoop (https://ocios.app/assets/index-BXKxnkrd.js:10:158799)
[2026-09-02T07:39:26.437Z] [debug] A matter read failed: Error: Durable Object reset because its code was updated.
    at sE.evaluateImpl (https://ocios.app/assets/index-BXKxnkrd.js:10:143136)
    at sE.evaluateWithDepth (https://ocios.app/assets/index-BXKxnkrd.js:10:140846)
    at sE.evaluate (https://ocios.app/assets/index-BXKxnkrd.js:10:140729)
    at AP.readLoop (https://ocios.app/assets/index-BXKxnkrd.js:10:158799)
[2026-09-02T07:39:26.468Z] [debug] A matter read failed: Error: Durable Object reset because its code was updated.
    at sE.evaluateImpl (https://ocios.app/assets/index-BXKxnkrd.js:10:143136)
    at sE.evaluateWithDepth (https://ocios.app/assets/index-BXKxnkrd.js:10:140846)
    at sE.evaluate (https://ocios.app/assets/index-BXKxnkrd.js:10:140729)
    at AP.readLoop (https://ocios.app/assets/index-BXKxnkrd.js:10:158799)
[2026-09-02T07:39:26.611Z] [debug] Failed to enable the matter wake hook: Error: Durable Object reset because its code was updated.
    at sE.evaluateImpl (https://ocios.app/assets/index-BXKxnkrd.js:10:143136)
    at sE.evaluateWithDepth (https://ocios.app/assets/index-BXKxnkrd.js:10:140846)
    at sE.evaluate (https://ocios.app/assets/index-BXKxnkrd.js:10:140729)
    at AP.readLoop (https://ocios.app/assets/index-BXKxnkrd.js:10:158799)
[2026-09-02T07:39:31.433Z] [debug] A matter read failed: Error: Durable Object reset because its code was updated.
    at sE.evaluateImpl (https://ocios.app/assets/index-BXKxnkrd.js:10:143136)
    at sE.evaluateWithDepth (https://ocios.app/assets/index-BXKxnkrd.js:10:140846)
    at sE.evaluate (https://ocios.app/assets/index-BXKxnkrd.js:10:140729)
    at AP.readLoop (https://ocios.app/assets/index-BXKxnkrd.js:10:158799)
[2026-09-02T07:39:36.435Z] [debug] A matter read failed: Error: Durable Object reset because its code was updated.
    at sE.evaluateImpl (https://ocios.app/assets/index-BXKxnkrd.js:10:143136)
    at sE.evaluateWithDepth (https://ocios.app/assets/index-BXKxnkrd.js:10:140846)
    at sE.evaluate (https://ocios.app/assets/index-BXKxnkrd.js:10:140729)
    at AP.readLoop (https://ocios.app/assets/index-BXKxnkrd.js:10:158799)
[2026-09-02T07:39:41.439Z] [debug] A matter read failed: Error: Durable Object reset because its code was updated.
    at sE.evaluateImpl (https://ocios.app/assets/index-BXKxnkrd.js:10:143136)
    at sE.evaluateWithDepth (https://ocios.app/assets/index-BXKxnkrd.js:10:140846)
    at sE.evaluate (https://ocios.app/assets/index-BXKxnkrd.js:10:140729)
    at AP.readLoop (https://ocios.app/assets/index-BXKxnkrd.js:10:158799)
[2026-09-02T07:39:41.485Z] [debug] A matter read failed: Error: Durable Object reset because its code was updated.
    at sE.evaluateImpl (https://ocios.app/assets/index-BXKxnkrd.js:10:143136)
    at sE.evaluateWithDepth (https://ocios.app/assets/index-BXKxnkrd.js:10:140846)
    at sE.evaluate (https://ocios.app/assets/index-BXKxnkrd.js:10:140729)
    at AP.readLoop (https://ocios.app/assets/index-BXKxnkrd.js:10:158799)
[2026-09-02T07:39:41.551Z] [debug] Failed to enable the matter wake hook: Error: Durable Object reset because its code was updated.
    at sE.evaluateImpl (https://ocios.app/assets/index-BXKxnkrd.js:10:143136)
    at sE.evaluateWithDepth (https://ocios.app/assets/index-BXKxnkrd.js:10:140846)
    at sE.evaluate (https://ocios.app/assets/index-BXKxnkrd.js:10:140729)
    at AP.readLoop (https://ocios.app/assets/index-BXKxnkrd.js:10:158799)
[2026-09-02T07:39:46.430Z] [debug] A matter read failed: Error: Durable Object reset because its code was updated.
    at sE.evaluateImpl (https://ocios.app/assets/index-BXKxnkrd.js:10:143136)
    at sE.evaluateWithDepth (https://ocios.app/assets/index-BXKxnkrd.js:10:140846)
    at sE.evaluate (https://ocios.app/assets/index-BXKxnkrd.js:10:140729)
    at AP.readLoop (https://ocios.app/assets/index-BXKxnkrd.js:10:158799)
[2026-09-02T07:39:51.437Z] [debug] A matter read failed: Error: Durable Object reset because its code was updated.
    at sE.evaluateImpl (https://ocios.app/assets/index-BXKxnkrd.js:10:143136)
    at sE.evaluateWithDepth (https://ocios.app/assets/index-BXKxnkrd.js:10:140846)
    at sE.evaluate (https://ocios.app/assets/index-BXKxnkrd.js:10:140729)
    at AP.readLoop (https://ocios.app/assets/index-BXKxnkrd.js:10:158799)
[2026-09-02T07:39:56.495Z] [debug] A matter read failed: Error: Durable Object reset because its code was updated.
    at sE.evaluateImpl (https://ocios.app/assets/index-BXKxnkrd.js:10:143136)
    at sE.evaluateWithDepth (https://ocios.app/assets/index-BXKxnkrd.js:10:140846)
    at sE.evaluate (https://ocios.app/assets/index-BXKxnkrd.js:10:140729)
    at AP.readLoop (https://ocios.app/assets/index-BXKxnkrd.js:10:158799)
[2026-09-02T07:39:56.517Z] [debug] A matter read failed: Error: Durable Object reset because its code was updated.
    at sE.evaluateImpl (https://ocios.app/assets/index-BXKxnkrd.js:10:143136)
    at sE.evaluateWithDepth (https://ocios.app/assets/index-BXKxnkrd.js:10:140846)
    at sE.evaluate (https://ocios.app/assets/index-BXKxnkrd.js:10:140729)
    at AP.readLoop (https://ocios.app/assets/index-BXKxnkrd.js:10:158799)
[2026-09-02T07:39:56.550Z] [debug] Failed to enable the matter wake hook: Error: Durable Object reset because its code was updated.
    at sE.evaluateImpl (https://ocios.app/assets/index-BXKxnkrd.js:10:143136)
    at sE.evaluateWithDepth (https://ocios.app/assets/index-BXKxnkrd.js:10:140846)
    at sE.evaluate (https://ocios.app/assets/index-BXKxnkrd.js:10:140729)
    at AP.readLoop (https://ocios.app/assets/index-BXKxnkrd.js:10:158799)
[2026-09-02T07:40:01.453Z] [debug] A matter read failed: Error: Durable Object reset because its code was updated.
    at sE.evaluateImpl (https://ocios.app/assets/index-BXKxnkrd.js:10:143136)
    at sE.evaluateWithDepth (https://ocios.app/assets/index-BXKxnkrd.js:10:140846)
    at sE.evaluate (https://ocios.app/assets/index-BXKxnkrd.js:10:140729)
    at AP.readLoop (https://ocios.app/assets/index-BXKxnkrd.js:10:158799)
[2026-09-02T07:40:06.479Z] [debug] A matter read failed: Error: Durable Object reset because its code was updated.
    at sE.evaluateImpl (https://ocios.app/assets/index-BXKxnkrd.js:10:143136)
    at sE.evaluateWithDepth (https://ocios.app/assets/index-BXKxnkrd.js:10:140846)
    at sE.evaluate (https://ocios.app/assets/index-BXKxnkrd.js:10:140729)
    at AP.readLoop (https://ocios.app/assets/index-BXKxnkrd.js:10:158799)
[2026-09-02T07:40:11.443Z] [debug] A matter read failed: Error: Durable Object reset because its code was updated.
    at sE.evaluateImpl (https://ocios.app/assets/index-BXKxnkrd.js:10:143136)
    at sE.evaluateWithDepth (https://ocios.app/assets/index-BXKxnkrd.js:10:140846)
    at sE.evaluate (https://ocios.app/assets/index-BXKxnkrd.js:10:140729)
    at AP.readLoop (https://ocios.app/assets/index-BXKxnkrd.js:10:158799)
[2026-09-02T07:40:11.472Z] [debug] A matter read failed: Error: Durable Object reset because its code was updated.
    at sE.evaluateImpl (https://ocios.app/assets/index-BXKxnkrd.js:10:143136)
    at sE.evaluateWithDepth (https://ocios.app/assets/index-BXKxnkrd.js:10:140846)
    at sE.evaluate (https://ocios.app/assets/index-BXKxnkrd.js:10:140729)
    at AP.readLoop (https://ocios.app/assets/index-BXKxnkrd.js:10:158799)
[2026-09-02T07:40:11.550Z] [debug] Failed to enable the matter wake hook: Error: Durable Object reset because its code was updated.
    at sE.evaluateImpl (https://ocios.app/assets/index-BXKxnkrd.js:10:143136)
    at sE.evaluateWithDepth (https://ocios.app/assets/index-BXKxnkrd.js:10:140846)
    at sE.evaluate (https://ocios.app/assets/index-BXKxnkrd.js:10:140729)
    at AP.readLoop (https://ocios.app/assets/index-BXKxnkrd.js:10:158799)
[2026-09-02T07:40:16.431Z] [debug] A matter read failed: Error: Durable Object reset because its code was updated.
    at sE.evaluateImpl (https://ocios.app/assets/index-BXKxnkrd.js:10:143136)
    at sE.evaluateWithDepth (https://ocios.app/assets/index-BXKxnkrd.js:10:140846)
    at sE.evaluate (https://ocios.app/assets/index-BXKxnkrd.js:10:140729)
    at AP.readLoop (https://ocios.app/assets/index-BXKxnkrd.js:10:158799)
[2026-09-02T07:40:21.434Z] [debug] A matter read failed: Error: Durable Object reset because its code was updated.
    at sE.evaluateImpl (https://ocios.app/assets/index-BXKxnkrd.js:10:143136)
    at sE.evaluateWithDepth (https://ocios.app/assets/index-BXKxnkrd.js:10:140846)
    at sE.evaluate (https://ocios.app/assets/index-BXKxnkrd.js:10:140729)
    at AP.readLoop (https://ocios.app/assets/index-BXKxnkrd.js:10:158799)
[2026-09-02T07:40:26.432Z] [debug] A matter read failed: Error: Durable Object reset because its code was updated.
    at sE.evaluateImpl (https://ocios.app/assets/index-BXKxnkrd.js:10:143136)
    at sE.evaluateWithDepth (https://ocios.app/assets/index-BXKxnkrd.js:10:140846)
    at sE.evaluate (https://ocios.app/assets/index-BXKxnkrd.js:10:140729)
    at AP.readLoop (https://ocios.app/assets/index-BXKxnkrd.js:10:158799)
[2026-09-02T07:40:26.469Z] [debug] A matter read failed: Error: Durable Object reset because its code was updated.
    at sE.evaluateImpl (https://ocios.app/assets/index-BXKxnkrd.js:10:143136)
    at sE.evaluateWithDepth (https://ocios.app/assets/index-BXKxnkrd.js:10:140846)
    at sE.evaluate (https://ocios.app/assets/index-BXKxnkrd.js:10:140729)
    at AP.readLoop (https://ocios.app/assets/index-BXKxnkrd.js:10:158799)
[2026-09-02T07:40:26.553Z] [debug] Failed to enable the matter wake hook: Error: Durable Object reset because its code was updated.
    at sE.evaluateImpl (https://ocios.app/assets/index-BXKxnkrd.js:10:143136)
    at sE.evaluateWithDepth (https://ocios.app/assets/index-BXKxnkrd.js:10:140846)
    at sE.evaluate (https://ocios.app/assets/index-BXKxnkrd.js:10:140729)
    at AP.readLoop (https://ocios.app/assets/index-BXKxnkrd.js:10:158799)
[2026-09-02T07:40:31.437Z] [debug] A matter read failed: Error: Durable Object reset because its code was updated.
    at sE.evaluateImpl (https://ocios.app/assets/index-BXKxnkrd.js:10:143136)
    at sE.evaluateWithDepth (https://ocios.app/assets/index-BXKxnkrd.js:10:140846)
    at sE.evaluate (https://ocios.app/assets/index-BXKxnkrd.js:10:140729)
    at AP.readLoop (https://ocios.app/assets/index-BXKxnkrd.js:10:158799)
[2026-09-02T07:40:36.431Z] [debug] A matter read failed: Error: Durable Object reset because its code was updated.
    at sE.evaluateImpl (https://ocios.app/assets/index-BXKxnkrd.js:10:143136)
    at sE.evaluateWithDepth (https://ocios.app/assets/index-BXKxnkrd.js:10:140846)
    at sE.evaluate (https://ocios.app/assets/index-BXKxnkrd.js:10:140729)
    at AP.readLoop (https://ocios.app/assets/index-BXKxnkrd.js:10:158799)
[2026-09-02T07:40:41.436Z] [debug] A matter read failed: Error: Durable Object reset because its code was updated.
    at sE.evaluateImpl (https://ocios.app/assets/index-BXKxnkrd.js:10:143136)
    at sE.evaluateWithDepth (https://ocios.app/assets/index-BXKxnkrd.js:10:140846)
    at sE.evaluate (https://ocios.app/assets/index-BXKxnkrd.js:10:140729)
    at AP.readLoop (https://ocios.app/assets/index-BXKxnkrd.js:10:158799)
[2026-09-02T07:40:41.472Z] [debug] A matter read failed: Error: Durable Object reset because its code was updated.
    at sE.evaluateImpl (https://ocios.app/assets/index-BXKxnkrd.js:10:143136)
    at sE.evaluateWithDepth (https://ocios.app/assets/index-BXKxnkrd.js:10:140846)
    at sE.evaluate (https://ocios.app/assets/index-BXKxnkrd.js:10:140729)
    at AP.readLoop (https://ocios.app/assets/index-BXKxnkrd.js:10:158799)
[2026-09-02T07:40:41.610Z] [debug] Failed to enable the matter wake hook: Error: Durable Object reset because its code was updated.
    at sE.evaluateImpl (https://ocios.app/assets/index-BXKxnkrd.js:10:143136)
    at sE.evaluateWithDepth (https://ocios.app/assets/index-BXKxnkrd.js:10:140846)
    at sE.evaluate (https://ocios.app/assets/index-BXKxnkrd.js:10:140729)
    at AP.readLoop (https://ocios.app/assets/index-BXKxnkrd.js:10:158799)
[2026-09-02T07:40:46.434Z] [debug] A matter read failed: Error: Durable Object reset because its code was updated.
    at sE.evaluateImpl (https://ocios.app/assets/index-BXKxnkrd.js:10:143136)
    at sE.evaluateWithDepth (https://ocios.app/assets/index-BXKxnkrd.js:10:140846)
    at sE.evaluate (https://ocios.app/assets/index-BXKxnkrd.js:10:140729)
    at AP.readLoop (https://ocios.app/assets/index-BXKxnkrd.js:10:158799)
[2026-09-02T07:40:51.435Z] [debug] A matter read failed: Error: Durable Object reset because its code was updated.
    at sE.evaluateImpl (https://ocios.app/assets/index-BXKxnkrd.js:10:143136)
    at sE.evaluateWithDepth (https://ocios.app/assets/index-BXKxnkrd.js:10:140846)
    at sE.evaluate (https://ocios.app/assets/index-BXKxnkrd.js:10:140729)
    at AP.readLoop (https://ocios.app/assets/index-BXKxnkrd.js:10:158799)
[2026-09-02T07:40:56.428Z] [debug] A matter read failed: Error: Durable Object reset because its code was updated.
    at sE.evaluateImpl (https://ocios.app/assets/index-BXKxnkrd.js:10:143136)
    at sE.evaluateWithDepth (https://ocios.app/assets/index-BXKxnkrd.js:10:140846)
    at sE.evaluate (https://ocios.app/assets/index-BXKxnkrd.js:10:140729)
    at AP.readLoop (https://ocios.app/assets/index-BXKxnkrd.js:10:158799)
[2026-09-02T07:40:56.474Z] [debug] A matter read failed: Error: Durable Object reset because its code was updated.
    at sE.evaluateImpl (https://ocios.app/assets/index-BXKxnkrd.js:10:143136)
    at sE.evaluateWithDepth (https://ocios.app/assets/index-BXKxnkrd.js:10:140846)
    at sE.evaluate (https://ocios.app/assets/index-BXKxnkrd.js:10:140729)
    at AP.readLoop (https://ocios.app/assets/index-BXKxnkrd.js:10:158799)
[2026-09-02T07:40:56.552Z] [debug] Failed to enable the matter wake hook: Error: Durable Object reset because its code was updated.
    at sE.evaluateImpl (https://ocios.app/assets/index-BXKxnkrd.js:10:143136)
    at sE.evaluateWithDepth (https://ocios.app/assets/index-BXKxnkrd.js:10:140846)
    at sE.evaluate (https://ocios.app/assets/index-BXKxnkrd.js:10:140729)
    at AP.readLoop (https://ocios.app/assets/index-BXKxnkrd.js:10:158799)
[2026-09-02T07:41:01.553Z] [debug] A matter read failed: Error: Durable Object reset because its code was updated.
    at sE.evaluateImpl (https://ocios.app/assets/index-BXKxnkrd.js:10:143136)
    at sE.evaluateWithDepth (https://ocios.app/assets/index-BXKxnkrd.js:10:140846)
    at sE.evaluate (https://ocios.app/assets/index-BXKxnkrd.js:10:140729)
    at AP.readLoop (https://ocios.app/assets/index-BXKxnkrd.js:10:158799)
[2026-09-02T07:41:06.438Z] [debug] A matter read failed: Error: Durable Object reset because its code was updated.
    at sE.evaluateImpl (https://ocios.app/assets/index-BXKxnkrd.js:10:143136)
    at sE.evaluateWithDepth (https://ocios.app/assets/index-BXKxnkrd.js:10:140846)
    at sE.evaluate (https://ocios.app/assets/index-BXKxnkrd.js:10:140729)
    at AP.readLoop (https://ocios.app/assets/index-BXKxnkrd.js:10:158799)
[2026-09-02T07:41:11.491Z] [debug] A matter read failed: Error: Durable Object reset because its code was updated.
    at sE.evaluateImpl (https://ocios.app/assets/index-BXKxnkrd.js:10:143136)
    at sE.evaluateWithDepth (https://ocios.app/assets/index-BXKxnkrd.js:10:140846)
    at sE.evaluate (https://ocios.app/assets/index-BXKxnkrd.js:10:140729)
    at AP.readLoop (https://ocios.app/assets/index-BXKxnkrd.js:10:158799)
[2026-09-02T07:41:11.491Z] [debug] A matter read failed: Error: Durable Object reset because its code was updated.
    at sE.evaluateImpl (https://ocios.app/assets/index-BXKxnkrd.js:10:143136)
    at sE.evaluateWithDepth (https://ocios.app/assets/index-BXKxnkrd.js:10:140846)
    at sE.evaluate (https://ocios.app/assets/index-BXKxnkrd.js:10:140729)
    at AP.readLoop (https://ocios.app/assets/index-BXKxnkrd.js:10:158799)
[2026-09-02T07:41:11.552Z] [debug] Failed to enable the matter wake hook: Error: Durable Object reset because its code was updated.
    at sE.evaluateImpl (https://ocios.app/assets/index-BXKxnkrd.js:10:143136)
    at sE.evaluateWithDepth (https://ocios.app/assets/index-BXKxnkrd.js:10:140846)
    at sE.evaluate (https://ocios.app/assets/index-BXKxnkrd.js:10:140729)
    at AP.readLoop (https://ocios.app/assets/index-BXKxnkrd.js:10:158799)
[2026-09-02T07:41:16.435Z] [debug] A matter read failed: Error: Durable Object reset because its code was updated.
    at sE.evaluateImpl (https://ocios.app/assets/index-BXKxnkrd.js:10:143136)
    at sE.evaluateWithDepth (https://ocios.app/assets/index-BXKxnkrd.js:10:140846)
    at sE.evaluate (https://ocios.app/assets/index-BXKxnkrd.js:10:140729)
    at AP.readLoop (https://ocios.app/assets/index-BXKxnkrd.js:10:158799)
[2026-09-02T07:41:21.454Z] [debug] A matter read failed: Error: Durable Object reset because its code was updated.
    at sE.evaluateImpl (https://ocios.app/assets/index-BXKxnkrd.js:10:143136)
    at sE.evaluateWithDepth (https://ocios.app/assets/index-BXKxnkrd.js:10:140846)
    at sE.evaluate (https://ocios.app/assets/index-BXKxnkrd.js:10:140729)
    at AP.readLoop (https://ocios.app/assets/index-BXKxnkrd.js:10:158799)
[2026-09-02T07:41:26.429Z] [debug] A matter read failed: Error: Durable Object reset because its code was updated.
    at sE.evaluateImpl (https://ocios.app/assets/index-BXKxnkrd.js:10:143136)
    at sE.evaluateWithDepth (https://ocios.app/assets/index-BXKxnkrd.js:10:140846)
    at sE.evaluate (https://ocios.app/assets/index-BXKxnkrd.js:10:140729)
    at AP.readLoop (https://ocios.app/assets/index-BXKxnkrd.js:10:158799)
[2026-09-02T07:41:26.472Z] [debug] A matter read failed: Error: Durable Object reset because its code was updated.
    at sE.evaluateImpl (https://ocios.app/assets/index-BXKxnkrd.js:10:143136)
    at sE.evaluateWithDepth (https://ocios.app/assets/index-BXKxnkrd.js:10:140846)
    at sE.evaluate (https://ocios.app/assets/index-BXKxnkrd.js:10:140729)
    at AP.readLoop (https://ocios.app/assets/index-BXKxnkrd.js:10:158799)
[2026-09-02T07:41:26.552Z] [debug] Failed to enable the matter wake hook: Error: Durable Object reset because its code was updated.
    at sE.evaluateImpl (https://ocios.app/assets/index-BXKxnkrd.js:10:143136)
    at sE.evaluateWithDepth (https://ocios.app/assets/index-BXKxnkrd.js:10:140846)
    at sE.evaluate (https://ocios.app/assets/index-BXKxnkrd.js:10:140729)
    at AP.readLoop (https://ocios.app/assets/index-BXKxnkrd.js:10:158799)
[2026-09-02T07:41:31.427Z] [debug] A matter read failed: Error: Durable Object reset because its code was updated.
    at sE.evaluateImpl (https://ocios.app/assets/index-BXKxnkrd.js:10:143136)
    at sE.evaluateWithDepth (https://ocios.app/assets/index-BXKxnkrd.js:10:140846)
    at sE.evaluate (https://ocios.app/assets/index-BXKxnkrd.js:10:140729)
    at AP.readLoop (https://ocios.app/assets/index-BXKxnkrd.js:10:158799)
[2026-09-02T07:41:36.441Z] [debug] A matter read failed: Error: Durable Object reset because its code was updated.
    at sE.evaluateImpl (https://ocios.app/assets/index-BXKxnkrd.js:10:143136)
    at sE.evaluateWithDepth (https://ocios.app/assets/index-BXKxnkrd.js:10:140846)
    at sE.evaluate (https://ocios.app/assets/index-BXKxnkrd.js:10:140729)
    at AP.readLoop (https://ocios.app/assets/index-BXKxnkrd.js:10:158799)
[2026-09-02T07:41:41.430Z] [debug] A matter read failed: Error: Durable Object reset because its code was updated.
    at sE.evaluateImpl (https://ocios.app/assets/index-BXKxnkrd.js:10:143136)
    at sE.evaluateWithDepth (https://ocios.app/assets/index-BXKxnkrd.js:10:140846)
    at sE.evaluate (https://ocios.app/assets/index-BXKxnkrd.js:10:140729)
    at AP.readLoop (https://ocios.app/assets/index-BXKxnkrd.js:10:158799)
[2026-09-02T07:41:41.472Z] [debug] A matter read failed: Error: Durable Object reset because its code was updated.
    at sE.evaluateImpl (https://ocios.app/assets/index-BXKxnkrd.js:10:143136)
    at sE.evaluateWithDepth (https://ocios.app/assets/index-BXKxnkrd.js:10:140846)
    at sE.evaluate (https://ocios.app/assets/index-BXKxnkrd.js:10:140729)
    at AP.readLoop (https://ocios.app/assets/index-BXKxnkrd.js:10:158799)
[2026-09-02T07:41:41.551Z] [debug] Failed to enable the matter wake hook: Error: Durable Object reset because its code was updated.
    at sE.evaluateImpl (https://ocios.app/assets/index-BXKxnkrd.js:10:143136)
    at sE.evaluateWithDepth (https://ocios.app/assets/index-BXKxnkrd.js:10:140846)
    at sE.evaluate (https://ocios.app/assets/index-BXKxnkrd.js:10:140729)
    at AP.readLoop (https://ocios.app/assets/index-BXKxnkrd.js:10:158799)
[2026-09-02T07:41:46.429Z] [debug] A matter read failed: Error: Durable Object reset because its code was updated.
    at sE.evaluateImpl (https://ocios.app/assets/index-BXKxnkrd.js:10:143136)
    at sE.evaluateWithDepth (https://ocios.app/assets/index-BXKxnkrd.js:10:140846)
    at sE.evaluate (https://ocios.app/assets/index-BXKxnkrd.js:10:140729)
    at AP.readLoop (https://ocios.app/assets/index-BXKxnkrd.js:10:158799)
[2026-09-02T07:41:51.431Z] [debug] A matter read failed: Error: Durable Object reset because its code was updated.
    at sE.evaluateImpl (https://ocios.app/assets/index-BXKxnkrd.js:10:143136)
    at sE.evaluateWithDepth (https://ocios.app/assets/index-BXKxnkrd.js:10:140846)
    at sE.evaluate (https://ocios.app/assets/index-BXKxnkrd.js:10:140729)
    at AP.readLoop (https://ocios.app/assets/index-BXKxnkrd.js:10:158799)
[2026-09-02T07:41:56.434Z] [debug] A matter read failed: Error: Durable Object reset because its code was updated.
    at sE.evaluateImpl (https://ocios.app/assets/index-BXKxnkrd.js:10:143136)
    at sE.evaluateWithDepth (https://ocios.app/assets/index-BXKxnkrd.js:10:140846)
    at sE.evaluate (https://ocios.app/assets/index-BXKxnkrd.js:10:140729)
    at AP.readLoop (https://ocios.app/assets/index-BXKxnkrd.js:10:158799)
[2026-09-02T07:41:56.471Z] [debug] A matter read failed: Error: Durable Object reset because its code was updated.
    at sE.evaluateImpl (https://ocios.app/assets/index-BXKxnkrd.js:10:143136)
    at sE.evaluateWithDepth (https://ocios.app/assets/index-BXKxnkrd.js:10:140846)
    at sE.evaluate (https://ocios.app/assets/index-BXKxnkrd.js:10:140729)
    at AP.readLoop (https://ocios.app/assets/index-BXKxnkrd.js:10:158799)
[2026-09-02T07:41:56.581Z] [debug] Failed to enable the matter wake hook: Error: Durable Object reset because its code was updated.
    at sE.evaluateImpl (https://ocios.app/assets/index-BXKxnkrd.js:10:143136)
    at sE.evaluateWithDepth (https://ocios.app/assets/index-BXKxnkrd.js:10:140846)
    at sE.evaluate (https://ocios.app/assets/index-BXKxnkrd.js:10:140729)
    at AP.readLoop (https://ocios.app/assets/index-BXKxnkrd.js:10:158799)
[2026-09-02T07:42:01.442Z] [debug] A matter read failed: Error: Durable Object reset because its code was updated.
    at sE.evaluateImpl (https://ocios.app/assets/index-BXKxnkrd.js:10:143136)
    at sE.evaluateWithDepth (https://ocios.app/assets/index-BXKxnkrd.js:10:140846)
    at sE.evaluate (https://ocios.app/assets/index-BXKxnkrd.js:10:140729)
    at AP.readLoop (https://ocios.app/assets/index-BXKxnkrd.js:10:158799)
[2026-09-02T07:42:06.436Z] [debug] A matter read failed: Error: Durable Object reset because its code was updated.
    at sE.evaluateImpl (https://ocios.app/assets/index-BXKxnkrd.js:10:143136)
    at sE.evaluateWithDepth (https://ocios.app/assets/index-BXKxnkrd.js:10:140846)
    at sE.evaluate (https://ocios.app/assets/index-BXKxnkrd.js:10:140729)
    at AP.readLoop (https://ocios.app/assets/index-BXKxnkrd.js:10:158799)
[2026-09-02T07:42:11.431Z] [debug] A matter read failed: Error: Durable Object reset because its code was updated.
    at sE.evaluateImpl (https://ocios.app/assets/index-BXKxnkrd.js:10:143136)
    at sE.evaluateWithDepth (https://ocios.app/assets/index-BXKxnkrd.js:10:140846)
    at sE.evaluate (https://ocios.app/assets/index-BXKxnkrd.js:10:140729)
    at AP.readLoop (https://ocios.app/assets/index-BXKxnkrd.js:10:158799)
[2026-09-02T07:42:11.472Z] [debug] A matter read failed: Error: Durable Object reset because its code was updated.
    at sE.evaluateImpl (https://ocios.app/assets/index-BXKxnkrd.js:10:143136)
    at sE.evaluateWithDepth (https://ocios.app/assets/index-BXKxnkrd.js:10:140846)
    at sE.evaluate (https://ocios.app/assets/index-BXKxnkrd.js:10:140729)
    at AP.readLoop (https://ocios.app/assets/index-BXKxnkrd.js:10:158799)
[2026-09-02T07:42:11.551Z] [debug] Failed to enable the matter wake hook: Error: Durable Object reset because its code was updated.
    at sE.evaluateImpl (https://ocios.app/assets/index-BXKxnkrd.js:10:143136)
    at sE.evaluateWithDepth (https://ocios.app/assets/index-BXKxnkrd.js:10:140846)
    at sE.evaluate (https://ocios.app/assets/index-BXKxnkrd.js:10:140729)
    at AP.readLoop (https://ocios.app/assets/index-BXKxnkrd.js:10:158799)
[2026-09-02T07:42:16.512Z] [debug] A matter read failed: Error: Durable Object reset because its code was updated.
    at sE.evaluateImpl (https://ocios.app/assets/index-BXKxnkrd.js:10:143136)
    at sE.evaluateWithDepth (https://ocios.app/assets/index-BXKxnkrd.js:10:140846)
    at sE.evaluate (https://ocios.app/assets/index-BXKxnkrd.js:10:140729)
    at AP.readLoop (https://ocios.app/assets/index-BXKxnkrd.js:10:158799)
[2026-09-02T07:42:21.430Z] [debug] A matter read failed: Error: Durable Object reset because its code was updated.
    at sE.evaluateImpl (https://ocios.app/assets/index-BXKxnkrd.js:10:143136)
    at sE.evaluateWithDepth (https://ocios.app/assets/index-BXKxnkrd.js:10:140846)
    at sE.evaluate (https://ocios.app/assets/index-BXKxnkrd.js:10:140729)
    at AP.readLoop (https://ocios.app/assets/index-BXKxnkrd.js:10:158799)
[2026-09-02T07:42:26.468Z] [debug] A matter read failed: Error: Durable Object reset because its code was updated.
    at sE.evaluateImpl (https://ocios.app/assets/index-BXKxnkrd.js:10:143136)
    at sE.evaluateWithDepth (https://ocios.app/assets/index-BXKxnkrd.js:10:140846)
    at sE.evaluate (https://ocios.app/assets/index-BXKxnkrd.js:10:140729)
    at AP.readLoop (https://ocios.app/assets/index-BXKxnkrd.js:10:158799)
[2026-09-02T07:42:26.476Z] [debug] A matter read failed: Error: Durable Object reset because its code was updated.
    at sE.evaluateImpl (https://ocios.app/assets/index-BXKxnkrd.js:10:143136)
    at sE.evaluateWithDepth (https://ocios.app/assets/index-BXKxnkrd.js:10:140846)
    at sE.evaluate (https://ocios.app/assets/index-BXKxnkrd.js:10:140729)
    at AP.readLoop (https://ocios.app/assets/index-BXKxnkrd.js:10:158799)
[2026-09-02T07:42:26.553Z] [debug] Failed to enable the matter wake hook: Error: Durable Object reset because its code was updated.
    at sE.evaluateImpl (https://ocios.app/assets/index-BXKxnkrd.js:10:143136)
    at sE.evaluateWithDepth (https://ocios.app/assets/index-BXKxnkrd.js:10:140846)
    at sE.evaluate (https://ocios.app/assets/index-BXKxnkrd.js:10:140729)
    at AP.readLoop (https://ocios.app/assets/index-BXKxnkrd.js:10:158799)
[2026-09-02T07:42:31.440Z] [debug] A matter read failed: Error: Durable Object reset because its code was updated.
    at sE.evaluateImpl (https://ocios.app/assets/index-BXKxnkrd.js:10:143136)
    at sE.evaluateWithDepth (https://ocios.app/assets/index-BXKxnkrd.js:10:140846)
    at sE.evaluate (https://ocios.app/assets/index-BXKxnkrd.js:10:140729)
    at AP.readLoop (https://ocios.app/assets/index-BXKxnkrd.js:10:158799)
[2026-09-02T07:42:36.442Z] [debug] A matter read failed: Error: Durable Object reset because its code was updated.
    at sE.evaluateImpl (https://ocios.app/assets/index-BXKxnkrd.js:10:143136)
    at sE.evaluateWithDepth (https://ocios.app/assets/index-BXKxnkrd.js:10:140846)
    at sE.evaluate (https://ocios.app/assets/index-BXKxnkrd.js:10:140729)
    at AP.readLoop (https://ocios.app/assets/index-BXKxnkrd.js:10:158799)
[2026-09-02T07:42:41.433Z] [debug] A matter read failed: Error: Durable Object reset because its code was updated.
    at sE.evaluateImpl (https://ocios.app/assets/index-BXKxnkrd.js:10:143136)
    at sE.evaluateWithDepth (https://ocios.app/assets/index-BXKxnkrd.js:10:140846)
    at sE.evaluate (https://ocios.app/assets/index-BXKxnkrd.js:10:140729)
    at AP.readLoop (https://ocios.app/assets/index-BXKxnkrd.js:10:158799)
[2026-09-02T07:42:41.476Z] [debug] A matter read failed: Error: Durable Object reset because its code was updated.
    at sE.evaluateImpl (https://ocios.app/assets/index-BXKxnkrd.js:10:143136)
    at sE.evaluateWithDepth (https://ocios.app/assets/index-BXKxnkrd.js:10:140846)
    at sE.evaluate (https://ocios.app/assets/index-BXKxnkrd.js:10:140729)
    at AP.readLoop (https://ocios.app/assets/index-BXKxnkrd.js:10:158799)
[2026-09-02T07:42:41.551Z] [debug] Failed to enable the matter wake hook: Error: Durable Object reset because its code was updated.
    at sE.evaluateImpl (https://ocios.app/assets/index-BXKxnkrd.js:10:143136)
    at sE.evaluateWithDepth (https://ocios.app/assets/index-BXKxnkrd.js:10:140846)
    at sE.evaluate (https://ocios.app/assets/index-BXKxnkrd.js:10:140729)
    at AP.readLoop (https://ocios.app/assets/index-BXKxnkrd.js:10:158799)
[2026-09-02T07:42:46.435Z] [debug] A matter read failed: Error: Durable Object reset because its code was updated.
    at sE.evaluateImpl (https://ocios.app/assets/index-BXKxnkrd.js:10:143136)
    at sE.evaluateWithDepth (https://ocios.app/assets/index-BXKxnkrd.js:10:140846)
    at sE.evaluate (https://ocios.app/assets/index-BXKxnkrd.js:10:140729)
    at AP.readLoop (https://ocios.app/assets/index-BXKxnkrd.js:10:158799)
[2026-09-02T07:42:51.436Z] [debug] A matter read failed: Error: Durable Object reset because its code was updated.
    at sE.evaluateImpl (https://ocios.app/assets/index-BXKxnkrd.js:10:143136)
    at sE.evaluateWithDepth (https://ocios.app/assets/index-BXKxnkrd.js:10:140846)
    at sE.evaluate (https://ocios.app/assets/index-BXKxnkrd.js:10:140729)
    at AP.readLoop (https://ocios.app/assets/index-BXKxnkrd.js:10:158799)
[2026-09-02T07:42:56.430Z] [debug] A matter read failed: Error: Durable Object reset because its code was updated.
    at sE.evaluateImpl (https://ocios.app/assets/index-BXKxnkrd.js:10:143136)
    at sE.evaluateWithDepth (https://ocios.app/assets/index-BXKxnkrd.js:10:140846)
    at sE.evaluate (https://ocios.app/assets/index-BXKxnkrd.js:10:140729)
    at AP.readLoop (https://ocios.app/assets/index-BXKxnkrd.js:10:158799)
[2026-09-02T07:42:56.474Z] [debug] A matter read failed: Error: Durable Object reset because its code was updated.
    at sE.evaluateImpl (https://ocios.app/assets/index-BXKxnkrd.js:10:143136)
    at sE.evaluateWithDepth (https://ocios.app/assets/index-BXKxnkrd.js:10:140846)
    at sE.evaluate (https://ocios.app/assets/index-BXKxnkrd.js:10:140729)
    at AP.readLoop (https://ocios.app/assets/index-BXKxnkrd.js:10:158799)
[2026-09-02T07:42:56.552Z] [debug] Failed to enable the matter wake hook: Error: Durable Object reset because its code was updated.
    at sE.evaluateImpl (https://ocios.app/assets/index-BXKxnkrd.js:10:143136)
    at sE.evaluateWithDepth (https://ocios.app/assets/index-BXKxnkrd.js:10:140846)
    at sE.evaluate (https://ocios.app/assets/index-BXKxnkrd.js:10:140729)
    at AP.readLoop (https://ocios.app/assets/index-BXKxnkrd.js:10:158799)
[2026-09-02T07:43:01.439Z] [debug] A matter read failed: Error: Durable Object reset because its code was updated.
    at sE.evaluateImpl (https://ocios.app/assets/index-BXKxnkrd.js:10:143136)
    at sE.evaluateWithDepth (https://ocios.app/assets/index-BXKxnkrd.js:10:140846)
    at sE.evaluate (https://ocios.app/assets/index-BXKxnkrd.js:10:140729)
    at AP.readLoop (https://ocios.app/assets/index-BXKxnkrd.js:10:158799)
[2026-09-02T07:43:06.431Z] [debug] A matter read failed: Error: Durable Object reset because its code was updated.
    at sE.evaluateImpl (https://ocios.app/assets/index-BXKxnkrd.js:10:143136)
    at sE.evaluateWithDepth (https://ocios.app/assets/index-BXKxnkrd.js:10:140846)
    at sE.evaluate (https://ocios.app/assets/index-BXKxnkrd.js:10:140729)
    at AP.readLoop (https://ocios.app/assets/index-BXKxnkrd.js:10:158799)
[2026-09-02T07:43:11.430Z] [debug] A matter read failed: Error: Durable Object reset because its code was updated.
    at sE.evaluateImpl (https://ocios.app/assets/index-BXKxnkrd.js:10:143136)
    at sE.evaluateWithDepth (https://ocios.app/assets/index-BXKxnkrd.js:10:140846)
    at sE.evaluate (https://ocios.app/assets/index-BXKxnkrd.js:10:140729)
    at AP.readLoop (https://ocios.app/assets/index-BXKxnkrd.js:10:158799)
[2026-09-02T07:43:11.534Z] [debug] A matter read failed: Error: Durable Object reset because its code was updated.
    at sE.evaluateImpl (https://ocios.app/assets/index-BXKxnkrd.js:10:143136)
    at sE.evaluateWithDepth (https://ocios.app/assets/index-BXKxnkrd.js:10:140846)
    at sE.evaluate (https://ocios.app/assets/index-BXKxnkrd.js:10:140729)
    at AP.readLoop (https://ocios.app/assets/index-BXKxnkrd.js:10:158799)
[2026-09-02T07:43:11.558Z] [debug] Failed to enable the matter wake hook: Error: Durable Object reset because its code was updated.
    at sE.evaluateImpl (https://ocios.app/assets/index-BXKxnkrd.js:10:143136)
    at sE.evaluateWithDepth (https://ocios.app/assets/index-BXKxnkrd.js:10:140846)
    at sE.evaluate (https://ocios.app/assets/index-BXKxnkrd.js:10:140729)
    at AP.readLoop (https://ocios.app/assets/index-BXKxnkrd.js:10:158799)
[2026-09-02T07:43:16.597Z] [debug] A matter read failed: Error: Durable Object reset because its code was updated.
    at sE.evaluateImpl (https://ocios.app/assets/index-BXKxnkrd.js:10:143136)
    at sE.evaluateWithDepth (https://ocios.app/assets/index-BXKxnkrd.js:10:140846)
    at sE.evaluate (https://ocios.app/assets/index-BXKxnkrd.js:10:140729)
    at AP.readLoop (https://ocios.app/assets/index-BXKxnkrd.js:10:158799)
[2026-09-02T07:43:21.495Z] [debug] A matter read failed: Error: Durable Object reset because its code was updated.
    at sE.evaluateImpl (https://ocios.app/assets/index-BXKxnkrd.js:10:143136)
    at sE.evaluateWithDepth (https://ocios.app/assets/index-BXKxnkrd.js:10:140846)
    at sE.evaluate (https://ocios.app/assets/index-BXKxnkrd.js:10:140729)
    at AP.readLoop (https://ocios.app/assets/index-BXKxnkrd.js:10:158799)
[2026-09-02T07:43:26.431Z] [debug] A matter read failed: Error: Durable Object reset because its code was updated.
    at sE.evaluateImpl (https://ocios.app/assets/index-BXKxnkrd.js:10:143136)
    at sE.evaluateWithDepth (https://ocios.app/assets/index-BXKxnkrd.js:10:140846)
    at sE.evaluate (https://ocios.app/assets/index-BXKxnkrd.js:10:140729)
    at AP.readLoop (https://ocios.app/assets/index-BXKxnkrd.js:10:158799)
[2026-09-02T07:43:26.472Z] [debug] A matter read failed: Error: Durable Object reset because its code was updated.
    at sE.evaluateImpl (https://ocios.app/assets/index-BXKxnkrd.js:10:143136)
    at sE.evaluateWithDepth (https://ocios.app/assets/index-BXKxnkrd.js:10:140846)
    at sE.evaluate (https://ocios.app/assets/index-BXKxnkrd.js:10:140729)
    at AP.readLoop (https://ocios.app/assets/index-BXKxnkrd.js:10:158799)
[2026-09-02T07:43:26.552Z] [debug] Failed to enable the matter wake hook: Error: Durable Object reset because its code was updated.
    at sE.evaluateImpl (https://ocios.app/assets/index-BXKxnkrd.js:10:143136)
    at sE.evaluateWithDepth (https://ocios.app/assets/index-BXKxnkrd.js:10:140846)
    at sE.evaluate (https://ocios.app/assets/index-BXKxnkrd.js:10:140729)
    at AP.readLoop (https://ocios.app/assets/index-BXKxnkrd.js:10:158799)
[2026-09-02T07:43:31.474Z] [debug] A matter read failed: Error: Durable Object reset because its code was updated.
    at sE.evaluateImpl (https://ocios.app/assets/index-BXKxnkrd.js:10:143136)
    at sE.evaluateWithDepth (https://ocios.app/assets/index-BXKxnkrd.js:10:140846)
    at sE.evaluate (https://ocios.app/assets/index-BXKxnkrd.js:10:140729)
    at AP.readLoop (https://ocios.app/assets/index-BXKxnkrd.js:10:158799)
[2026-09-02T07:43:36.425Z] [debug] A matter read failed: Error: Durable Object reset because its code was updated.
    at sE.evaluateImpl (https://ocios.app/assets/index-BXKxnkrd.js:10:143136)
    at sE.evaluateWithDepth (https://ocios.app/assets/index-BXKxnkrd.js:10:140846)
    at sE.evaluate (https://ocios.app/assets/index-BXKxnkrd.js:10:140729)
    at AP.readLoop (https://ocios.app/assets/index-BXKxnkrd.js:10:158799)
[2026-09-02T07:43:41.430Z] [debug] A matter read failed: Error: Durable Object reset because its code was updated.
    at sE.evaluateImpl (https://ocios.app/assets/index-BXKxnkrd.js:10:143136)
    at sE.evaluateWithDepth (https://ocios.app/assets/index-BXKxnkrd.js:10:140846)
    at sE.evaluate (https://ocios.app/assets/index-BXKxnkrd.js:10:140729)
    at AP.readLoop (https://ocios.app/assets/index-BXKxnkrd.js:10:158799)
[2026-09-02T07:43:41.459Z] [debug] A matter read failed: Error: Durable Object reset because its code was updated.
    at sE.evaluateImpl (https://ocios.app/assets/index-BXKxnkrd.js:10:143136)
    at sE.evaluateWithDepth (https://ocios.app/assets/index-BXKxnkrd.js:10:140846)
    at sE.evaluate (https://ocios.app/assets/index-BXKxnkrd.js:10:140729)
    at AP.readLoop (https://ocios.app/assets/index-BXKxnkrd.js:10:158799)
[2026-09-02T07:43:41.542Z] [debug] Failed to enable the matter wake hook: Error: Durable Object reset because its code was updated.
    at sE.evaluateImpl (https://ocios.app/assets/index-BXKxnkrd.js:10:143136)
    at sE.evaluateWithDepth (https://ocios.app/assets/index-BXKxnkrd.js:10:140846)
    at sE.evaluate (https://ocios.app/assets/index-BXKxnkrd.js:10:140729)
    at AP.readLoop (https://ocios.app/assets/index-BXKxnkrd.js:10:158799)
[2026-09-02T07:43:46.420Z] [debug] A matter read failed: Error: Durable Object reset because its code was updated.
    at sE.evaluateImpl (https://ocios.app/assets/index-BXKxnkrd.js:10:143136)
    at sE.evaluateWithDepth (https://ocios.app/assets/index-BXKxnkrd.js:10:140846)
    at sE.evaluate (https://ocios.app/assets/index-BXKxnkrd.js:10:140729)
    at AP.readLoop (https://ocios.app/assets/index-BXKxnkrd.js:10:158799)
[2026-09-02T07:43:51.418Z] [debug] A matter read failed: Error: Durable Object reset because its code was updated.
    at sE.evaluateImpl (https://ocios.app/assets/index-BXKxnkrd.js:10:143136)
    at sE.evaluateWithDepth (https://ocios.app/assets/index-BXKxnkrd.js:10:140846)
    at sE.evaluate (https://ocios.app/assets/index-BXKxnkrd.js:10:140729)
    at AP.readLoop (https://ocios.app/assets/index-BXKxnkrd.js:10:158799)
[2026-09-02T07:43:56.411Z] [debug] A matter read failed: Error: Durable Object reset because its code was updated.
    at sE.evaluateImpl (https://ocios.app/assets/index-BXKxnkrd.js:10:143136)
    at sE.evaluateWithDepth (https://ocios.app/assets/index-BXKxnkrd.js:10:140846)
    at sE.evaluate (https://ocios.app/assets/index-BXKxnkrd.js:10:140729)
    at AP.readLoop (https://ocios.app/assets/index-BXKxnkrd.js:10:158799)
[2026-09-02T07:43:56.455Z] [debug] A matter read failed: Error: Durable Object reset because its code was updated.
    at sE.evaluateImpl (https://ocios.app/assets/index-BXKxnkrd.js:10:143136)
    at sE.evaluateWithDepth (https://ocios.app/assets/index-BXKxnkrd.js:10:140846)
    at sE.evaluate (https://ocios.app/assets/index-BXKxnkrd.js:10:140729)
    at AP.readLoop (https://ocios.app/assets/index-BXKxnkrd.js:10:158799)
[2026-09-02T07:43:56.603Z] [debug] Failed to enable the matter wake hook: Error: Durable Object reset because its code was updated.
    at sE.evaluateImpl (https://ocios.app/assets/index-BXKxnkrd.js:10:143136)
    at sE.evaluateWithDepth (https://ocios.app/assets/index-BXKxnkrd.js:10:140846)
    at sE.evaluate (https://ocios.app/assets/index-BXKxnkrd.js:10:140729)
    at AP.readLoop (https://ocios.app/assets/index-BXKxnkrd.js:10:158799)
[2026-09-02T07:44:01.421Z] [debug] A matter read failed: Error: Durable Object reset because its code was updated.
    at sE.evaluateImpl (https://ocios.app/assets/index-BXKxnkrd.js:10:143136)
    at sE.evaluateWithDepth (https://ocios.app/assets/index-BXKxnkrd.js:10:140846)
    at sE.evaluate (https://ocios.app/assets/index-BXKxnkrd.js:10:140729)
    at AP.readLoop (https://ocios.app/assets/index-BXKxnkrd.js:10:158799)
[2026-09-02T07:44:06.409Z] [debug] A matter read failed: Error: Durable Object reset because its code was updated.
    at sE.evaluateImpl (https://ocios.app/assets/index-BXKxnkrd.js:10:143136)
    at sE.evaluateWithDepth (https://ocios.app/assets/index-BXKxnkrd.js:10:140846)
    at sE.evaluate (https://ocios.app/assets/index-BXKxnkrd.js:10:140729)
    at AP.readLoop (https://ocios.app/assets/index-BXKxnkrd.js:10:158799)
[2026-09-02T07:44:11.419Z] [debug] A matter read failed: Error: Durable Object reset because its code was updated.
    at sE.evaluateImpl (https://ocios.app/assets/index-BXKxnkrd.js:10:143136)
    at sE.evaluateWithDepth (https://ocios.app/assets/index-BXKxnkrd.js:10:140846)
    at sE.evaluate (https://ocios.app/assets/index-BXKxnkrd.js:10:140729)
    at AP.readLoop (https://ocios.app/assets/index-BXKxnkrd.js:10:158799)
[2026-09-02T07:44:11.451Z] [debug] A matter read failed: Error: Durable Object reset because its code was updated.
    at sE.evaluateImpl (https://ocios.app/assets/index-BXKxnkrd.js:10:143136)
    at sE.evaluateWithDepth (https://ocios.app/assets/index-BXKxnkrd.js:10:140846)
    at sE.evaluate (https://ocios.app/assets/index-BXKxnkrd.js:10:140729)
    at AP.readLoop (https://ocios.app/assets/index-BXKxnkrd.js:10:158799)
[2026-09-02T07:44:11.527Z] [debug] Failed to enable the matter wake hook: Error: Durable Object reset because its code was updated.
    at sE.evaluateImpl (https://ocios.app/assets/index-BXKxnkrd.js:10:143136)
    at sE.evaluateWithDepth (https://ocios.app/assets/index-BXKxnkrd.js:10:140846)
    at sE.evaluate (https://ocios.app/assets/index-BXKxnkrd.js:10:140729)
    at AP.readLoop (https://ocios.app/assets/index-BXKxnkrd.js:10:158799)
[2026-09-02T07:44:16.414Z] [debug] A matter read failed: Error: Durable Object reset because its code was updated.
    at sE.evaluateImpl (https://ocios.app/assets/index-BXKxnkrd.js:10:143136)
    at sE.evaluateWithDepth (https://ocios.app/assets/index-BXKxnkrd.js:10:140846)
    at sE.evaluate (https://ocios.app/assets/index-BXKxnkrd.js:10:140729)
    at AP.readLoop (https://ocios.app/assets/index-BXKxnkrd.js:10:158799)
[2026-09-02T07:44:21.415Z] [debug] A matter read failed: Error: Durable Object reset because its code was updated.
    at sE.evaluateImpl (https://ocios.app/assets/index-BXKxnkrd.js:10:143136)
    at sE.evaluateWithDepth (https://ocios.app/assets/index-BXKxnkrd.js:10:140846)
    at sE.evaluate (https://ocios.app/assets/index-BXKxnkrd.js:10:140729)
    at AP.readLoop (https://ocios.app/assets/index-BXKxnkrd.js:10:158799)
[2026-09-02T07:44:26.410Z] [debug] A matter read failed: Error: Durable Object reset because its code was updated.
    at sE.evaluateImpl (https://ocios.app/assets/index-BXKxnkrd.js:10:143136)
    at sE.evaluateWithDepth (https://ocios.app/assets/index-BXKxnkrd.js:10:140846)
    at sE.evaluate (https://ocios.app/assets/index-BXKxnkrd.js:10:140729)
    at AP.readLoop (https://ocios.app/assets/index-BXKxnkrd.js:10:158799)
[2026-09-02T07:44:26.508Z] [debug] A matter read failed: Error: Durable Object reset because its code was updated.
    at sE.evaluateImpl (https://ocios.app/assets/index-BXKxnkrd.js:10:143136)
    at sE.evaluateWithDepth (https://ocios.app/assets/index-BXKxnkrd.js:10:140846)
    at sE.evaluate (https://ocios.app/assets/index-BXKxnkrd.js:10:140729)
    at AP.readLoop (https://ocios.app/assets/index-BXKxnkrd.js:10:158799)
[2026-09-02T07:44:26.527Z] [debug] Failed to enable the matter wake hook: Error: Durable Object reset because its code was updated.
    at sE.evaluateImpl (https://ocios.app/assets/index-BXKxnkrd.js:10:143136)
    at sE.evaluateWithDepth (https://ocios.app/assets/index-BXKxnkrd.js:10:140846)
    at sE.evaluate (https://ocios.app/assets/index-BXKxnkrd.js:10:140729)
    at AP.readLoop (https://ocios.app/assets/index-BXKxnkrd.js:10:158799)
[2026-09-02T07:44:31.407Z] [debug] A matter read failed: Error: Durable Object reset because its code was updated.
    at sE.evaluateImpl (https://ocios.app/assets/index-BXKxnkrd.js:10:143136)
    at sE.evaluateWithDepth (https://ocios.app/assets/index-BXKxnkrd.js:10:140846)
    at sE.evaluate (https://ocios.app/assets/index-BXKxnkrd.js:10:140729)
    at AP.readLoop (https://ocios.app/assets/index-BXKxnkrd.js:10:158799)
[2026-09-02T07:44:36.469Z] [debug] A matter read failed: Error: Durable Object reset because its code was updated.
    at sE.evaluateImpl (https://ocios.app/assets/index-BXKxnkrd.js:10:143136)
    at sE.evaluateWithDepth (https://ocios.app/assets/index-BXKxnkrd.js:10:140846)
    at sE.evaluate (https://ocios.app/assets/index-BXKxnkrd.js:10:140729)
    at AP.readLoop (https://ocios.app/assets/index-BXKxnkrd.js:10:158799)
[2026-09-02T07:44:41.407Z] [debug] A matter read failed: Error: Durable Object reset because its code was updated.
    at sE.evaluateImpl (https://ocios.app/assets/index-BXKxnkrd.js:10:143136)
    at sE.evaluateWithDepth (https://ocios.app/assets/index-BXKxnkrd.js:10:140846)
    at sE.evaluate (https://ocios.app/assets/index-BXKxnkrd.js:10:140729)
    at AP.readLoop (https://ocios.app/assets/index-BXKxnkrd.js:10:158799)
[2026-09-02T07:44:41.450Z] [debug] A matter read failed: Error: Durable Object reset because its code was updated.
    at sE.evaluateImpl (https://ocios.app/assets/index-BXKxnkrd.js:10:143136)
    at sE.evaluateWithDepth (https://ocios.app/assets/index-BXKxnkrd.js:10:140846)
    at sE.evaluate (https://ocios.app/assets/index-BXKxnkrd.js:10:140729)
    at AP.readLoop (https://ocios.app/assets/index-BXKxnkrd.js:10:158799)
[2026-09-02T07:44:41.529Z] [debug] Failed to enable the matter wake hook: Error: Durable Object reset because its code was updated.
    at sE.evaluateImpl (https://ocios.app/assets/index-BXKxnkrd.js:10:143136)
    at sE.evaluateWithDepth (https://ocios.app/assets/index-BXKxnkrd.js:10:140846)
    at sE.evaluate (https://ocios.app/assets/index-BXKxnkrd.js:10:140729)
    at AP.readLoop (https://ocios.app/assets/index-BXKxnkrd.js:10:158799)
[2026-09-02T07:44:46.432Z] [debug] A matter read failed: Error: Durable Object reset because its code was updated.
    at sE.evaluateImpl (https://ocios.app/assets/index-BXKxnkrd.js:10:143136)
    at sE.evaluateWithDepth (https://ocios.app/assets/index-BXKxnkrd.js:10:140846)
    at sE.evaluate (https://ocios.app/assets/index-BXKxnkrd.js:10:140729)
    at AP.readLoop (https://ocios.app/assets/index-BXKxnkrd.js:10:158799)
[2026-09-02T07:44:51.407Z] [debug] A matter read failed: Error: Durable Object reset because its code was updated.
    at sE.evaluateImpl (https://ocios.app/assets/index-BXKxnkrd.js:10:143136)
    at sE.evaluateWithDepth (https://ocios.app/assets/index-BXKxnkrd.js:10:140846)
    at sE.evaluate (https://ocios.app/assets/index-BXKxnkrd.js:10:140729)
    at AP.readLoop (https://ocios.app/assets/index-BXKxnkrd.js:10:158799)
[2026-09-02T07:44:56.404Z] [debug] A matter read failed: Error: Durable Object reset because its code was updated.
    at sE.evaluateImpl (https://ocios.app/assets/index-BXKxnkrd.js:10:143136)
    at sE.evaluateWithDepth (https://ocios.app/assets/index-BXKxnkrd.js:10:140846)
    at sE.evaluate (https://ocios.app/assets/index-BXKxnkrd.js:10:140729)
    at AP.readLoop (https://ocios.app/assets/index-BXKxnkrd.js:10:158799)
[2026-09-02T07:44:56.452Z] [debug] A matter read failed: Error: Durable Object reset because its code was updated.
    at sE.evaluateImpl (https://ocios.app/assets/index-BXKxnkrd.js:10:143136)
    at sE.evaluateWithDepth (https://ocios.app/assets/index-BXKxnkrd.js:10:140846)
    at sE.evaluate (https://ocios.app/assets/index-BXKxnkrd.js:10:140729)
    at AP.readLoop (https://ocios.app/assets/index-BXKxnkrd.js:10:158799)
[2026-09-02T07:44:56.536Z] [debug] Failed to enable the matter wake hook: Error: Durable Object reset because its code was updated.
    at sE.evaluateImpl (https://ocios.app/assets/index-BXKxnkrd.js:10:143136)
    at sE.evaluateWithDepth (https://ocios.app/assets/index-BXKxnkrd.js:10:140846)
    at sE.evaluate (https://ocios.app/assets/index-BXKxnkrd.js:10:140729)
    at AP.readLoop (https://ocios.app/assets/index-BXKxnkrd.js:10:158799)
[2026-09-02T07:45:01.414Z] [debug] A matter read failed: Error: Durable Object reset because its code was updated.
    at sE.evaluateImpl (https://ocios.app/assets/index-BXKxnkrd.js:10:143136)
    at sE.evaluateWithDepth (https://ocios.app/assets/index-BXKxnkrd.js:10:140846)
    at sE.evaluate (https://ocios.app/assets/index-BXKxnkrd.js:10:140729)
    at AP.readLoop (https://ocios.app/assets/index-BXKxnkrd.js:10:158799)
[2026-09-02T07:45:06.416Z] [debug] A matter read failed: Error: Durable Object reset because its code was updated.
    at sE.evaluateImpl (https://ocios.app/assets/index-BXKxnkrd.js:10:143136)
    at sE.evaluateWithDepth (https://ocios.app/assets/index-BXKxnkrd.js:10:140846)
    at sE.evaluate (https://ocios.app/assets/index-BXKxnkrd.js:10:140729)
    at AP.readLoop (https://ocios.app/assets/index-BXKxnkrd.js:10:158799)
[2026-09-02T07:45:11.406Z] [debug] A matter read failed: Error: Durable Object reset because its code was updated.
    at sE.evaluateImpl (https://ocios.app/assets/index-BXKxnkrd.js:10:143136)
    at sE.evaluateWithDepth (https://ocios.app/assets/index-BXKxnkrd.js:10:140846)
    at sE.evaluate (https://ocios.app/assets/index-BXKxnkrd.js:10:140729)
    at AP.readLoop (https://ocios.app/assets/index-BXKxnkrd.js:10:158799)
[2026-09-02T07:45:11.449Z] [debug] A matter read failed: Error: Durable Object reset because its code was updated.
    at sE.evaluateImpl (https://ocios.app/assets/index-BXKxnkrd.js:10:143136)
    at sE.evaluateWithDepth (https://ocios.app/assets/index-BXKxnkrd.js:10:140846)
    at sE.evaluate (https://ocios.app/assets/index-BXKxnkrd.js:10:140729)
    at AP.readLoop (https://ocios.app/assets/index-BXKxnkrd.js:10:158799)
[2026-09-02T07:45:11.595Z] [debug] Failed to enable the matter wake hook: Error: Durable Object reset because its code was updated.
    at sE.evaluateImpl (https://ocios.app/assets/index-BXKxnkrd.js:10:143136)
    at sE.evaluateWithDepth (https://ocios.app/assets/index-BXKxnkrd.js:10:140846)
    at sE.evaluate (https://ocios.app/assets/index-BXKxnkrd.js:10:140729)
    at AP.readLoop (https://ocios.app/assets/index-BXKxnkrd.js:10:158799)
[2026-09-02T07:45:16.408Z] [debug] A matter read failed: Error: Durable Object reset because its code was updated.
    at sE.evaluateImpl (https://ocios.app/assets/index-BXKxnkrd.js:10:143136)
    at sE.evaluateWithDepth (https://ocios.app/assets/index-BXKxnkrd.js:10:140846)
    at sE.evaluate (https://ocios.app/assets/index-BXKxnkrd.js:10:140729)
    at AP.readLoop (https://ocios.app/assets/index-BXKxnkrd.js:10:158799)
[2026-09-02T07:45:21.411Z] [debug] A matter read failed: Error: Durable Object reset because its code was updated.
    at sE.evaluateImpl (https://ocios.app/assets/index-BXKxnkrd.js:10:143136)
    at sE.evaluateWithDepth (https://ocios.app/assets/index-BXKxnkrd.js:10:140846)
    at sE.evaluate (https://ocios.app/assets/index-BXKxnkrd.js:10:140729)
    at AP.readLoop (https://ocios.app/assets/index-BXKxnkrd.js:10:158799)
[2026-09-02T07:45:26.407Z] [debug] A matter read failed: Error: Durable Object reset because its code was updated.
    at sE.evaluateImpl (https://ocios.app/assets/index-BXKxnkrd.js:10:143136)
    at sE.evaluateWithDepth (https://ocios.app/assets/index-BXKxnkrd.js:10:140846)
    at sE.evaluate (https://ocios.app/assets/index-BXKxnkrd.js:10:140729)
    at AP.readLoop (https://ocios.app/assets/index-BXKxnkrd.js:10:158799)
[2026-09-02T07:45:26.448Z] [debug] A matter read failed: Error: Durable Object reset because its code was updated.
    at sE.evaluateImpl (https://ocios.app/assets/index-BXKxnkrd.js:10:143136)
    at sE.evaluateWithDepth (https://ocios.app/assets/index-BXKxnkrd.js:10:140846)
    at sE.evaluate (https://ocios.app/assets/index-BXKxnkrd.js:10:140729)
    at AP.readLoop (https://ocios.app/assets/index-BXKxnkrd.js:10:158799)
[2026-09-02T07:45:26.527Z] [debug] Failed to enable the matter wake hook: Error: Durable Object reset because its code was updated.
    at sE.evaluateImpl (https://ocios.app/assets/index-BXKxnkrd.js:10:143136)
    at sE.evaluateWithDepth (https://ocios.app/assets/index-BXKxnkrd.js:10:140846)
    at sE.evaluate (https://ocios.app/assets/index-BXKxnkrd.js:10:140729)
    at AP.readLoop (https://ocios.app/assets/index-BXKxnkrd.js:10:158799)
[2026-09-02T07:45:31.407Z] [debug] A matter read failed: Error: Durable Object reset because its code was updated.
    at sE.evaluateImpl (https://ocios.app/assets/index-BXKxnkrd.js:10:143136)
    at sE.evaluateWithDepth (https://ocios.app/assets/index-BXKxnkrd.js:10:140846)
    at sE.evaluate (https://ocios.app/assets/index-BXKxnkrd.js:10:140729)
    at AP.readLoop (https://ocios.app/assets/index-BXKxnkrd.js:10:158799)
[2026-09-02T07:45:36.407Z] [debug] A matter read failed: Error: Durable Object reset because its code was updated.
    at sE.evaluateImpl (https://ocios.app/assets/index-BXKxnkrd.js:10:143136)
    at sE.evaluateWithDepth (https://ocios.app/assets/index-BXKxnkrd.js:10:140846)
    at sE.evaluate (https://ocios.app/assets/index-BXKxnkrd.js:10:140729)
    at AP.readLoop (https://ocios.app/assets/index-BXKxnkrd.js:10:158799)
[2026-09-02T07:45:41.458Z] [debug] A matter read failed: Error: Durable Object reset because its code was updated.
    at sE.evaluateImpl (https://ocios.app/assets/index-BXKxnkrd.js:10:143136)
    at sE.evaluateWithDepth (https://ocios.app/assets/index-BXKxnkrd.js:10:140846)
    at sE.evaluate (https://ocios.app/assets/index-BXKxnkrd.js:10:140729)
    at AP.readLoop (https://ocios.app/assets/index-BXKxnkrd.js:10:158799)
[2026-09-02T07:45:41.483Z] [debug] A matter read failed: Error: Durable Object reset because its code was updated.
    at sE.evaluateImpl (https://ocios.app/assets/index-BXKxnkrd.js:10:143136)
    at sE.evaluateWithDepth (https://ocios.app/assets/index-BXKxnkrd.js:10:140846)
    at sE.evaluate (https://ocios.app/assets/index-BXKxnkrd.js:10:140729)
    at AP.readLoop (https://ocios.app/assets/index-BXKxnkrd.js:10:158799)
[2026-09-02T07:45:41.527Z] [debug] Failed to enable the matter wake hook: Error: Durable Object reset because its code was updated.
    at sE.evaluateImpl (https://ocios.app/assets/index-BXKxnkrd.js:10:143136)
    at sE.evaluateWithDepth (https://ocios.app/assets/index-BXKxnkrd.js:10:140846)
    at sE.evaluate (https://ocios.app/assets/index-BXKxnkrd.js:10:140729)
    at AP.readLoop (https://ocios.app/assets/index-BXKxnkrd.js:10:158799)
[2026-09-02T07:45:46.414Z] [debug] A matter read failed: Error: Durable Object reset because its code was updated.
    at sE.evaluateImpl (https://ocios.app/assets/index-BXKxnkrd.js:10:143136)
    at sE.evaluateWithDepth (https://ocios.app/assets/index-BXKxnkrd.js:10:140846)
    at sE.evaluate (https://ocios.app/assets/index-BXKxnkrd.js:10:140729)
    at AP.readLoop (https://ocios.app/assets/index-BXKxnkrd.js:10:158799)
[2026-09-02T07:45:51.445Z] [debug] A matter read failed: Error: Durable Object reset because its code was updated.
    at sE.evaluateImpl (https://ocios.app/assets/index-BXKxnkrd.js:10:143136)
    at sE.evaluateWithDepth (https://ocios.app/assets/index-BXKxnkrd.js:10:140846)
    at sE.evaluate (https://ocios.app/assets/index-BXKxnkrd.js:10:140729)
    at AP.readLoop (https://ocios.app/assets/index-BXKxnkrd.js:10:158799)
[2026-09-02T07:45:56.408Z] [debug] A matter read failed: Error: Durable Object reset because its code was updated.
    at sE.evaluateImpl (https://ocios.app/assets/index-BXKxnkrd.js:10:143136)
    at sE.evaluateWithDepth (https://ocios.app/assets/index-BXKxnkrd.js:10:140846)
    at sE.evaluate (https://ocios.app/assets/index-BXKxnkrd.js:10:140729)
    at AP.readLoop (https://ocios.app/assets/index-BXKxnkrd.js:10:158799)
[2026-09-02T07:45:56.451Z] [debug] A matter read failed: Error: Durable Object reset because its code was updated.
    at sE.evaluateImpl (https://ocios.app/assets/index-BXKxnkrd.js:10:143136)
    at sE.evaluateWithDepth (https://ocios.app/assets/index-BXKxnkrd.js:10:140846)
    at sE.evaluate (https://ocios.app/assets/index-BXKxnkrd.js:10:140729)
    at AP.readLoop (https://ocios.app/assets/index-BXKxnkrd.js:10:158799)
[2026-09-02T07:45:56.529Z] [debug] Failed to enable the matter wake hook: Error: Durable Object reset because its code was updated.
    at sE.evaluateImpl (https://ocios.app/assets/index-BXKxnkrd.js:10:143136)
    at sE.evaluateWithDepth (https://ocios.app/assets/index-BXKxnkrd.js:10:140846)
    at sE.evaluate (https://ocios.app/assets/index-BXKxnkrd.js:10:140729)
    at AP.readLoop (https://ocios.app/assets/index-BXKxnkrd.js:10:158799)
[2026-09-02T07:46:01.414Z] [debug] A matter read failed: Error: Durable Object reset because its code was updated.
    at sE.evaluateImpl (https://ocios.app/assets/index-BXKxnkrd.js:10:143136)
    at sE.evaluateWithDepth (https://ocios.app/assets/index-BXKxnkrd.js:10:140846)
    at sE.evaluate (https://ocios.app/assets/index-BXKxnkrd.js:10:140729)
    at AP.readLoop (https://ocios.app/assets/index-BXKxnkrd.js:10:158799)
[2026-09-02T07:46:06.410Z] [debug] A matter read failed: Error: Durable Object reset because its code was updated.
    at sE.evaluateImpl (https://ocios.app/assets/index-BXKxnkrd.js:10:143136)
    at sE.evaluateWithDepth (https://ocios.app/assets/index-BXKxnkrd.js:10:140846)
    at sE.evaluate (https://ocios.app/assets/index-BXKxnkrd.js:10:140729)
    at AP.readLoop (https://ocios.app/assets/index-BXKxnkrd.js:10:158799)
[2026-09-02T07:46:11.413Z] [debug] A matter read failed: Error: Durable Object reset because its code was updated.
    at sE.evaluateImpl (https://ocios.app/assets/index-BXKxnkrd.js:10:143136)
    at sE.evaluateWithDepth (https://ocios.app/assets/index-BXKxnkrd.js:10:140846)
    at sE.evaluate (https://ocios.app/assets/index-BXKxnkrd.js:10:140729)
    at AP.readLoop (https://ocios.app/assets/index-BXKxnkrd.js:10:158799)
[2026-09-02T07:46:11.451Z] [debug] A matter read failed: Error: Durable Object reset because its code was updated.
    at sE.evaluateImpl (https://ocios.app/assets/index-BXKxnkrd.js:10:143136)
    at sE.evaluateWithDepth (https://ocios.app/assets/index-BXKxnkrd.js:10:140846)
    at sE.evaluate (https://ocios.app/assets/index-BXKxnkrd.js:10:140729)
    at AP.readLoop (https://ocios.app/assets/index-BXKxnkrd.js:10:158799)
[2026-09-02T07:46:11.529Z] [debug] Failed to enable the matter wake hook: Error: Durable Object reset because its code was updated.
    at sE.evaluateImpl (https://ocios.app/assets/index-BXKxnkrd.js:10:143136)
    at sE.evaluateWithDepth (https://ocios.app/assets/index-BXKxnkrd.js:10:140846)
    at sE.evaluate (https://ocios.app/assets/index-BXKxnkrd.js:10:140729)
    at AP.readLoop (https://ocios.app/assets/index-BXKxnkrd.js:10:158799)
[2026-09-02T07:46:16.416Z] [debug] A matter read failed: Error: Durable Object reset because its code was updated.
    at sE.evaluateImpl (https://ocios.app/assets/index-BXKxnkrd.js:10:143136)
    at sE.evaluateWithDepth (https://ocios.app/assets/index-BXKxnkrd.js:10:140846)
    at sE.evaluate (https://ocios.app/assets/index-BXKxnkrd.js:10:140729)
    at AP.readLoop (https://ocios.app/assets/index-BXKxnkrd.js:10:158799)
[2026-09-02T07:46:21.408Z] [debug] A matter read failed: Error: Durable Object reset because its code was updated.
    at sE.evaluateImpl (https://ocios.app/assets/index-BXKxnkrd.js:10:143136)
    at sE.evaluateWithDepth (https://ocios.app/assets/index-BXKxnkrd.js:10:140846)
    at sE.evaluate (https://ocios.app/assets/index-BXKxnkrd.js:10:140729)
    at AP.readLoop (https://ocios.app/assets/index-BXKxnkrd.js:10:158799)
[2026-09-02T07:46:26.408Z] [debug] A matter read failed: Error: Durable Object reset because its code was updated.
    at sE.evaluateImpl (https://ocios.app/assets/index-BXKxnkrd.js:10:143136)
    at sE.evaluateWithDepth (https://ocios.app/assets/index-BXKxnkrd.js:10:140846)
    at sE.evaluate (https://ocios.app/assets/index-BXKxnkrd.js:10:140729)
    at AP.readLoop (https://ocios.app/assets/index-BXKxnkrd.js:10:158799)
[2026-09-02T07:46:26.548Z] [debug] A matter read failed: Error: Durable Object reset because its code was updated.
    at sE.evaluateImpl (https://ocios.app/assets/index-BXKxnkrd.js:10:143136)
    at sE.evaluateWithDepth (https://ocios.app/assets/index-BXKxnkrd.js:10:140846)
    at sE.evaluate (https://ocios.app/assets/index-BXKxnkrd.js:10:140729)
    at AP.readLoop (https://ocios.app/assets/index-BXKxnkrd.js:10:158799)
[2026-09-02T07:46:26.571Z] [debug] Failed to enable the matter wake hook: Error: Durable Object reset because its code was updated.
    at sE.evaluateImpl (https://ocios.app/assets/index-BXKxnkrd.js:10:143136)
    at sE.evaluateWithDepth (https://ocios.app/assets/index-BXKxnkrd.js:10:140846)
    at sE.evaluate (https://ocios.app/assets/index-BXKxnkrd.js:10:140729)
    at AP.readLoop (https://ocios.app/assets/index-BXKxnkrd.js:10:158799)
[2026-09-02T07:46:31.407Z] [debug] A matter read failed: Error: Durable Object reset because its code was updated.
    at sE.evaluateImpl (https://ocios.app/assets/index-BXKxnkrd.js:10:143136)
    at sE.evaluateWithDepth (https://ocios.app/assets/index-BXKxnkrd.js:10:140846)
    at sE.evaluate (https://ocios.app/assets/index-BXKxnkrd.js:10:140729)
    at AP.readLoop (https://ocios.app/assets/index-BXKxnkrd.js:10:158799)
[2026-09-02T07:46:36.413Z] [debug] A matter read failed: Error: Durable Object reset because its code was updated.
    at sE.evaluateImpl (https://ocios.app/assets/index-BXKxnkrd.js:10:143136)
    at sE.evaluateWithDepth (https://ocios.app/assets/index-BXKxnkrd.js:10:140846)
    at sE.evaluate (https://ocios.app/assets/index-BXKxnkrd.js:10:140729)
    at AP.readLoop (https://ocios.app/assets/index-BXKxnkrd.js:10:158799)
[2026-09-02T07:46:41.418Z] [debug] A matter read failed: Error: Durable Object reset because its code was updated.
    at sE.evaluateImpl (https://ocios.app/assets/index-BXKxnkrd.js:10:143136)
    at sE.evaluateWithDepth (https://ocios.app/assets/index-BXKxnkrd.js:10:140846)
    at sE.evaluate (https://ocios.app/assets/index-BXKxnkrd.js:10:140729)
    at AP.readLoop (https://ocios.app/assets/index-BXKxnkrd.js:10:158799)
[2026-09-02T07:46:41.449Z] [debug] A matter read failed: Error: Durable Object reset because its code was updated.
    at sE.evaluateImpl (https://ocios.app/assets/index-BXKxnkrd.js:10:143136)
    at sE.evaluateWithDepth (https://ocios.app/assets/index-BXKxnkrd.js:10:140846)
    at sE.evaluate (https://ocios.app/assets/index-BXKxnkrd.js:10:140729)
    at AP.readLoop (https://ocios.app/assets/index-BXKxnkrd.js:10:158799)
[2026-09-02T07:46:41.531Z] [debug] Failed to enable the matter wake hook: Error: Durable Object reset because its code was updated.
    at sE.evaluateImpl (https://ocios.app/assets/index-BXKxnkrd.js:10:143136)
    at sE.evaluateWithDepth (https://ocios.app/assets/index-BXKxnkrd.js:10:140846)
    at sE.evaluate (https://ocios.app/assets/index-BXKxnkrd.js:10:140729)
    at AP.readLoop (https://ocios.app/assets/index-BXKxnkrd.js:10:158799)
[2026-09-02T07:46:46.521Z] [debug] A matter read failed: Error: Durable Object reset because its code was updated.
    at sE.evaluateImpl (https://ocios.app/assets/index-BXKxnkrd.js:10:143136)
    at sE.evaluateWithDepth (https://ocios.app/assets/index-BXKxnkrd.js:10:140846)
    at sE.evaluate (https://ocios.app/assets/index-BXKxnkrd.js:10:140729)
    at AP.readLoop (https://ocios.app/assets/index-BXKxnkrd.js:10:158799)
[2026-09-02T07:46:51.418Z] [debug] A matter read failed: Error: Durable Object reset because its code was updated.
    at sE.evaluateImpl (https://ocios.app/assets/index-BXKxnkrd.js:10:143136)
    at sE.evaluateWithDepth (https://ocios.app/assets/index-BXKxnkrd.js:10:140846)
    at sE.evaluate (https://ocios.app/assets/index-BXKxnkrd.js:10:140729)
    at AP.readLoop (https://ocios.app/assets/index-BXKxnkrd.js:10:158799)
[2026-09-02T07:46:56.454Z] [debug] A matter read failed: Error: Durable Object reset because its code was updated.
    at sE.evaluateImpl (https://ocios.app/assets/index-BXKxnkrd.js:10:143136)
    at sE.evaluateWithDepth (https://ocios.app/assets/index-BXKxnkrd.js:10:140846)
    at sE.evaluate (https://ocios.app/assets/index-BXKxnkrd.js:10:140729)
    at AP.readLoop (https://ocios.app/assets/index-BXKxnkrd.js:10:158799)
[2026-09-02T07:46:56.455Z] [debug] A matter read failed: Error: Durable Object reset because its code was updated.
    at sE.evaluateImpl (https://ocios.app/assets/index-BXKxnkrd.js:10:143136)
    at sE.evaluateWithDepth (https://ocios.app/assets/index-BXKxnkrd.js:10:140846)
    at sE.evaluate (https://ocios.app/assets/index-BXKxnkrd.js:10:140729)
    at AP.readLoop (https://ocios.app/assets/index-BXKxnkrd.js:10:158799)
[2026-09-02T07:46:56.531Z] [debug] Failed to enable the matter wake hook: Error: Durable Object reset because its code was updated.
    at sE.evaluateImpl (https://ocios.app/assets/index-BXKxnkrd.js:10:143136)
    at sE.evaluateWithDepth (https://ocios.app/assets/index-BXKxnkrd.js:10:140846)
    at sE.evaluate (https://ocios.app/assets/index-BXKxnkrd.js:10:140729)
    at AP.readLoop (https://ocios.app/assets/index-BXKxnkrd.js:10:158799)
[2026-09-02T07:47:01.419Z] [debug] A matter read failed: Error: Durable Object reset because its code was updated.
    at sE.evaluateImpl (https://ocios.app/assets/index-BXKxnkrd.js:10:143136)
    at sE.evaluateWithDepth (https://ocios.app/assets/index-BXKxnkrd.js:10:140846)
    at sE.evaluate (https://ocios.app/assets/index-BXKxnkrd.js:10:140729)
    at AP.readLoop (https://ocios.app/assets/index-BXKxnkrd.js:10:158799)
[2026-09-02T07:47:06.420Z] [debug] A matter read failed: Error: Durable Object reset because its code was updated.
    at sE.evaluateImpl (https://ocios.app/assets/index-BXKxnkrd.js:10:143136)
    at sE.evaluateWithDepth (https://ocios.app/assets/index-BXKxnkrd.js:10:140846)
    at sE.evaluate (https://ocios.app/assets/index-BXKxnkrd.js:10:140729)
    at AP.readLoop (https://ocios.app/assets/index-BXKxnkrd.js:10:158799)
[2026-09-02T07:47:11.412Z] [debug] A matter read failed: Error: Durable Object reset because its code was updated.
    at sE.evaluateImpl (https://ocios.app/assets/index-BXKxnkrd.js:10:143136)
    at sE.evaluateWithDepth (https://ocios.app/assets/index-BXKxnkrd.js:10:140846)
    at sE.evaluate (https://ocios.app/assets/index-BXKxnkrd.js:10:140729)
    at AP.readLoop (https://ocios.app/assets/index-BXKxnkrd.js:10:158799)
[2026-09-02T07:47:11.449Z] [debug] A matter read failed: Error: Durable Object reset because its code was updated.
    at sE.evaluateImpl (https://ocios.app/assets/index-BXKxnkrd.js:10:143136)
    at sE.evaluateWithDepth (https://ocios.app/assets/index-BXKxnkrd.js:10:140846)
    at sE.evaluate (https://ocios.app/assets/index-BXKxnkrd.js:10:140729)
    at AP.readLoop (https://ocios.app/assets/index-BXKxnkrd.js:10:158799)
[2026-09-02T07:47:11.529Z] [debug] Failed to enable the matter wake hook: Error: Durable Object reset because its code was updated.
    at sE.evaluateImpl (https://ocios.app/assets/index-BXKxnkrd.js:10:143136)
    at sE.evaluateWithDepth (https://ocios.app/assets/index-BXKxnkrd.js:10:140846)
    at sE.evaluate (https://ocios.app/assets/index-BXKxnkrd.js:10:140729)
    at AP.readLoop (https://ocios.app/assets/index-BXKxnkrd.js:10:158799)
[2026-09-02T07:47:16.412Z] [debug] A matter read failed: Error: Durable Object reset because its code was updated.
    at sE.evaluateImpl (https://ocios.app/assets/index-BXKxnkrd.js:10:143136)
    at sE.evaluateWithDepth (https://ocios.app/assets/index-BXKxnkrd.js:10:140846)
    at sE.evaluate (https://ocios.app/assets/index-BXKxnkrd.js:10:140729)
    at AP.readLoop (https://ocios.app/assets/index-BXKxnkrd.js:10:158799)
[2026-09-02T07:47:21.415Z] [debug] A matter read failed: Error: Durable Object reset because its code was updated.
    at sE.evaluateImpl (https://ocios.app/assets/index-BXKxnkrd.js:10:143136)
    at sE.evaluateWithDepth (https://ocios.app/assets/index-BXKxnkrd.js:10:140846)
    at sE.evaluate (https://ocios.app/assets/index-BXKxnkrd.js:10:140729)
    at AP.readLoop (https://ocios.app/assets/index-BXKxnkrd.js:10:158799)
[2026-09-02T07:47:26.410Z] [debug] A matter read failed: Error: Durable Object reset because its code was updated.
    at sE.evaluateImpl (https://ocios.app/assets/index-BXKxnkrd.js:10:143136)
    at sE.evaluateWithDepth (https://ocios.app/assets/index-BXKxnkrd.js:10:140846)
    at sE.evaluate (https://ocios.app/assets/index-BXKxnkrd.js:10:140729)
    at AP.readLoop (https://ocios.app/assets/index-BXKxnkrd.js:10:158799)
[2026-09-02T07:47:26.456Z] [debug] A matter read failed: Error: Durable Object reset because its code was updated.
    at sE.evaluateImpl (https://ocios.app/assets/index-BXKxnkrd.js:10:143136)
    at sE.evaluateWithDepth (https://ocios.app/assets/index-BXKxnkrd.js:10:140846)
    at sE.evaluate (https://ocios.app/assets/index-BXKxnkrd.js:10:140729)
    at AP.readLoop (https://ocios.app/assets/index-BXKxnkrd.js:10:158799)
[2026-09-02T07:47:26.528Z] [debug] Failed to enable the matter wake hook: Error: Durable Object reset because its code was updated.
    at sE.evaluateImpl (https://ocios.app/assets/index-BXKxnkrd.js:10:143136)
    at sE.evaluateWithDepth (https://ocios.app/assets/index-BXKxnkrd.js:10:140846)
    at sE.evaluate (https://ocios.app/assets/index-BXKxnkrd.js:10:140729)
    at AP.readLoop (https://ocios.app/assets/index-BXKxnkrd.js:10:158799)
[2026-09-02T07:47:31.409Z] [debug] A matter read failed: Error: Durable Object reset because its code was updated.
    at sE.evaluateImpl (https://ocios.app/assets/index-BXKxnkrd.js:10:143136)
    at sE.evaluateWithDepth (https://ocios.app/assets/index-BXKxnkrd.js:10:140846)
    at sE.evaluate (https://ocios.app/assets/index-BXKxnkrd.js:10:140729)
    at AP.readLoop (https://ocios.app/assets/index-BXKxnkrd.js:10:158799)
[2026-09-02T07:47:36.412Z] [debug] A matter read failed: Error: Durable Object reset because its code was updated.
    at sE.evaluateImpl (https://ocios.app/assets/index-BXKxnkrd.js:10:143136)
    at sE.evaluateWithDepth (https://ocios.app/assets/index-BXKxnkrd.js:10:140846)
    at sE.evaluate (https://ocios.app/assets/index-BXKxnkrd.js:10:140729)
    at AP.readLoop (https://ocios.app/assets/index-BXKxnkrd.js:10:158799)
[2026-09-02T07:47:41.415Z] [debug] A matter read failed: Error: Durable Object reset because its code was updated.
    at sE.evaluateImpl (https://ocios.app/assets/index-BXKxnkrd.js:10:143136)
    at sE.evaluateWithDepth (https://ocios.app/assets/index-BXKxnkrd.js:10:140846)
    at sE.evaluate (https://ocios.app/assets/index-BXKxnkrd.js:10:140729)
    at AP.readLoop (https://ocios.app/assets/index-BXKxnkrd.js:10:158799)
[2026-09-02T07:47:41.521Z] [debug] A matter read failed: Error: Durable Object reset because its code was updated.
    at sE.evaluateImpl (https://ocios.app/assets/index-BXKxnkrd.js:10:143136)
    at sE.evaluateWithDepth (https://ocios.app/assets/index-BXKxnkrd.js:10:140846)
    at sE.evaluate (https://ocios.app/assets/index-BXKxnkrd.js:10:140729)
    at AP.readLoop (https://ocios.app/assets/index-BXKxnkrd.js:10:158799)
[2026-09-02T07:47:41.545Z] [debug] Failed to enable the matter wake hook: Error: Durable Object reset because its code was updated.
    at sE.evaluateImpl (https://ocios.app/assets/index-BXKxnkrd.js:10:143136)
    at sE.evaluateWithDepth (https://ocios.app/assets/index-BXKxnkrd.js:10:140846)
    at sE.evaluate (https://ocios.app/assets/index-BXKxnkrd.js:10:140729)
    at AP.readLoop (https://ocios.app/assets/index-BXKxnkrd.js:10:158799)
[2026-09-02T07:47:46.420Z] [debug] A matter read failed: Error: Durable Object reset because its code was updated.
    at sE.evaluateImpl (https://ocios.app/assets/index-BXKxnkrd.js:10:143136)
    at sE.evaluateWithDepth (https://ocios.app/assets/index-BXKxnkrd.js:10:140846)
    at sE.evaluate (https://ocios.app/assets/index-BXKxnkrd.js:10:140729)
    at AP.readLoop (https://ocios.app/assets/index-BXKxnkrd.js:10:158799)
[2026-09-02T07:47:51.409Z] [debug] A matter read failed: Error: Durable Object reset because its code was updated.
    at sE.evaluateImpl (https://ocios.app/assets/index-BXKxnkrd.js:10:143136)
    at sE.evaluateWithDepth (https://ocios.app/assets/index-BXKxnkrd.js:10:140846)
    at sE.evaluate (https://ocios.app/assets/index-BXKxnkrd.js:10:140729)
    at AP.readLoop (https://ocios.app/assets/index-BXKxnkrd.js:10:158799)
[2026-09-02T07:47:56.405Z] [debug] A matter read failed: Error: Durable Object reset because its code was updated.
    at sE.evaluateImpl (https://ocios.app/assets/index-BXKxnkrd.js:10:143136)
    at sE.evaluateWithDepth (https://ocios.app/assets/index-BXKxnkrd.js:10:140846)
    at sE.evaluate (https://ocios.app/assets/index-BXKxnkrd.js:10:140729)
    at AP.readLoop (https://ocios.app/assets/index-BXKxnkrd.js:10:158799)
[2026-09-02T07:47:56.454Z] [debug] A matter read failed: Error: Durable Object reset because its code was updated.
    at sE.evaluateImpl (https://ocios.app/assets/index-BXKxnkrd.js:10:143136)
    at sE.evaluateWithDepth (https://ocios.app/assets/index-BXKxnkrd.js:10:140846)
    at sE.evaluate (https://ocios.app/assets/index-BXKxnkrd.js:10:140729)
    at AP.readLoop (https://ocios.app/assets/index-BXKxnkrd.js:10:158799)
[2026-09-02T07:47:56.533Z] [debug] Failed to enable the matter wake hook: Error: Durable Object reset because its code was updated.
    at sE.evaluateImpl (https://ocios.app/assets/index-BXKxnkrd.js:10:143136)
    at sE.evaluateWithDepth (https://ocios.app/assets/index-BXKxnkrd.js:10:140846)
    at sE.evaluate (https://ocios.app/assets/index-BXKxnkrd.js:10:140729)
    at AP.readLoop (https://ocios.app/assets/index-BXKxnkrd.js:10:158799)
[2026-09-02T07:48:01.473Z] [debug] A matter read failed: Error: Durable Object reset because its code was updated.
    at sE.evaluateImpl (https://ocios.app/assets/index-BXKxnkrd.js:10:143136)
    at sE.evaluateWithDepth (https://ocios.app/assets/index-BXKxnkrd.js:10:140846)
    at sE.evaluate (https://ocios.app/assets/index-BXKxnkrd.js:10:140729)
    at AP.readLoop (https://ocios.app/assets/index-BXKxnkrd.js:10:158799)
[2026-09-02T07:48:06.415Z] [debug] A matter read failed: Error: Durable Object reset because its code was updated.
    at sE.evaluateImpl (https://ocios.app/assets/index-BXKxnkrd.js:10:143136)
    at sE.evaluateWithDepth (https://ocios.app/assets/index-BXKxnkrd.js:10:140846)
    at sE.evaluate (https://ocios.app/assets/index-BXKxnkrd.js:10:140729)
    at AP.readLoop (https://ocios.app/assets/index-BXKxnkrd.js:10:158799)
[2026-09-02T07:48:11.434Z] [debug] A matter read failed: Error: Durable Object reset because its code was updated.
    at sE.evaluateImpl (https://ocios.app/assets/index-BXKxnkrd.js:10:143136)
    at sE.evaluateWithDepth (https://ocios.app/assets/index-BXKxnkrd.js:10:140846)
    at sE.evaluate (https://ocios.app/assets/index-BXKxnkrd.js:10:140729)
    at AP.readLoop (https://ocios.app/assets/index-BXKxnkrd.js:10:158799)
[2026-09-02T07:48:11.453Z] [debug] A matter read failed: Error: Durable Object reset because its code was updated.
    at sE.evaluateImpl (https://ocios.app/assets/index-BXKxnkrd.js:10:143136)
    at sE.evaluateWithDepth (https://ocios.app/assets/index-BXKxnkrd.js:10:140846)
    at sE.evaluate (https://ocios.app/assets/index-BXKxnkrd.js:10:140729)
    at AP.readLoop (https://ocios.app/assets/index-BXKxnkrd.js:10:158799)
[2026-09-02T07:48:11.531Z] [debug] Failed to enable the matter wake hook: Error: Durable Object reset because its code was updated.
    at sE.evaluateImpl (https://ocios.app/assets/index-BXKxnkrd.js:10:143136)
    at sE.evaluateWithDepth (https://ocios.app/assets/index-BXKxnkrd.js:10:140846)
    at sE.evaluate (https://ocios.app/assets/index-BXKxnkrd.js:10:140729)
    at AP.readLoop (https://ocios.app/assets/index-BXKxnkrd.js:10:158799)
[2026-09-02T07:48:16.416Z] [debug] A matter read failed: Error: Durable Object reset because its code was updated.
    at sE.evaluateImpl (https://ocios.app/assets/index-BXKxnkrd.js:10:143136)
    at sE.evaluateWithDepth (https://ocios.app/assets/index-BXKxnkrd.js:10:140846)
    at sE.evaluate (https://ocios.app/assets/index-BXKxnkrd.js:10:140729)
    at AP.readLoop (https://ocios.app/assets/index-BXKxnkrd.js:10:158799)
[2026-09-02T07:48:21.423Z] [debug] A matter read failed: Error: Durable Object reset because its code was updated.
    at sE.evaluateImpl (https://ocios.app/assets/index-BXKxnkrd.js:10:143136)
    at sE.evaluateWithDepth (https://ocios.app/assets/index-BXKxnkrd.js:10:140846)
    at sE.evaluate (https://ocios.app/assets/index-BXKxnkrd.js:10:140729)
    at AP.readLoop (https://ocios.app/assets/index-BXKxnkrd.js:10:158799)
[2026-09-02T07:48:26.417Z] [debug] A matter read failed: Error: Durable Object reset because its code was updated.
    at sE.evaluateImpl (https://ocios.app/assets/index-BXKxnkrd.js:10:143136)
    at sE.evaluateWithDepth (https://ocios.app/assets/index-BXKxnkrd.js:10:140846)
    at sE.evaluate (https://ocios.app/assets/index-BXKxnkrd.js:10:140729)
    at AP.readLoop (https://ocios.app/assets/index-BXKxnkrd.js:10:158799)
[2026-09-02T07:48:26.450Z] [debug] A matter read failed: Error: Durable Object reset because its code was updated.
    at sE.evaluateImpl (https://ocios.app/assets/index-BXKxnkrd.js:10:143136)
    at sE.evaluateWithDepth (https://ocios.app/assets/index-BXKxnkrd.js:10:140846)
    at sE.evaluate (https://ocios.app/assets/index-BXKxnkrd.js:10:140729)
    at AP.readLoop (https://ocios.app/assets/index-BXKxnkrd.js:10:158799)
[2026-09-02T07:48:26.533Z] [debug] Failed to enable the matter wake hook: Error: Durable Object reset because its code was updated.
    at sE.evaluateImpl (https://ocios.app/assets/index-BXKxnkrd.js:10:143136)
    at sE.evaluateWithDepth (https://ocios.app/assets/index-BXKxnkrd.js:10:140846)
    at sE.evaluate (https://ocios.app/assets/index-BXKxnkrd.js:10:140729)
    at AP.readLoop (https://ocios.app/assets/index-BXKxnkrd.js:10:158799)
[2026-09-02T07:48:31.414Z] [debug] A matter read failed: Error: Durable Object reset because its code was updated.
    at sE.evaluateImpl (https://ocios.app/assets/index-BXKxnkrd.js:10:143136)
    at sE.evaluateWithDepth (https://ocios.app/assets/index-BXKxnkrd.js:10:140846)
    at sE.evaluate (https://ocios.app/assets/index-BXKxnkrd.js:10:140729)
    at AP.readLoop (https://ocios.app/assets/index-BXKxnkrd.js:10:158799)
[2026-09-02T07:48:36.430Z] [debug] A matter read failed: Error: Durable Object reset because its code was updated.
    at sE.evaluateImpl (https://ocios.app/assets/index-BXKxnkrd.js:10:143136)
    at sE.evaluateWithDepth (https://ocios.app/assets/index-BXKxnkrd.js:10:140846)
    at sE.evaluate (https://ocios.app/assets/index-BXKxnkrd.js:10:140729)
    at AP.readLoop (https://ocios.app/assets/index-BXKxnkrd.js:10:158799)
[2026-09-02T07:48:41.415Z] [debug] A matter read failed: Error: Durable Object reset because its code was updated.
    at sE.evaluateImpl (https://ocios.app/assets/index-BXKxnkrd.js:10:143136)
    at sE.evaluateWithDepth (https://ocios.app/assets/index-BXKxnkrd.js:10:140846)
    at sE.evaluate (https://ocios.app/assets/index-BXKxnkrd.js:10:140729)
    at AP.readLoop (https://ocios.app/assets/index-BXKxnkrd.js:10:158799)
[2026-09-02T07:48:41.451Z] [debug] A matter read failed: Error: Durable Object reset because its code was updated.
    at sE.evaluateImpl (https://ocios.app/assets/index-BXKxnkrd.js:10:143136)
    at sE.evaluateWithDepth (https://ocios.app/assets/index-BXKxnkrd.js:10:140846)
    at sE.evaluate (https://ocios.app/assets/index-BXKxnkrd.js:10:140729)
    at AP.readLoop (https://ocios.app/assets/index-BXKxnkrd.js:10:158799)
[2026-09-02T07:48:41.534Z] [debug] Failed to enable the matter wake hook: Error: Durable Object reset because its code was updated.
    at sE.evaluateImpl (https://ocios.app/assets/index-BXKxnkrd.js:10:143136)
    at sE.evaluateWithDepth (https://ocios.app/assets/index-BXKxnkrd.js:10:140846)
    at sE.evaluate (https://ocios.app/assets/index-BXKxnkrd.js:10:140729)
    at AP.readLoop (https://ocios.app/assets/index-BXKxnkrd.js:10:158799)
[2026-09-02T07:48:46.415Z] [debug] A matter read failed: Error: Durable Object reset because its code was updated.
    at sE.evaluateImpl (https://ocios.app/assets/index-BXKxnkrd.js:10:143136)
    at sE.evaluateWithDepth (https://ocios.app/assets/index-BXKxnkrd.js:10:140846)
    at sE.evaluate (https://ocios.app/assets/index-BXKxnkrd.js:10:140729)
    at AP.readLoop (https://ocios.app/assets/index-BXKxnkrd.js:10:158799)
[2026-09-02T07:48:51.422Z] [debug] A matter read failed: Error: Durable Object reset because its code was updated.
    at sE.evaluateImpl (https://ocios.app/assets/index-BXKxnkrd.js:10:143136)
    at sE.evaluateWithDepth (https://ocios.app/assets/index-BXKxnkrd.js:10:140846)
    at sE.evaluate (https://ocios.app/assets/index-BXKxnkrd.js:10:140729)
    at AP.readLoop (https://ocios.app/assets/index-BXKxnkrd.js:10:158799)
[2026-09-02T07:48:56.407Z] [debug] A matter read failed: Error: Durable Object reset because its code was updated.
    at sE.evaluateImpl (https://ocios.app/assets/index-BXKxnkrd.js:10:143136)
    at sE.evaluateWithDepth (https://ocios.app/assets/index-BXKxnkrd.js:10:140846)
    at sE.evaluate (https://ocios.app/assets/index-BXKxnkrd.js:10:140729)
    at AP.readLoop (https://ocios.app/assets/index-BXKxnkrd.js:10:158799)
[2026-09-02T07:48:56.517Z] [debug] A matter read failed: Error: Durable Object reset because its code was updated.
    at sE.evaluateImpl (https://ocios.app/assets/index-BXKxnkrd.js:10:143136)
    at sE.evaluateWithDepth (https://ocios.app/assets/index-BXKxnkrd.js:10:140846)
    at sE.evaluate (https://ocios.app/assets/index-BXKxnkrd.js:10:140729)
    at AP.readLoop (https://ocios.app/assets/index-BXKxnkrd.js:10:158799)
[2026-09-02T07:48:56.532Z] [debug] Failed to enable the matter wake hook: Error: Durable Object reset because its code was updated.
    at sE.evaluateImpl (https://ocios.app/assets/index-BXKxnkrd.js:10:143136)
    at sE.evaluateWithDepth (https://ocios.app/assets/index-BXKxnkrd.js:10:140846)
    at sE.evaluate (https://ocios.app/assets/index-BXKxnkrd.js:10:140729)
    at AP.readLoop (https://ocios.app/assets/index-BXKxnkrd.js:10:158799)
[2026-09-02T07:49:01.407Z] [debug] A matter read failed: Error: Durable Object reset because its code was updated.
    at sE.evaluateImpl (https://ocios.app/assets/index-BXKxnkrd.js:10:143136)
    at sE.evaluateWithDepth (https://ocios.app/assets/index-BXKxnkrd.js:10:140846)
    at sE.evaluate (https://ocios.app/assets/index-BXKxnkrd.js:10:140729)
    at AP.readLoop (https://ocios.app/assets/index-BXKxnkrd.js:10:158799)
[2026-09-02T07:49:06.504Z] [debug] A matter read failed: Error: Durable Object reset because its code was updated.
    at sE.evaluateImpl (https://ocios.app/assets/index-BXKxnkrd.js:10:143136)
    at sE.evaluateWithDepth (https://ocios.app/assets/index-BXKxnkrd.js:10:140846)
    at sE.evaluate (https://ocios.app/assets/index-BXKxnkrd.js:10:140729)
    at AP.readLoop (https://ocios.app/assets/index-BXKxnkrd.js:10:158799)
[2026-09-02T07:49:11.414Z] [debug] A matter read failed: Error: Durable Object reset because its code was updated.
    at sE.evaluateImpl (https://ocios.app/assets/index-BXKxnkrd.js:10:143136)
    at sE.evaluateWithDepth (https://ocios.app/assets/index-BXKxnkrd.js:10:140846)
    at sE.evaluate (https://ocios.app/assets/index-BXKxnkrd.js:10:140729)
    at AP.readLoop (https://ocios.app/assets/index-BXKxnkrd.js:10:158799)
[2026-09-02T07:49:11.450Z] [debug] A matter read failed: Error: Durable Object reset because its code was updated.
    at sE.evaluateImpl (https://ocios.app/assets/index-BXKxnkrd.js:10:143136)
    at sE.evaluateWithDepth (https://ocios.app/assets/index-BXKxnkrd.js:10:140846)
    at sE.evaluate (https://ocios.app/assets/index-BXKxnkrd.js:10:140729)
    at AP.readLoop (https://ocios.app/assets/index-BXKxnkrd.js:10:158799)
[2026-09-02T07:49:11.533Z] [debug] Failed to enable the matter wake hook: Error: Durable Object reset because its code was updated.
    at sE.evaluateImpl (https://ocios.app/assets/index-BXKxnkrd.js:10:143136)
    at sE.evaluateWithDepth (https://ocios.app/assets/index-BXKxnkrd.js:10:140846)
    at sE.evaluate (https://ocios.app/assets/index-BXKxnkrd.js:10:140729)
    at AP.readLoop (https://ocios.app/assets/index-BXKxnkrd.js:10:158799)
[2026-09-02T07:49:16.487Z] [debug] A matter read failed: Error: Durable Object reset because its code was updated.
    at sE.evaluateImpl (https://ocios.app/assets/index-BXKxnkrd.js:10:143136)
    at sE.evaluateWithDepth (https://ocios.app/assets/index-BXKxnkrd.js:10:140846)
    at sE.evaluate (https://ocios.app/assets/index-BXKxnkrd.js:10:140729)
    at AP.readLoop (https://ocios.app/assets/index-BXKxnkrd.js:10:158799)
[2026-09-02T07:49:21.417Z] [debug] A matter read failed: Error: Durable Object reset because its code was updated.
    at sE.evaluateImpl (https://ocios.app/assets/index-BXKxnkrd.js:10:143136)
    at sE.evaluateWithDepth (https://ocios.app/assets/index-BXKxnkrd.js:10:140846)
    at sE.evaluate (https://ocios.app/assets/index-BXKxnkrd.js:10:140729)
    at AP.readLoop (https://ocios.app/assets/index-BXKxnkrd.js:10:158799)
[2026-09-02T07:49:26.414Z] [debug] A matter read failed: Error: Durable Object reset because its code was updated.
    at sE.evaluateImpl (https://ocios.app/assets/index-BXKxnkrd.js:10:143136)
    at sE.evaluateWithDepth (https://ocios.app/assets/index-BXKxnkrd.js:10:140846)
    at sE.evaluate (https://ocios.app/assets/index-BXKxnkrd.js:10:140729)
    at AP.readLoop (https://ocios.app/assets/index-BXKxnkrd.js:10:158799)
[2026-09-02T07:49:26.449Z] [debug] A matter read failed: Error: Durable Object reset because its code was updated.
    at sE.evaluateImpl (https://ocios.app/assets/index-BXKxnkrd.js:10:143136)
    at sE.evaluateWithDepth (https://ocios.app/assets/index-BXKxnkrd.js:10:140846)
    at sE.evaluate (https://ocios.app/assets/index-BXKxnkrd.js:10:140729)
    at AP.readLoop (https://ocios.app/assets/index-BXKxnkrd.js:10:158799)
[2026-09-02T07:49:26.528Z] [debug] Failed to enable the matter wake hook: Error: Durable Object reset because its code was updated.
    at sE.evaluateImpl (https://ocios.app/assets/index-BXKxnkrd.js:10:143136)
    at sE.evaluateWithDepth (https://ocios.app/assets/index-BXKxnkrd.js:10:140846)
    at sE.evaluate (https://ocios.app/assets/index-BXKxnkrd.js:10:140729)
    at AP.readLoop (https://ocios.app/assets/index-BXKxnkrd.js:10:158799)
[2026-09-02T07:49:31.459Z] [debug] A matter read failed: Error: Durable Object reset because its code was updated.
    at sE.evaluateImpl (https://ocios.app/assets/index-BXKxnkrd.js:10:143136)
    at sE.evaluateWithDepth (https://ocios.app/assets/index-BXKxnkrd.js:10:140846)
    at sE.evaluate (https://ocios.app/assets/index-BXKxnkrd.js:10:140729)
    at AP.readLoop (https://ocios.app/assets/index-BXKxnkrd.js:10:158799)
[2026-09-02T07:49:36.420Z] [debug] A matter read failed: Error: Durable Object reset because its code was updated.
    at sE.evaluateImpl (https://ocios.app/assets/index-BXKxnkrd.js:10:143136)
    at sE.evaluateWithDepth (https://ocios.app/assets/index-BXKxnkrd.js:10:140846)
    at sE.evaluate (https://ocios.app/assets/index-BXKxnkrd.js:10:140729)
    at AP.readLoop (https://ocios.app/assets/index-BXKxnkrd.js:10:158799)
[2026-09-02T07:49:41.418Z] [debug] A matter read failed: Error: Durable Object reset because its code was updated.
    at sE.evaluateImpl (https://ocios.app/assets/index-BXKxnkrd.js:10:143136)
    at sE.evaluateWithDepth (https://ocios.app/assets/index-BXKxnkrd.js:10:140846)
    at sE.evaluate (https://ocios.app/assets/index-BXKxnkrd.js:10:140729)
    at AP.readLoop (https://ocios.app/assets/index-BXKxnkrd.js:10:158799)
[2026-09-02T07:49:41.451Z] [debug] A matter read failed: Error: Durable Object reset because its code was updated.
    at sE.evaluateImpl (https://ocios.app/assets/index-BXKxnkrd.js:10:143136)
    at sE.evaluateWithDepth (https://ocios.app/assets/index-BXKxnkrd.js:10:140846)
    at sE.evaluate (https://ocios.app/assets/index-BXKxnkrd.js:10:140729)
    at AP.readLoop (https://ocios.app/assets/index-BXKxnkrd.js:10:158799)
[2026-09-02T07:49:41.585Z] [debug] Failed to enable the matter wake hook: Error: Durable Object reset because its code was updated.
    at sE.evaluateImpl (https://ocios.app/assets/index-BXKxnkrd.js:10:143136)
    at sE.evaluateWithDepth (https://ocios.app/assets/index-BXKxnkrd.js:10:140846)
    at sE.evaluate (https://ocios.app/assets/index-BXKxnkrd.js:10:140729)
    at AP.readLoop (https://ocios.app/assets/index-BXKxnkrd.js:10:158799)
[2026-09-02T07:49:46.416Z] [debug] A matter read failed: Error: Durable Object reset because its code was updated.
    at sE.evaluateImpl (https://ocios.app/assets/index-BXKxnkrd.js:10:143136)
    at sE.evaluateWithDepth (https://ocios.app/assets/index-BXKxnkrd.js:10:140846)
    at sE.evaluate (https://ocios.app/assets/index-BXKxnkrd.js:10:140729)
    at AP.readLoop (https://ocios.app/assets/index-BXKxnkrd.js:10:158799)
[2026-09-02T07:49:51.415Z] [debug] A matter read failed: Error: Durable Object reset because its code was updated.
    at sE.evaluateImpl (https://ocios.app/assets/index-BXKxnkrd.js:10:143136)
    at sE.evaluateWithDepth (https://ocios.app/assets/index-BXKxnkrd.js:10:140846)
    at sE.evaluate (https://ocios.app/assets/index-BXKxnkrd.js:10:140729)
    at AP.readLoop (https://ocios.app/assets/index-BXKxnkrd.js:10:158799)
[2026-09-02T07:49:56.411Z] [debug] A matter read failed: Error: Durable Object reset because its code was updated.
    at sE.evaluateImpl (https://ocios.app/assets/index-BXKxnkrd.js:10:143136)
    at sE.evaluateWithDepth (https://ocios.app/assets/index-BXKxnkrd.js:10:140846)
    at sE.evaluate (https://ocios.app/assets/index-BXKxnkrd.js:10:140729)
    at AP.readLoop (https://ocios.app/assets/index-BXKxnkrd.js:10:158799)
[2026-09-02T07:49:56.452Z] [debug] A matter read failed: Error: Durable Object reset because its code was updated.
    at sE.evaluateImpl (https://ocios.app/assets/index-BXKxnkrd.js:10:143136)
    at sE.evaluateWithDepth (https://ocios.app/assets/index-BXKxnkrd.js:10:140846)
    at sE.evaluate (https://ocios.app/assets/index-BXKxnkrd.js:10:140729)
    at AP.readLoop (https://ocios.app/assets/index-BXKxnkrd.js:10:158799)
[2026-09-02T07:49:56.530Z] [debug] Failed to enable the matter wake hook: Error: Durable Object reset because its code was updated.
    at sE.evaluateImpl (https://ocios.app/assets/index-BXKxnkrd.js:10:143136)
    at sE.evaluateWithDepth (https://ocios.app/assets/index-BXKxnkrd.js:10:140846)
    at sE.evaluate (https://ocios.app/assets/index-BXKxnkrd.js:10:140729)
    at AP.readLoop (https://ocios.app/assets/index-BXKxnkrd.js:10:158799)
[2026-09-02T07:50:01.415Z] [debug] A matter read failed: Error: Durable Object reset because its code was updated.
    at sE.evaluateImpl (https://ocios.app/assets/index-BXKxnkrd.js:10:143136)
    at sE.evaluateWithDepth (https://ocios.app/assets/index-BXKxnkrd.js:10:140846)
    at sE.evaluate (https://ocios.app/assets/index-BXKxnkrd.js:10:140729)
    at AP.readLoop (https://ocios.app/assets/index-BXKxnkrd.js:10:158799)
[2026-09-02T07:50:06.416Z] [debug] A matter read failed: Error: Durable Object reset because its code was updated.
    at sE.evaluateImpl (https://ocios.app/assets/index-BXKxnkrd.js:10:143136)
    at sE.evaluateWithDepth (https://ocios.app/assets/index-BXKxnkrd.js:10:140846)
    at sE.evaluate (https://ocios.app/assets/index-BXKxnkrd.js:10:140729)
    at AP.readLoop (https://ocios.app/assets/index-BXKxnkrd.js:10:158799)
[2026-09-02T07:50:11.470Z] [debug] A matter read failed: Error: Durable Object reset because its code was updated.
    at sE.evaluateImpl (https://ocios.app/assets/index-BXKxnkrd.js:10:143136)
    at sE.evaluateWithDepth (https://ocios.app/assets/index-BXKxnkrd.js:10:140846)
    at sE.evaluate (https://ocios.app/assets/index-BXKxnkrd.js:10:140729)
    at AP.readLoop (https://ocios.app/assets/index-BXKxnkrd.js:10:158799)
[2026-09-02T07:50:11.541Z] [debug] A matter read failed: Error: Durable Object reset because its code was updated.
    at sE.evaluateImpl (https://ocios.app/assets/index-BXKxnkrd.js:10:143136)
    at sE.evaluateWithDepth (https://ocios.app/assets/index-BXKxnkrd.js:10:140846)
    at sE.evaluate (https://ocios.app/assets/index-BXKxnkrd.js:10:140729)
    at AP.readLoop (https://ocios.app/assets/index-BXKxnkrd.js:10:158799)
[2026-09-02T07:50:11.541Z] [debug] Failed to enable the matter wake hook: Error: Durable Object reset because its code was updated.
    at sE.evaluateImpl (https://ocios.app/assets/index-BXKxnkrd.js:10:143136)
    at sE.evaluateWithDepth (https://ocios.app/assets/index-BXKxnkrd.js:10:140846)
    at sE.evaluate (https://ocios.app/assets/index-BXKxnkrd.js:10:140729)
    at AP.readLoop (https://ocios.app/assets/index-BXKxnkrd.js:10:158799)
[2026-09-02T07:50:16.413Z] [debug] A matter read failed: Error: Durable Object reset because its code was updated.
    at sE.evaluateImpl (https://ocios.app/assets/index-BXKxnkrd.js:10:143136)
    at sE.evaluateWithDepth (https://ocios.app/assets/index-BXKxnkrd.js:10:140846)
    at sE.evaluate (https://ocios.app/assets/index-BXKxnkrd.js:10:140729)
    at AP.readLoop (https://ocios.app/assets/index-BXKxnkrd.js:10:158799)
[2026-09-02T07:50:21.456Z] [debug] A matter read failed: Error: Durable Object reset because its code was updated.
    at sE.evaluateImpl (https://ocios.app/assets/index-BXKxnkrd.js:10:143136)
    at sE.evaluateWithDepth (https://ocios.app/assets/index-BXKxnkrd.js:10:140846)
    at sE.evaluate (https://ocios.app/assets/index-BXKxnkrd.js:10:140729)
    at AP.readLoop (https://ocios.app/assets/index-BXKxnkrd.js:10:158799)
[2026-09-02T07:50:26.409Z] [debug] A matter read failed: Error: Durable Object reset because its code was updated.
    at sE.evaluateImpl (https://ocios.app/assets/index-BXKxnkrd.js:10:143136)
    at sE.evaluateWithDepth (https://ocios.app/assets/index-BXKxnkrd.js:10:140846)
    at sE.evaluate (https://ocios.app/assets/index-BXKxnkrd.js:10:140729)
    at AP.readLoop (https://ocios.app/assets/index-BXKxnkrd.js:10:158799)
[2026-09-02T07:50:26.451Z] [debug] A matter read failed: Error: Durable Object reset because its code was updated.
    at sE.evaluateImpl (https://ocios.app/assets/index-BXKxnkrd.js:10:143136)
    at sE.evaluateWithDepth (https://ocios.app/assets/index-BXKxnkrd.js:10:140846)
    at sE.evaluate (https://ocios.app/assets/index-BXKxnkrd.js:10:140729)
    at AP.readLoop (https://ocios.app/assets/index-BXKxnkrd.js:10:158799)
[2026-09-02T07:50:26.530Z] [debug] Failed to enable the matter wake hook: Error: Durable Object reset because its code was updated.
    at sE.evaluateImpl (https://ocios.app/assets/index-BXKxnkrd.js:10:143136)
    at sE.evaluateWithDepth (https://ocios.app/assets/index-BXKxnkrd.js:10:140846)
    at sE.evaluate (https://ocios.app/assets/index-BXKxnkrd.js:10:140729)
    at AP.readLoop (https://ocios.app/assets/index-BXKxnkrd.js:10:158799)
[2026-09-02T07:50:31.418Z] [debug] A matter read failed: Error: Durable Object reset because its code was updated.
    at sE.evaluateImpl (https://ocios.app/assets/index-BXKxnkrd.js:10:143136)
    at sE.evaluateWithDepth (https://ocios.app/assets/index-BXKxnkrd.js:10:140846)
    at sE.evaluate (https://ocios.app/assets/index-BXKxnkrd.js:10:140729)
    at AP.readLoop (https://ocios.app/assets/index-BXKxnkrd.js:10:158799)
[2026-09-02T07:50:36.418Z] [debug] A matter read failed: Error: Durable Object reset because its code was updated.
    at sE.evaluateImpl (https://ocios.app/assets/index-BXKxnkrd.js:10:143136)
    at sE.evaluateWithDepth (https://ocios.app/assets/index-BXKxnkrd.js:10:140846)
    at sE.evaluate (https://ocios.app/assets/index-BXKxnkrd.js:10:140729)
    at AP.readLoop (https://ocios.app/assets/index-BXKxnkrd.js:10:158799)
[2026-09-02T07:50:41.408Z] [debug] A matter read failed: Error: Durable Object reset because its code was updated.
    at sE.evaluateImpl (https://ocios.app/assets/index-BXKxnkrd.js:10:143136)
    at sE.evaluateWithDepth (https://ocios.app/assets/index-BXKxnkrd.js:10:140846)
    at sE.evaluate (https://ocios.app/assets/index-BXKxnkrd.js:10:140729)
    at AP.readLoop (https://ocios.app/assets/index-BXKxnkrd.js:10:158799)
[2026-09-02T07:50:41.450Z] [debug] A matter read failed: Error: Durable Object reset because its code was updated.
    at sE.evaluateImpl (https://ocios.app/assets/index-BXKxnkrd.js:10:143136)
    at sE.evaluateWithDepth (https://ocios.app/assets/index-BXKxnkrd.js:10:140846)
    at sE.evaluate (https://ocios.app/assets/index-BXKxnkrd.js:10:140729)
    at AP.readLoop (https://ocios.app/assets/index-BXKxnkrd.js:10:158799)
[2026-09-02T07:50:41.532Z] [debug] Failed to enable the matter wake hook: Error: Durable Object reset because its code was updated.
    at sE.evaluateImpl (https://ocios.app/assets/index-BXKxnkrd.js:10:143136)
    at sE.evaluateWithDepth (https://ocios.app/assets/index-BXKxnkrd.js:10:140846)
    at sE.evaluate (https://ocios.app/assets/index-BXKxnkrd.js:10:140729)
    at AP.readLoop (https://ocios.app/assets/index-BXKxnkrd.js:10:158799)
[2026-09-02T07:50:46.413Z] [debug] A matter read failed: Error: Durable Object reset because its code was updated.
    at sE.evaluateImpl (https://ocios.app/assets/index-BXKxnkrd.js:10:143136)
    at sE.evaluateWithDepth (https://ocios.app/assets/index-BXKxnkrd.js:10:140846)
    at sE.evaluate (https://ocios.app/assets/index-BXKxnkrd.js:10:140729)
    at AP.readLoop (https://ocios.app/assets/index-BXKxnkrd.js:10:158799)
[2026-09-02T07:50:51.496Z] [debug] A matter read failed: Error: Durable Object reset because its code was updated.
    at sE.evaluateImpl (https://ocios.app/assets/index-BXKxnkrd.js:10:143136)
    at sE.evaluateWithDepth (https://ocios.app/assets/index-BXKxnkrd.js:10:140846)
    at sE.evaluate (https://ocios.app/assets/index-BXKxnkrd.js:10:140729)
    at AP.readLoop (https://ocios.app/assets/index-BXKxnkrd.js:10:158799)
[2026-09-02T07:50:56.409Z] [debug] A matter read failed: Error: Durable Object reset because its code was updated.
    at sE.evaluateImpl (https://ocios.app/assets/index-BXKxnkrd.js:10:143136)
    at sE.evaluateWithDepth (https://ocios.app/assets/index-BXKxnkrd.js:10:140846)
    at sE.evaluate (https://ocios.app/assets/index-BXKxnkrd.js:10:140729)
    at AP.readLoop (https://ocios.app/assets/index-BXKxnkrd.js:10:158799)
[2026-09-02T07:50:56.453Z] [debug] A matter read failed: Error: Durable Object reset because its code was updated.
    at sE.evaluateImpl (https://ocios.app/assets/index-BXKxnkrd.js:10:143136)
    at sE.evaluateWithDepth (https://ocios.app/assets/index-BXKxnkrd.js:10:140846)
    at sE.evaluate (https://ocios.app/assets/index-BXKxnkrd.js:10:140729)
    at AP.readLoop (https://ocios.app/assets/index-BXKxnkrd.js:10:158799)
[2026-09-02T07:50:56.583Z] [debug] Failed to enable the matter wake hook: Error: Durable Object reset because its code was updated.
    at sE.evaluateImpl (https://ocios.app/assets/index-BXKxnkrd.js:10:143136)
    at sE.evaluateWithDepth (https://ocios.app/assets/index-BXKxnkrd.js:10:140846)
    at sE.evaluate (https://ocios.app/assets/index-BXKxnkrd.js:10:140729)
    at AP.readLoop (https://ocios.app/assets/index-BXKxnkrd.js:10:158799)
[2026-09-02T07:51:01.420Z] [debug] A matter read failed: Error: Durable Object reset because its code was updated.
    at sE.evaluateImpl (https://ocios.app/assets/index-BXKxnkrd.js:10:143136)
    at sE.evaluateWithDepth (https://ocios.app/assets/index-BXKxnkrd.js:10:140846)
    at sE.evaluate (https://ocios.app/assets/index-BXKxnkrd.js:10:140729)
    at AP.readLoop (https://ocios.app/assets/index-BXKxnkrd.js:10:158799)
[2026-09-02T07:51:06.417Z] [debug] A matter read failed: Error: Durable Object reset because its code was updated.
    at sE.evaluateImpl (https://ocios.app/assets/index-BXKxnkrd.js:10:143136)
    at sE.evaluateWithDepth (https://ocios.app/assets/index-BXKxnkrd.js:10:140846)
    at sE.evaluate (https://ocios.app/assets/index-BXKxnkrd.js:10:140729)
    at AP.readLoop (https://ocios.app/assets/index-BXKxnkrd.js:10:158799)
[2026-09-02T07:51:11.468Z] [debug] A matter read failed: Error: Durable Object reset because its code was updated.
    at sE.evaluateImpl (https://ocios.app/assets/index-BXKxnkrd.js:10:143136)
    at sE.evaluateWithDepth (https://ocios.app/assets/index-BXKxnkrd.js:10:140846)
    at sE.evaluate (https://ocios.app/assets/index-BXKxnkrd.js:10:140729)
    at AP.readLoop (https://ocios.app/assets/index-BXKxnkrd.js:10:158799)
[2026-09-02T07:51:11.468Z] [debug] A matter read failed: Error: Durable Object reset because its code was updated.
    at sE.evaluateImpl (https://ocios.app/assets/index-BXKxnkrd.js:10:143136)
    at sE.evaluateWithDepth (https://ocios.app/assets/index-BXKxnkrd.js:10:140846)
    at sE.evaluate (https://ocios.app/assets/index-BXKxnkrd.js:10:140729)
    at AP.readLoop (https://ocios.app/assets/index-BXKxnkrd.js:10:158799)
[2026-09-02T07:51:11.529Z] [debug] Failed to enable the matter wake hook: Error: Durable Object reset because its code was updated.
    at sE.evaluateImpl (https://ocios.app/assets/index-BXKxnkrd.js:10:143136)
    at sE.evaluateWithDepth (https://ocios.app/assets/index-BXKxnkrd.js:10:140846)
    at sE.evaluate (https://ocios.app/assets/index-BXKxnkrd.js:10:140729)
    at AP.readLoop (https://ocios.app/assets/index-BXKxnkrd.js:10:158799)
[2026-09-02T07:51:16.553Z] [debug] A matter read failed: Error: Durable Object reset because its code was updated.
    at sE.evaluateImpl (https://ocios.app/assets/index-BXKxnkrd.js:10:143136)
    at sE.evaluateWithDepth (https://ocios.app/assets/index-BXKxnkrd.js:10:140846)
    at sE.evaluate (https://ocios.app/assets/index-BXKxnkrd.js:10:140729)
    at AP.readLoop (https://ocios.app/assets/index-BXKxnkrd.js:10:158799)
[2026-09-02T07:51:21.426Z] [debug] A matter read failed: Error: Durable Object reset because its code was updated.
    at sE.evaluateImpl (https://ocios.app/assets/index-BXKxnkrd.js:10:143136)
    at sE.evaluateWithDepth (https://ocios.app/assets/index-BXKxnkrd.js:10:140846)
    at sE.evaluate (https://ocios.app/assets/index-BXKxnkrd.js:10:140729)
    at AP.readLoop (https://ocios.app/assets/index-BXKxnkrd.js:10:158799)
[2026-09-02T07:51:26.444Z] [debug] A matter read failed: Error: Durable Object reset because its code was updated.
    at sE.evaluateImpl (https://ocios.app/assets/index-BXKxnkrd.js:10:143136)
    at sE.evaluateWithDepth (https://ocios.app/assets/index-BXKxnkrd.js:10:140846)
    at sE.evaluate (https://ocios.app/assets/index-BXKxnkrd.js:10:140729)
    at AP.readLoop (https://ocios.app/assets/index-BXKxnkrd.js:10:158799)
[2026-09-02T07:51:26.465Z] [debug] A matter read failed: Error: Durable Object reset because its code was updated.
    at sE.evaluateImpl (https://ocios.app/assets/index-BXKxnkrd.js:10:143136)
    at sE.evaluateWithDepth (https://ocios.app/assets/index-BXKxnkrd.js:10:140846)
    at sE.evaluate (https://ocios.app/assets/index-BXKxnkrd.js:10:140729)
    at AP.readLoop (https://ocios.app/assets/index-BXKxnkrd.js:10:158799)
[2026-09-02T07:51:26.529Z] [debug] Failed to enable the matter wake hook: Error: Durable Object reset because its code was updated.
    at sE.evaluateImpl (https://ocios.app/assets/index-BXKxnkrd.js:10:143136)
    at sE.evaluateWithDepth (https://ocios.app/assets/index-BXKxnkrd.js:10:140846)
    at sE.evaluate (https://ocios.app/assets/index-BXKxnkrd.js:10:140729)
    at AP.readLoop (https://ocios.app/assets/index-BXKxnkrd.js:10:158799)
[2026-09-02T07:51:31.416Z] [debug] A matter read failed: Error: Durable Object reset because its code was updated.
    at sE.evaluateImpl (https://ocios.app/assets/index-BXKxnkrd.js:10:143136)
    at sE.evaluateWithDepth (https://ocios.app/assets/index-BXKxnkrd.js:10:140846)
    at sE.evaluate (https://ocios.app/assets/index-BXKxnkrd.js:10:140729)
    at AP.readLoop (https://ocios.app/assets/index-BXKxnkrd.js:10:158799)
[2026-09-02T07:51:36.471Z] [debug] A matter read failed: Error: Durable Object reset because its code was updated.
    at sE.evaluateImpl (https://ocios.app/assets/index-BXKxnkrd.js:10:143136)
    at sE.evaluateWithDepth (https://ocios.app/assets/index-BXKxnkrd.js:10:140846)
    at sE.evaluate (https://ocios.app/assets/index-BXKxnkrd.js:10:140729)
    at AP.readLoop (https://ocios.app/assets/index-BXKxnkrd.js:10:158799)
[2026-09-02T07:51:41.415Z] [debug] A matter read failed: Error: Durable Object reset because its code was updated.
    at sE.evaluateImpl (https://ocios.app/assets/index-BXKxnkrd.js:10:143136)
    at sE.evaluateWithDepth (https://ocios.app/assets/index-BXKxnkrd.js:10:140846)
    at sE.evaluate (https://ocios.app/assets/index-BXKxnkrd.js:10:140729)
    at AP.readLoop (https://ocios.app/assets/index-BXKxnkrd.js:10:158799)
[2026-09-02T07:51:41.456Z] [debug] A matter read failed: Error: Durable Object reset because its code was updated.
    at sE.evaluateImpl (https://ocios.app/assets/index-BXKxnkrd.js:10:143136)
    at sE.evaluateWithDepth (https://ocios.app/assets/index-BXKxnkrd.js:10:140846)
    at sE.evaluate (https://ocios.app/assets/index-BXKxnkrd.js:10:140729)
    at AP.readLoop (https://ocios.app/assets/index-BXKxnkrd.js:10:158799)
[2026-09-02T07:51:41.530Z] [debug] Failed to enable the matter wake hook: Error: Durable Object reset because its code was updated.
    at sE.evaluateImpl (https://ocios.app/assets/index-BXKxnkrd.js:10:143136)
    at sE.evaluateWithDepth (https://ocios.app/assets/index-BXKxnkrd.js:10:140846)
    at sE.evaluate (https://ocios.app/assets/index-BXKxnkrd.js:10:140729)
    at AP.readLoop (https://ocios.app/assets/index-BXKxnkrd.js:10:158799)
[2026-09-02T07:51:46.415Z] [debug] A matter read failed: Error: Durable Object reset because its code was updated.
    at sE.evaluateImpl (https://ocios.app/assets/index-BXKxnkrd.js:10:143136)
    at sE.evaluateWithDepth (https://ocios.app/assets/index-BXKxnkrd.js:10:140846)
    at sE.evaluate (https://ocios.app/assets/index-BXKxnkrd.js:10:140729)
    at AP.readLoop (https://ocios.app/assets/index-BXKxnkrd.js:10:158799)
[2026-09-02T07:51:51.410Z] [debug] A matter read failed: Error: Durable Object reset because its code was updated.
    at sE.evaluateImpl (https://ocios.app/assets/index-BXKxnkrd.js:10:143136)
    at sE.evaluateWithDepth (https://ocios.app/assets/index-BXKxnkrd.js:10:140846)
    at sE.evaluate (https://ocios.app/assets/index-BXKxnkrd.js:10:140729)
    at AP.readLoop (https://ocios.app/assets/index-BXKxnkrd.js:10:158799)
[2026-09-02T07:51:56.412Z] [debug] A matter read failed: Error: Durable Object reset because its code was updated.
    at sE.evaluateImpl (https://ocios.app/assets/index-BXKxnkrd.js:10:143136)
    at sE.evaluateWithDepth (https://ocios.app/assets/index-BXKxnkrd.js:10:140846)
    at sE.evaluate (https://ocios.app/assets/index-BXKxnkrd.js:10:140729)
    at AP.readLoop (https://ocios.app/assets/index-BXKxnkrd.js:10:158799)
[2026-09-02T07:51:56.453Z] [debug] A matter read failed: Error: Durable Object reset because its code was updated.
    at sE.evaluateImpl (https://ocios.app/assets/index-BXKxnkrd.js:10:143136)
    at sE.evaluateWithDepth (https://ocios.app/assets/index-BXKxnkrd.js:10:140846)
    at sE.evaluate (https://ocios.app/assets/index-BXKxnkrd.js:10:140729)
    at AP.readLoop (https://ocios.app/assets/index-BXKxnkrd.js:10:158799)
[2026-09-02T07:51:56.530Z] [debug] Failed to enable the matter wake hook: Error: Durable Object reset because its code was updated.
    at sE.evaluateImpl (https://ocios.app/assets/index-BXKxnkrd.js:10:143136)
    at sE.evaluateWithDepth (https://ocios.app/assets/index-BXKxnkrd.js:10:140846)
    at sE.evaluate (https://ocios.app/assets/index-BXKxnkrd.js:10:140729)
    at AP.readLoop (https://ocios.app/assets/index-BXKxnkrd.js:10:158799)
[2026-09-02T07:52:01.418Z] [debug] A matter read failed: Error: Durable Object reset because its code was updated.
    at sE.evaluateImpl (https://ocios.app/assets/index-BXKxnkrd.js:10:143136)
    at sE.evaluateWithDepth (https://ocios.app/assets/index-BXKxnkrd.js:10:140846)
    at sE.evaluate (https://ocios.app/assets/index-BXKxnkrd.js:10:140729)
    at AP.readLoop (https://ocios.app/assets/index-BXKxnkrd.js:10:158799)
[2026-09-02T07:52:06.417Z] [debug] A matter read failed: Error: Durable Object reset because its code was updated.
    at sE.evaluateImpl (https://ocios.app/assets/index-BXKxnkrd.js:10:143136)
    at sE.evaluateWithDepth (https://ocios.app/assets/index-BXKxnkrd.js:10:140846)
    at sE.evaluate (https://ocios.app/assets/index-BXKxnkrd.js:10:140729)
    at AP.readLoop (https://ocios.app/assets/index-BXKxnkrd.js:10:158799)
[2026-09-02T07:52:11.415Z] [debug] A matter read failed: Error: Durable Object reset because its code was updated.
    at sE.evaluateImpl (https://ocios.app/assets/index-BXKxnkrd.js:10:143136)
    at sE.evaluateWithDepth (https://ocios.app/assets/index-BXKxnkrd.js:10:140846)
    at sE.evaluate (https://ocios.app/assets/index-BXKxnkrd.js:10:140729)
    at AP.readLoop (https://ocios.app/assets/index-BXKxnkrd.js:10:158799)
[2026-09-02T07:52:11.457Z] [debug] A matter read failed: Error: Durable Object reset because its code was updated.
    at sE.evaluateImpl (https://ocios.app/assets/index-BXKxnkrd.js:10:143136)
    at sE.evaluateWithDepth (https://ocios.app/assets/index-BXKxnkrd.js:10:140846)
    at sE.evaluate (https://ocios.app/assets/index-BXKxnkrd.js:10:140729)
    at AP.readLoop (https://ocios.app/assets/index-BXKxnkrd.js:10:158799)
[2026-09-02T07:52:11.558Z] [debug] Failed to enable the matter wake hook: Error: Durable Object reset because its code was updated.
    at sE.evaluateImpl (https://ocios.app/assets/index-BXKxnkrd.js:10:143136)
    at sE.evaluateWithDepth (https://ocios.app/assets/index-BXKxnkrd.js:10:140846)
    at sE.evaluate (https://ocios.app/assets/index-BXKxnkrd.js:10:140729)
    at AP.readLoop (https://ocios.app/assets/index-BXKxnkrd.js:10:158799)
[2026-09-02T07:52:16.459Z] [debug] A matter read failed: Error: Durable Object reset because its code was updated.
    at sE.evaluateImpl (https://ocios.app/assets/index-BXKxnkrd.js:10:143136)
    at sE.evaluateWithDepth (https://ocios.app/assets/index-BXKxnkrd.js:10:140846)
    at sE.evaluate (https://ocios.app/assets/index-BXKxnkrd.js:10:140729)
    at AP.readLoop (https://ocios.app/assets/index-BXKxnkrd.js:10:158799)
[2026-09-02T07:52:21.411Z] [debug] A matter read failed: Error: Durable Object reset because its code was updated.
    at sE.evaluateImpl (https://ocios.app/assets/index-BXKxnkrd.js:10:143136)
    at sE.evaluateWithDepth (https://ocios.app/assets/index-BXKxnkrd.js:10:140846)
    at sE.evaluate (https://ocios.app/assets/index-BXKxnkrd.js:10:140729)
    at AP.readLoop (https://ocios.app/assets/index-BXKxnkrd.js:10:158799)
[2026-09-02T07:52:26.413Z] [debug] A matter read failed: Error: Durable Object reset because its code was updated.
    at sE.evaluateImpl (https://ocios.app/assets/index-BXKxnkrd.js:10:143136)
    at sE.evaluateWithDepth (https://ocios.app/assets/index-BXKxnkrd.js:10:140846)
    at sE.evaluate (https://ocios.app/assets/index-BXKxnkrd.js:10:140729)
    at AP.readLoop (https://ocios.app/assets/index-BXKxnkrd.js:10:158799)
[2026-09-02T07:52:26.452Z] [debug] A matter read failed: Error: Durable Object reset because its code was updated.
    at sE.evaluateImpl (https://ocios.app/assets/index-BXKxnkrd.js:10:143136)
    at sE.evaluateWithDepth (https://ocios.app/assets/index-BXKxnkrd.js:10:140846)
    at sE.evaluate (https://ocios.app/assets/index-BXKxnkrd.js:10:140729)
    at AP.readLoop (https://ocios.app/assets/index-BXKxnkrd.js:10:158799)
[2026-09-02T07:52:26.534Z] [debug] Failed to enable the matter wake hook: Error: Durable Object reset because its code was updated.
    at sE.evaluateImpl (https://ocios.app/assets/index-BXKxnkrd.js:10:143136)
    at sE.evaluateWithDepth (https://ocios.app/assets/index-BXKxnkrd.js:10:140846)
    at sE.evaluate (https://ocios.app/assets/index-BXKxnkrd.js:10:140729)
    at AP.readLoop (https://ocios.app/assets/index-BXKxnkrd.js:10:158799)
[2026-09-02T07:52:31.480Z] [debug] A matter read failed: Error: Durable Object reset because its code was updated.
    at sE.evaluateImpl (https://ocios.app/assets/index-BXKxnkrd.js:10:143136)
    at sE.evaluateWithDepth (https://ocios.app/assets/index-BXKxnkrd.js:10:140846)
    at sE.evaluate (https://ocios.app/assets/index-BXKxnkrd.js:10:140729)
    at AP.readLoop (https://ocios.app/assets/index-BXKxnkrd.js:10:158799)
[2026-09-02T07:52:36.417Z] [debug] A matter read failed: Error: Durable Object reset because its code was updated.
    at sE.evaluateImpl (https://ocios.app/assets/index-BXKxnkrd.js:10:143136)
    at sE.evaluateWithDepth (https://ocios.app/assets/index-BXKxnkrd.js:10:140846)
    at sE.evaluate (https://ocios.app/assets/index-BXKxnkrd.js:10:140729)
    at AP.readLoop (https://ocios.app/assets/index-BXKxnkrd.js:10:158799)
[2026-09-02T07:52:41.442Z] [debug] A matter read failed: Error: Durable Object reset because its code was updated.
    at sE.evaluateImpl (https://ocios.app/assets/index-BXKxnkrd.js:10:143136)
    at sE.evaluateWithDepth (https://ocios.app/assets/index-BXKxnkrd.js:10:140846)
    at sE.evaluate (https://ocios.app/assets/index-BXKxnkrd.js:10:140729)
    at AP.readLoop (https://ocios.app/assets/index-BXKxnkrd.js:10:158799)
[2026-09-02T07:52:41.453Z] [debug] A matter read failed: Error: Durable Object reset because its code was updated.
    at sE.evaluateImpl (https://ocios.app/assets/index-BXKxnkrd.js:10:143136)
    at sE.evaluateWithDepth (https://ocios.app/assets/index-BXKxnkrd.js:10:140846)
    at sE.evaluate (https://ocios.app/assets/index-BXKxnkrd.js:10:140729)
    at AP.readLoop (https://ocios.app/assets/index-BXKxnkrd.js:10:158799)
[2026-09-02T07:52:41.534Z] [debug] Failed to enable the matter wake hook: Error: Durable Object reset because its code was updated.
    at sE.evaluateImpl (https://ocios.app/assets/index-BXKxnkrd.js:10:143136)
    at sE.evaluateWithDepth (https://ocios.app/assets/index-BXKxnkrd.js:10:140846)
    at sE.evaluate (https://ocios.app/assets/index-BXKxnkrd.js:10:140729)
    at AP.readLoop (https://ocios.app/assets/index-BXKxnkrd.js:10:158799)
[2026-09-02T07:52:46.421Z] [debug] A matter read failed: Error: Durable Object reset because its code was updated.
    at sE.evaluateImpl (https://ocios.app/assets/index-BXKxnkrd.js:10:143136)
    at sE.evaluateWithDepth (https://ocios.app/assets/index-BXKxnkrd.js:10:140846)
    at sE.evaluate (https://ocios.app/assets/index-BXKxnkrd.js:10:140729)
    at AP.readLoop (https://ocios.app/assets/index-BXKxnkrd.js:10:158799)
[2026-09-02T07:52:51.459Z] [debug] A matter read failed: Error: Durable Object reset because its code was updated.
    at sE.evaluateImpl (https://ocios.app/assets/index-BXKxnkrd.js:10:143136)
    at sE.evaluateWithDepth (https://ocios.app/assets/index-BXKxnkrd.js:10:140846)
    at sE.evaluate (https://ocios.app/assets/index-BXKxnkrd.js:10:140729)
    at AP.readLoop (https://ocios.app/assets/index-BXKxnkrd.js:10:158799)
[2026-09-02T07:52:56.414Z] [debug] A matter read failed: Error: Durable Object reset because its code was updated.
    at sE.evaluateImpl (https://ocios.app/assets/index-BXKxnkrd.js:10:143136)
    at sE.evaluateWithDepth (https://ocios.app/assets/index-BXKxnkrd.js:10:140846)
    at sE.evaluate (https://ocios.app/assets/index-BXKxnkrd.js:10:140729)
    at AP.readLoop (https://ocios.app/assets/index-BXKxnkrd.js:10:158799)
[2026-09-02T07:52:56.452Z] [debug] A matter read failed: Error: Durable Object reset because its code was updated.
    at sE.evaluateImpl (https://ocios.app/assets/index-BXKxnkrd.js:10:143136)
    at sE.evaluateWithDepth (https://ocios.app/assets/index-BXKxnkrd.js:10:140846)
    at sE.evaluate (https://ocios.app/assets/index-BXKxnkrd.js:10:140729)
    at AP.readLoop (https://ocios.app/assets/index-BXKxnkrd.js:10:158799)
[2026-09-02T07:52:56.531Z] [debug] Failed to enable the matter wake hook: Error: Durable Object reset because its code was updated.
    at sE.evaluateImpl (https://ocios.app/assets/index-BXKxnkrd.js:10:143136)
    at sE.evaluateWithDepth (https://ocios.app/assets/index-BXKxnkrd.js:10:140846)
    at sE.evaluate (https://ocios.app/assets/index-BXKxnkrd.js:10:140729)
    at AP.readLoop (https://ocios.app/assets/index-BXKxnkrd.js:10:158799)
[2026-09-02T07:53:01.414Z] [debug] A matter read failed: Error: Durable Object reset because its code was updated.
    at sE.evaluateImpl (https://ocios.app/assets/index-BXKxnkrd.js:10:143136)
    at sE.evaluateWithDepth (https://ocios.app/assets/index-BXKxnkrd.js:10:140846)
    at sE.evaluate (https://ocios.app/assets/index-BXKxnkrd.js:10:140729)
    at AP.readLoop (https://ocios.app/assets/index-BXKxnkrd.js:10:158799)
[2026-09-02T07:53:06.423Z] [debug] A matter read failed: Error: Durable Object reset because its code was updated.
    at sE.evaluateImpl (https://ocios.app/assets/index-BXKxnkrd.js:10:143136)
    at sE.evaluateWithDepth (https://ocios.app/assets/index-BXKxnkrd.js:10:140846)
    at sE.evaluate (https://ocios.app/assets/index-BXKxnkrd.js:10:140729)
    at AP.readLoop (https://ocios.app/assets/index-BXKxnkrd.js:10:158799)
[2026-09-02T07:53:11.468Z] [debug] A matter read failed: Error: Durable Object reset because its code was updated.
    at sE.evaluateImpl (https://ocios.app/assets/index-BXKxnkrd.js:10:143136)
    at sE.evaluateWithDepth (https://ocios.app/assets/index-BXKxnkrd.js:10:140846)
    at sE.evaluate (https://ocios.app/assets/index-BXKxnkrd.js:10:140729)
    at AP.readLoop (https://ocios.app/assets/index-BXKxnkrd.js:10:158799)
[2026-09-02T07:53:11.468Z] [debug] A matter read failed: Error: Durable Object reset because its code was updated.
    at sE.evaluateImpl (https://ocios.app/assets/index-BXKxnkrd.js:10:143136)
    at sE.evaluateWithDepth (https://ocios.app/assets/index-BXKxnkrd.js:10:140846)
    at sE.evaluate (https://ocios.app/assets/index-BXKxnkrd.js:10:140729)
    at AP.readLoop (https://ocios.app/assets/index-BXKxnkrd.js:10:158799)
[2026-09-02T07:53:11.531Z] [debug] Failed to enable the matter wake hook: Error: Durable Object reset because its code was updated.
    at sE.evaluateImpl (https://ocios.app/assets/index-BXKxnkrd.js:10:143136)
    at sE.evaluateWithDepth (https://ocios.app/assets/index-BXKxnkrd.js:10:140846)
    at sE.evaluate (https://ocios.app/assets/index-BXKxnkrd.js:10:140729)
    at AP.readLoop (https://ocios.app/assets/index-BXKxnkrd.js:10:158799)
[2026-09-02T07:53:16.417Z] [debug] A matter read failed: Error: Durable Object reset because its code was updated.
    at sE.evaluateImpl (https://ocios.app/assets/index-BXKxnkrd.js:10:143136)
    at sE.evaluateWithDepth (https://ocios.app/assets/index-BXKxnkrd.js:10:140846)
    at sE.evaluate (https://ocios.app/assets/index-BXKxnkrd.js:10:140729)
    at AP.readLoop (https://ocios.app/assets/index-BXKxnkrd.js:10:158799)
[2026-09-02T07:53:21.419Z] [debug] A matter read failed: Error: Durable Object reset because its code was updated.
    at sE.evaluateImpl (https://ocios.app/assets/index-BXKxnkrd.js:10:143136)
    at sE.evaluateWithDepth (https://ocios.app/assets/index-BXKxnkrd.js:10:140846)
    at sE.evaluate (https://ocios.app/assets/index-BXKxnkrd.js:10:140729)
    at AP.readLoop (https://ocios.app/assets/index-BXKxnkrd.js:10:158799)
[2026-09-02T07:53:26.414Z] [debug] A matter read failed: Error: Durable Object reset because its code was updated.
    at sE.evaluateImpl (https://ocios.app/assets/index-BXKxnkrd.js:10:143136)
    at sE.evaluateWithDepth (https://ocios.app/assets/index-BXKxnkrd.js:10:140846)
    at sE.evaluate (https://ocios.app/assets/index-BXKxnkrd.js:10:140729)
    at AP.readLoop (https://ocios.app/assets/index-BXKxnkrd.js:10:158799)
[2026-09-02T07:53:26.509Z] [debug] A matter read failed: Error: Durable Object reset because its code was updated.
    at sE.evaluateImpl (https://ocios.app/assets/index-BXKxnkrd.js:10:143136)
    at sE.evaluateWithDepth (https://ocios.app/assets/index-BXKxnkrd.js:10:140846)
    at sE.evaluate (https://ocios.app/assets/index-BXKxnkrd.js:10:140729)
    at AP.readLoop (https://ocios.app/assets/index-BXKxnkrd.js:10:158799)
[2026-09-02T07:53:26.533Z] [debug] Failed to enable the matter wake hook: Error: Durable Object reset because its code was updated.
    at sE.evaluateImpl (https://ocios.app/assets/index-BXKxnkrd.js:10:143136)
    at sE.evaluateWithDepth (https://ocios.app/assets/index-BXKxnkrd.js:10:140846)
    at sE.evaluate (https://ocios.app/assets/index-BXKxnkrd.js:10:140729)
    at AP.readLoop (https://ocios.app/assets/index-BXKxnkrd.js:10:158799)
[2026-09-02T07:53:31.411Z] [debug] A matter read failed: Error: Durable Object reset because its code was updated.
    at sE.evaluateImpl (https://ocios.app/assets/index-BXKxnkrd.js:10:143136)
    at sE.evaluateWithDepth (https://ocios.app/assets/index-BXKxnkrd.js:10:140846)
    at sE.evaluate (https://ocios.app/assets/index-BXKxnkrd.js:10:140729)
    at AP.readLoop (https://ocios.app/assets/index-BXKxnkrd.js:10:158799)
[2026-09-02T07:53:36.535Z] [debug] A matter read failed: Error: Durable Object reset because its code was updated.
    at sE.evaluateImpl (https://ocios.app/assets/index-BXKxnkrd.js:10:143136)
    at sE.evaluateWithDepth (https://ocios.app/assets/index-BXKxnkrd.js:10:140846)
    at sE.evaluate (https://ocios.app/assets/index-BXKxnkrd.js:10:140729)
    at AP.readLoop (https://ocios.app/assets/index-BXKxnkrd.js:10:158799)
[2026-09-02T07:53:41.419Z] [debug] A matter read failed: Error: Durable Object reset because its code was updated.
    at sE.evaluateImpl (https://ocios.app/assets/index-BXKxnkrd.js:10:143136)
    at sE.evaluateWithDepth (https://ocios.app/assets/index-BXKxnkrd.js:10:140846)
    at sE.evaluate (https://ocios.app/assets/index-BXKxnkrd.js:10:140729)
    at AP.readLoop (https://ocios.app/assets/index-BXKxnkrd.js:10:158799)
[2026-09-02T07:53:41.453Z] [debug] A matter read failed: Error: Durable Object reset because its code was updated.
    at sE.evaluateImpl (https://ocios.app/assets/index-BXKxnkrd.js:10:143136)
    at sE.evaluateWithDepth (https://ocios.app/assets/index-BXKxnkrd.js:10:140846)
    at sE.evaluate (https://ocios.app/assets/index-BXKxnkrd.js:10:140729)
    at AP.readLoop (https://ocios.app/assets/index-BXKxnkrd.js:10:158799)
[2026-09-02T07:53:41.533Z] [debug] Failed to enable the matter wake hook: Error: Durable Object reset because its code was updated.
    at sE.evaluateImpl (https://ocios.app/assets/index-BXKxnkrd.js:10:143136)
    at sE.evaluateWithDepth (https://ocios.app/assets/index-BXKxnkrd.js:10:140846)
    at sE.evaluate (https://ocios.app/assets/index-BXKxnkrd.js:10:140729)
    at AP.readLoop (https://ocios.app/assets/index-BXKxnkrd.js:10:158799)
[2026-09-02T07:53:46.430Z] [debug] A matter read failed: Error: Durable Object reset because its code was updated.
    at sE.evaluateImpl (https://ocios.app/assets/index-BXKxnkrd.js:10:143136)
    at sE.evaluateWithDepth (https://ocios.app/assets/index-BXKxnkrd.js:10:140846)
    at sE.evaluate (https://ocios.app/assets/index-BXKxnkrd.js:10:140729)
    at AP.readLoop (https://ocios.app/assets/index-BXKxnkrd.js:10:158799)
[2026-09-02T07:53:51.418Z] [debug] A matter read failed: Error: Durable Object reset because its code was updated.
    at sE.evaluateImpl (https://ocios.app/assets/index-BXKxnkrd.js:10:143136)
    at sE.evaluateWithDepth (https://ocios.app/assets/index-BXKxnkrd.js:10:140846)
    at sE.evaluate (https://ocios.app/assets/index-BXKxnkrd.js:10:140729)
    at AP.readLoop (https://ocios.app/assets/index-BXKxnkrd.js:10:158799)
[2026-09-02T07:53:56.461Z] [debug] A matter read failed: Error: Durable Object reset because its code was updated.
    at sE.evaluateImpl (https://ocios.app/assets/index-BXKxnkrd.js:10:143136)
    at sE.evaluateWithDepth (https://ocios.app/assets/index-BXKxnkrd.js:10:140846)
    at sE.evaluate (https://ocios.app/assets/index-BXKxnkrd.js:10:140729)
    at AP.readLoop (https://ocios.app/assets/index-BXKxnkrd.js:10:158799)
[2026-09-02T07:53:56.461Z] [debug] A matter read failed: Error: Durable Object reset because its code was updated.
    at sE.evaluateImpl (https://ocios.app/assets/index-BXKxnkrd.js:10:143136)
    at sE.evaluateWithDepth (https://ocios.app/assets/index-BXKxnkrd.js:10:140846)
    at sE.evaluate (https://ocios.app/assets/index-BXKxnkrd.js:10:140729)
    at AP.readLoop (https://ocios.app/assets/index-BXKxnkrd.js:10:158799)
[2026-09-02T07:53:56.532Z] [debug] Failed to enable the matter wake hook: Error: Durable Object reset because its code was updated.
    at sE.evaluateImpl (https://ocios.app/assets/index-BXKxnkrd.js:10:143136)
    at sE.evaluateWithDepth (https://ocios.app/assets/index-BXKxnkrd.js:10:140846)
    at sE.evaluate (https://ocios.app/assets/index-BXKxnkrd.js:10:140729)
    at AP.readLoop (https://ocios.app/assets/index-BXKxnkrd.js:10:158799)
[2026-09-02T07:54:01.417Z] [debug] A matter read failed: Error: Durable Object reset because its code was updated.
    at sE.evaluateImpl (https://ocios.app/assets/index-BXKxnkrd.js:10:143136)
    at sE.evaluateWithDepth (https://ocios.app/assets/index-BXKxnkrd.js:10:140846)
    at sE.evaluate (https://ocios.app/assets/index-BXKxnkrd.js:10:140729)
    at AP.readLoop (https://ocios.app/assets/index-BXKxnkrd.js:10:158799)
[2026-09-02T07:54:06.458Z] [debug] A matter read failed: Error: Durable Object reset because its code was updated.
    at sE.evaluateImpl (https://ocios.app/assets/index-BXKxnkrd.js:10:143136)
    at sE.evaluateWithDepth (https://ocios.app/assets/index-BXKxnkrd.js:10:140846)
    at sE.evaluate (https://ocios.app/assets/index-BXKxnkrd.js:10:140729)
    at AP.readLoop (https://ocios.app/assets/index-BXKxnkrd.js:10:158799)
[2026-09-02T07:54:11.410Z] [debug] A matter read failed: Error: Durable Object reset because its code was updated.
    at sE.evaluateImpl (https://ocios.app/assets/index-BXKxnkrd.js:10:143136)
    at sE.evaluateWithDepth (https://ocios.app/assets/index-BXKxnkrd.js:10:140846)
    at sE.evaluate (https://ocios.app/assets/index-BXKxnkrd.js:10:140729)
    at AP.readLoop (https://ocios.app/assets/index-BXKxnkrd.js:10:158799)
[2026-09-02T07:54:11.452Z] [debug] A matter read failed: Error: Durable Object reset because its code was updated.
    at sE.evaluateImpl (https://ocios.app/assets/index-BXKxnkrd.js:10:143136)
    at sE.evaluateWithDepth (https://ocios.app/assets/index-BXKxnkrd.js:10:140846)
    at sE.evaluate (https://ocios.app/assets/index-BXKxnkrd.js:10:140729)
    at AP.readLoop (https://ocios.app/assets/index-BXKxnkrd.js:10:158799)
[2026-09-02T07:54:11.597Z] [debug] Failed to enable the matter wake hook: Error: Durable Object reset because its code was updated.
    at sE.evaluateImpl (https://ocios.app/assets/index-BXKxnkrd.js:10:143136)
    at sE.evaluateWithDepth (https://ocios.app/assets/index-BXKxnkrd.js:10:140846)
    at sE.evaluate (https://ocios.app/assets/index-BXKxnkrd.js:10:140729)
    at AP.readLoop (https://ocios.app/assets/index-BXKxnkrd.js:10:158799)
[2026-09-02T07:54:16.413Z] [debug] A matter read failed: Error: Durable Object reset because its code was updated.
    at sE.evaluateImpl (https://ocios.app/assets/index-BXKxnkrd.js:10:143136)
    at sE.evaluateWithDepth (https://ocios.app/assets/index-BXKxnkrd.js:10:140846)
    at sE.evaluate (https://ocios.app/assets/index-BXKxnkrd.js:10:140729)
    at AP.readLoop (https://ocios.app/assets/index-BXKxnkrd.js:10:158799)
[2026-09-02T07:54:21.410Z] [debug] A matter read failed: Error: Durable Object reset because its code was updated.
    at sE.evaluateImpl (https://ocios.app/assets/index-BXKxnkrd.js:10:143136)
    at sE.evaluateWithDepth (https://ocios.app/assets/index-BXKxnkrd.js:10:140846)
    at sE.evaluate (https://ocios.app/assets/index-BXKxnkrd.js:10:140729)
    at AP.readLoop (https://ocios.app/assets/index-BXKxnkrd.js:10:158799)
[2026-09-02T07:54:26.417Z] [debug] A matter read failed: Error: Durable Object reset because its code was updated.
    at sE.evaluateImpl (https://ocios.app/assets/index-BXKxnkrd.js:10:143136)
    at sE.evaluateWithDepth (https://ocios.app/assets/index-BXKxnkrd.js:10:140846)
    at sE.evaluate (https://ocios.app/assets/index-BXKxnkrd.js:10:140729)
    at AP.readLoop (https://ocios.app/assets/index-BXKxnkrd.js:10:158799)
[2026-09-02T07:54:26.451Z] [debug] A matter read failed: Error: Durable Object reset because its code was updated.
    at sE.evaluateImpl (https://ocios.app/assets/index-BXKxnkrd.js:10:143136)
    at sE.evaluateWithDepth (https://ocios.app/assets/index-BXKxnkrd.js:10:140846)
    at sE.evaluate (https://ocios.app/assets/index-BXKxnkrd.js:10:140729)
    at AP.readLoop (https://ocios.app/assets/index-BXKxnkrd.js:10:158799)
[2026-09-02T07:54:26.534Z] [debug] Failed to enable the matter wake hook: Error: Durable Object reset because its code was updated.
    at sE.evaluateImpl (https://ocios.app/assets/index-BXKxnkrd.js:10:143136)
    at sE.evaluateWithDepth (https://ocios.app/assets/index-BXKxnkrd.js:10:140846)
    at sE.evaluate (https://ocios.app/assets/index-BXKxnkrd.js:10:140729)
    at AP.readLoop (https://ocios.app/assets/index-BXKxnkrd.js:10:158799)
[2026-09-02T07:54:31.418Z] [debug] A matter read failed: Error: Durable Object reset because its code was updated.
    at sE.evaluateImpl (https://ocios.app/assets/index-BXKxnkrd.js:10:143136)
    at sE.evaluateWithDepth (https://ocios.app/assets/index-BXKxnkrd.js:10:140846)
    at sE.evaluate (https://ocios.app/assets/index-BXKxnkrd.js:10:140729)
    at AP.readLoop (https://ocios.app/assets/index-BXKxnkrd.js:10:158799)
[2026-09-02T07:54:36.418Z] [debug] A matter read failed: Error: Durable Object reset because its code was updated.
    at sE.evaluateImpl (https://ocios.app/assets/index-BXKxnkrd.js:10:143136)
    at sE.evaluateWithDepth (https://ocios.app/assets/index-BXKxnkrd.js:10:140846)
    at sE.evaluate (https://ocios.app/assets/index-BXKxnkrd.js:10:140729)
    at AP.readLoop (https://ocios.app/assets/index-BXKxnkrd.js:10:158799)
[2026-09-02T07:54:41.482Z] [debug] A matter read failed: Error: Durable Object reset because its code was updated.
    at sE.evaluateImpl (https://ocios.app/assets/index-BXKxnkrd.js:10:143136)
    at sE.evaluateWithDepth (https://ocios.app/assets/index-BXKxnkrd.js:10:140846)
    at sE.evaluate (https://ocios.app/assets/index-BXKxnkrd.js:10:140729)
    at AP.readLoop (https://ocios.app/assets/index-BXKxnkrd.js:10:158799)
[2026-09-02T07:54:41.506Z] [debug] A matter read failed: Error: Durable Object reset because its code was updated.
    at sE.evaluateImpl (https://ocios.app/assets/index-BXKxnkrd.js:10:143136)
    at sE.evaluateWithDepth (https://ocios.app/assets/index-BXKxnkrd.js:10:140846)
    at sE.evaluate (https://ocios.app/assets/index-BXKxnkrd.js:10:140729)
    at AP.readLoop (https://ocios.app/assets/index-BXKxnkrd.js:10:158799)
[2026-09-02T07:54:41.532Z] [debug] Failed to enable the matter wake hook: Error: Durable Object reset because its code was updated.
    at sE.evaluateImpl (https://ocios.app/assets/index-BXKxnkrd.js:10:143136)
    at sE.evaluateWithDepth (https://ocios.app/assets/index-BXKxnkrd.js:10:140846)
    at sE.evaluate (https://ocios.app/assets/index-BXKxnkrd.js:10:140729)
    at AP.readLoop (https://ocios.app/assets/index-BXKxnkrd.js:10:158799)
[2026-09-02T07:54:46.416Z] [debug] A matter read failed: Error: Durable Object reset because its code was updated.
    at sE.evaluateImpl (https://ocios.app/assets/index-BXKxnkrd.js:10:143136)
    at sE.evaluateWithDepth (https://ocios.app/assets/index-BXKxnkrd.js:10:140846)
    at sE.evaluate (https://ocios.app/assets/index-BXKxnkrd.js:10:140729)
    at AP.readLoop (https://ocios.app/assets/index-BXKxnkrd.js:10:158799)
[2026-09-02T07:54:51.515Z] [debug] A matter read failed: Error: Durable Object reset because its code was updated.
    at sE.evaluateImpl (https://ocios.app/assets/index-BXKxnkrd.js:10:143136)
    at sE.evaluateWithDepth (https://ocios.app/assets/index-BXKxnkrd.js:10:140846)
    at sE.evaluate (https://ocios.app/assets/index-BXKxnkrd.js:10:140729)
    at AP.readLoop (https://ocios.app/assets/index-BXKxnkrd.js:10:158799)
[2026-09-02T07:54:56.410Z] [debug] A matter read failed: Error: Durable Object reset because its code was updated.
    at sE.evaluateImpl (https://ocios.app/assets/index-BXKxnkrd.js:10:143136)
    at sE.evaluateWithDepth (https://ocios.app/assets/index-BXKxnkrd.js:10:140846)
    at sE.evaluate (https://ocios.app/assets/index-BXKxnkrd.js:10:140729)
    at AP.readLoop (https://ocios.app/assets/index-BXKxnkrd.js:10:158799)
[2026-09-02T07:54:56.454Z] [debug] A matter read failed: Error: Durable Object reset because its code was updated.
    at sE.evaluateImpl (https://ocios.app/assets/index-BXKxnkrd.js:10:143136)
    at sE.evaluateWithDepth (https://ocios.app/assets/index-BXKxnkrd.js:10:140846)
    at sE.evaluate (https://ocios.app/assets/index-BXKxnkrd.js:10:140729)
    at AP.readLoop (https://ocios.app/assets/index-BXKxnkrd.js:10:158799)
[2026-09-02T07:54:56.534Z] [debug] Failed to enable the matter wake hook: Error: Durable Object reset because its code was updated.
    at sE.evaluateImpl (https://ocios.app/assets/index-BXKxnkrd.js:10:143136)
    at sE.evaluateWithDepth (https://ocios.app/assets/index-BXKxnkrd.js:10:140846)
    at sE.evaluate (https://ocios.app/assets/index-BXKxnkrd.js:10:140729)
    at AP.readLoop (https://ocios.app/assets/index-BXKxnkrd.js:10:158799)
[2026-09-02T07:55:01.429Z] [debug] A matter read failed: Error: Durable Object reset because its code was updated.
    at sE.evaluateImpl (https://ocios.app/assets/index-BXKxnkrd.js:10:143136)
    at sE.evaluateWithDepth (https://ocios.app/assets/index-BXKxnkrd.js:10:140846)
    at sE.evaluate (https://ocios.app/assets/index-BXKxnkrd.js:10:140729)
    at AP.readLoop (https://ocios.app/assets/index-BXKxnkrd.js:10:158799)
[2026-09-02T07:55:06.416Z] [debug] A matter read failed: Error: Durable Object reset because its code was updated.
    at sE.evaluateImpl (https://ocios.app/assets/index-BXKxnkrd.js:10:143136)
    at sE.evaluateWithDepth (https://ocios.app/assets/index-BXKxnkrd.js:10:140846)
    at sE.evaluate (https://ocios.app/assets/index-BXKxnkrd.js:10:140729)
    at AP.readLoop (https://ocios.app/assets/index-BXKxnkrd.js:10:158799)
[2026-09-02T07:55:11.458Z] [debug] A matter read failed: Error: Durable Object reset because its code was updated.
    at sE.evaluateImpl (https://ocios.app/assets/index-BXKxnkrd.js:10:143136)
    at sE.evaluateWithDepth (https://ocios.app/assets/index-BXKxnkrd.js:10:140846)
    at sE.evaluate (https://ocios.app/assets/index-BXKxnkrd.js:10:140729)
    at AP.readLoop (https://ocios.app/assets/index-BXKxnkrd.js:10:158799)
[2026-09-02T07:55:11.458Z] [debug] A matter read failed: Error: Durable Object reset because its code was updated.
    at sE.evaluateImpl (https://ocios.app/assets/index-BXKxnkrd.js:10:143136)
    at sE.evaluateWithDepth (https://ocios.app/assets/index-BXKxnkrd.js:10:140846)
    at sE.evaluate (https://ocios.app/assets/index-BXKxnkrd.js:10:140729)
    at AP.readLoop (https://ocios.app/assets/index-BXKxnkrd.js:10:158799)
[2026-09-02T07:55:11.529Z] [debug] Failed to enable the matter wake hook: Error: Durable Object reset because its code was updated.
    at sE.evaluateImpl (https://ocios.app/assets/index-BXKxnkrd.js:10:143136)
    at sE.evaluateWithDepth (https://ocios.app/assets/index-BXKxnkrd.js:10:140846)
    at sE.evaluate (https://ocios.app/assets/index-BXKxnkrd.js:10:140729)
    at AP.readLoop (https://ocios.app/assets/index-BXKxnkrd.js:10:158799)
[2026-09-02T07:55:16.415Z] [debug] A matter read failed: Error: Durable Object reset because its code was updated.
    at sE.evaluateImpl (https://ocios.app/assets/index-BXKxnkrd.js:10:143136)
    at sE.evaluateWithDepth (https://ocios.app/assets/index-BXKxnkrd.js:10:140846)
    at sE.evaluate (https://ocios.app/assets/index-BXKxnkrd.js:10:140729)
    at AP.readLoop (https://ocios.app/assets/index-BXKxnkrd.js:10:158799)
[2026-09-02T07:55:21.462Z] [debug] A matter read failed: Error: Durable Object reset because its code was updated.
    at sE.evaluateImpl (https://ocios.app/assets/index-BXKxnkrd.js:10:143136)
    at sE.evaluateWithDepth (https://ocios.app/assets/index-BXKxnkrd.js:10:140846)
    at sE.evaluate (https://ocios.app/assets/index-BXKxnkrd.js:10:140729)
    at AP.readLoop (https://ocios.app/assets/index-BXKxnkrd.js:10:158799)
[2026-09-02T07:55:26.414Z] [debug] A matter read failed: Error: Durable Object reset because its code was updated.
    at sE.evaluateImpl (https://ocios.app/assets/index-BXKxnkrd.js:10:143136)
    at sE.evaluateWithDepth (https://ocios.app/assets/index-BXKxnkrd.js:10:140846)
    at sE.evaluate (https://ocios.app/assets/index-BXKxnkrd.js:10:140729)
    at AP.readLoop (https://ocios.app/assets/index-BXKxnkrd.js:10:158799)
[2026-09-02T07:55:26.455Z] [debug] A matter read failed: Error: Durable Object reset because its code was updated.
    at sE.evaluateImpl (https://ocios.app/assets/index-BXKxnkrd.js:10:143136)
    at sE.evaluateWithDepth (https://ocios.app/assets/index-BXKxnkrd.js:10:140846)
    at sE.evaluate (https://ocios.app/assets/index-BXKxnkrd.js:10:140729)
    at AP.readLoop (https://ocios.app/assets/index-BXKxnkrd.js:10:158799)
[2026-09-02T07:55:26.594Z] [debug] Failed to enable the matter wake hook: Error: Durable Object reset because its code was updated.
    at sE.evaluateImpl (https://ocios.app/assets/index-BXKxnkrd.js:10:143136)
    at sE.evaluateWithDepth (https://ocios.app/assets/index-BXKxnkrd.js:10:140846)
    at sE.evaluate (https://ocios.app/assets/index-BXKxnkrd.js:10:140729)
    at AP.readLoop (https://ocios.app/assets/index-BXKxnkrd.js:10:158799)
[2026-09-02T07:55:31.460Z] [debug] A matter read failed: Error: Durable Object reset because its code was updated.
    at sE.evaluateImpl (https://ocios.app/assets/index-BXKxnkrd.js:10:143136)
    at sE.evaluateWithDepth (https://ocios.app/assets/index-BXKxnkrd.js:10:140846)
    at sE.evaluate (https://ocios.app/assets/index-BXKxnkrd.js:10:140729)
    at AP.readLoop (https://ocios.app/assets/index-BXKxnkrd.js:10:158799)
[2026-09-02T07:55:36.415Z] [debug] A matter read failed: Error: Durable Object reset because its code was updated.
    at sE.evaluateImpl (https://ocios.app/assets/index-BXKxnkrd.js:10:143136)
    at sE.evaluateWithDepth (https://ocios.app/assets/index-BXKxnkrd.js:10:140846)
    at sE.evaluate (https://ocios.app/assets/index-BXKxnkrd.js:10:140729)
    at AP.readLoop (https://ocios.app/assets/index-BXKxnkrd.js:10:158799)
[2026-09-02T07:55:41.420Z] [debug] A matter read failed: Error: Durable Object reset because its code was updated.
    at sE.evaluateImpl (https://ocios.app/assets/index-BXKxnkrd.js:10:143136)
    at sE.evaluateWithDepth (https://ocios.app/assets/index-BXKxnkrd.js:10:140846)
    at sE.evaluate (https://ocios.app/assets/index-BXKxnkrd.js:10:140729)
    at AP.readLoop (https://ocios.app/assets/index-BXKxnkrd.js:10:158799)
[2026-09-02T07:55:41.451Z] [debug] A matter read failed: Error: Durable Object reset because its code was updated.
    at sE.evaluateImpl (https://ocios.app/assets/index-BXKxnkrd.js:10:143136)
    at sE.evaluateWithDepth (https://ocios.app/assets/index-BXKxnkrd.js:10:140846)
    at sE.evaluate (https://ocios.app/assets/index-BXKxnkrd.js:10:140729)
    at AP.readLoop (https://ocios.app/assets/index-BXKxnkrd.js:10:158799)
[2026-09-02T07:55:41.534Z] [debug] Failed to enable the matter wake hook: Error: Durable Object reset because its code was updated.
    at sE.evaluateImpl (https://ocios.app/assets/index-BXKxnkrd.js:10:143136)
    at sE.evaluateWithDepth (https://ocios.app/assets/index-BXKxnkrd.js:10:140846)
    at sE.evaluate (https://ocios.app/assets/index-BXKxnkrd.js:10:140729)
    at AP.readLoop (https://ocios.app/assets/index-BXKxnkrd.js:10:158799)
[2026-09-02T07:55:46.413Z] [debug] A matter read failed: Error: Durable Object reset because its code was updated.
    at sE.evaluateImpl (https://ocios.app/assets/index-BXKxnkrd.js:10:143136)
    at sE.evaluateWithDepth (https://ocios.app/assets/index-BXKxnkrd.js:10:140846)
    at sE.evaluate (https://ocios.app/assets/index-BXKxnkrd.js:10:140729)
    at AP.readLoop (https://ocios.app/assets/index-BXKxnkrd.js:10:158799)
[2026-09-02T07:55:51.424Z] [debug] A matter read failed: Error: Durable Object reset because its code was updated.
    at sE.evaluateImpl (https://ocios.app/assets/index-BXKxnkrd.js:10:143136)
    at sE.evaluateWithDepth (https://ocios.app/assets/index-BXKxnkrd.js:10:140846)
    at sE.evaluate (https://ocios.app/assets/index-BXKxnkrd.js:10:140729)
    at AP.readLoop (https://ocios.app/assets/index-BXKxnkrd.js:10:158799)
[2026-09-02T07:55:56.479Z] [debug] A matter read failed: Error: Durable Object reset because its code was updated.
    at sE.evaluateImpl (https://ocios.app/assets/index-BXKxnkrd.js:10:143136)
    at sE.evaluateWithDepth (https://ocios.app/assets/index-BXKxnkrd.js:10:140846)
    at sE.evaluate (https://ocios.app/assets/index-BXKxnkrd.js:10:140729)
    at AP.readLoop (https://ocios.app/assets/index-BXKxnkrd.js:10:158799)
[2026-09-02T07:55:56.479Z] [debug] A matter read failed: Error: Durable Object reset because its code was updated.
    at sE.evaluateImpl (https://ocios.app/assets/index-BXKxnkrd.js:10:143136)
    at sE.evaluateWithDepth (https://ocios.app/assets/index-BXKxnkrd.js:10:140846)
    at sE.evaluate (https://ocios.app/assets/index-BXKxnkrd.js:10:140729)
    at AP.readLoop (https://ocios.app/assets/index-BXKxnkrd.js:10:158799)
[2026-09-02T07:55:56.531Z] [debug] Failed to enable the matter wake hook: Error: Durable Object reset because its code was updated.
    at sE.evaluateImpl (https://ocios.app/assets/index-BXKxnkrd.js:10:143136)
    at sE.evaluateWithDepth (https://ocios.app/assets/index-BXKxnkrd.js:10:140846)
    at sE.evaluate (https://ocios.app/assets/index-BXKxnkrd.js:10:140729)
    at AP.readLoop (https://ocios.app/assets/index-BXKxnkrd.js:10:158799)
[2026-09-02T07:56:01.424Z] [debug] A matter read failed: Error: Durable Object reset because its code was updated.
    at sE.evaluateImpl (https://ocios.app/assets/index-BXKxnkrd.js:10:143136)
    at sE.evaluateWithDepth (https://ocios.app/assets/index-BXKxnkrd.js:10:140846)
    at sE.evaluate (https://ocios.app/assets/index-BXKxnkrd.js:10:140729)
    at AP.readLoop (https://ocios.app/assets/index-BXKxnkrd.js:10:158799)
[2026-09-02T07:56:06.486Z] [debug] A matter read failed: Error: Durable Object reset because its code was updated.
    at sE.evaluateImpl (https://ocios.app/assets/index-BXKxnkrd.js:10:143136)
    at sE.evaluateWithDepth (https://ocios.app/assets/index-BXKxnkrd.js:10:140846)
    at sE.evaluate (https://ocios.app/assets/index-BXKxnkrd.js:10:140729)
    at AP.readLoop (https://ocios.app/assets/index-BXKxnkrd.js:10:158799)
[2026-09-02T07:56:11.468Z] [debug] A matter read failed: Error: Durable Object reset because its code was updated.
    at sE.evaluateImpl (https://ocios.app/assets/index-BXKxnkrd.js:10:143136)
    at sE.evaluateWithDepth (https://ocios.app/assets/index-BXKxnkrd.js:10:140846)
    at sE.evaluate (https://ocios.app/assets/index-BXKxnkrd.js:10:140729)
    at AP.readLoop (https://ocios.app/assets/index-BXKxnkrd.js:10:158799)
[2026-09-02T07:56:11.468Z] [debug] A matter read failed: Error: Durable Object reset because its code was updated.
    at sE.evaluateImpl (https://ocios.app/assets/index-BXKxnkrd.js:10:143136)
    at sE.evaluateWithDepth (https://ocios.app/assets/index-BXKxnkrd.js:10:140846)
    at sE.evaluate (https://ocios.app/assets/index-BXKxnkrd.js:10:140729)
    at AP.readLoop (https://ocios.app/assets/index-BXKxnkrd.js:10:158799)
[2026-09-02T07:56:11.533Z] [debug] Failed to enable the matter wake hook: Error: Durable Object reset because its code was updated.
    at sE.evaluateImpl (https://ocios.app/assets/index-BXKxnkrd.js:10:143136)
    at sE.evaluateWithDepth (https://ocios.app/assets/index-BXKxnkrd.js:10:140846)
    at sE.evaluate (https://ocios.app/assets/index-BXKxnkrd.js:10:140729)
    at AP.readLoop (https://ocios.app/assets/index-BXKxnkrd.js:10:158799)
[2026-09-02T07:56:16.417Z] [debug] A matter read failed: Error: Durable Object reset because its code was updated.
    at sE.evaluateImpl (https://ocios.app/assets/index-BXKxnkrd.js:10:143136)
    at sE.evaluateWithDepth (https://ocios.app/assets/index-BXKxnkrd.js:10:140846)
    at sE.evaluate (https://ocios.app/assets/index-BXKxnkrd.js:10:140729)
    at AP.readLoop (https://ocios.app/assets/index-BXKxnkrd.js:10:158799)
[2026-09-02T07:56:21.416Z] [debug] A matter read failed: Error: Durable Object reset because its code was updated.
    at sE.evaluateImpl (https://ocios.app/assets/index-BXKxnkrd.js:10:143136)
    at sE.evaluateWithDepth (https://ocios.app/assets/index-BXKxnkrd.js:10:140846)
    at sE.evaluate (https://ocios.app/assets/index-BXKxnkrd.js:10:140729)
    at AP.readLoop (https://ocios.app/assets/index-BXKxnkrd.js:10:158799)
[2026-09-02T07:56:26.414Z] [debug] A matter read failed: Error: Durable Object reset because its code was updated.
    at sE.evaluateImpl (https://ocios.app/assets/index-BXKxnkrd.js:10:143136)
    at sE.evaluateWithDepth (https://ocios.app/assets/index-BXKxnkrd.js:10:140846)
    at sE.evaluate (https://ocios.app/assets/index-BXKxnkrd.js:10:140729)
    at AP.readLoop (https://ocios.app/assets/index-BXKxnkrd.js:10:158799)
[2026-09-02T07:56:26.453Z] [debug] A matter read failed: Error: Durable Object reset because its code was updated.
    at sE.evaluateImpl (https://ocios.app/assets/index-BXKxnkrd.js:10:143136)
    at sE.evaluateWithDepth (https://ocios.app/assets/index-BXKxnkrd.js:10:140846)
    at sE.evaluate (https://ocios.app/assets/index-BXKxnkrd.js:10:140729)
    at AP.readLoop (https://ocios.app/assets/index-BXKxnkrd.js:10:158799)
[2026-09-02T07:56:26.533Z] [debug] Failed to enable the matter wake hook: Error: Durable Object reset because its code was updated.
    at sE.evaluateImpl (https://ocios.app/assets/index-BXKxnkrd.js:10:143136)
    at sE.evaluateWithDepth (https://ocios.app/assets/index-BXKxnkrd.js:10:140846)
    at sE.evaluate (https://ocios.app/assets/index-BXKxnkrd.js:10:140729)
    at AP.readLoop (https://ocios.app/assets/index-BXKxnkrd.js:10:158799)
[2026-09-02T07:56:31.414Z] [debug] A matter read failed: Error: Durable Object reset because its code was updated.
    at sE.evaluateImpl (https://ocios.app/assets/index-BXKxnkrd.js:10:143136)
    at sE.evaluateWithDepth (https://ocios.app/assets/index-BXKxnkrd.js:10:140846)
    at sE.evaluate (https://ocios.app/assets/index-BXKxnkrd.js:10:140729)
    at AP.readLoop (https://ocios.app/assets/index-BXKxnkrd.js:10:158799)
[2026-09-02T07:56:36.461Z] [debug] A matter read failed: Error: Durable Object reset because its code was updated.
    at sE.evaluateImpl (https://ocios.app/assets/index-BXKxnkrd.js:10:143136)
    at sE.evaluateWithDepth (https://ocios.app/assets/index-BXKxnkrd.js:10:140846)
    at sE.evaluate (https://ocios.app/assets/index-BXKxnkrd.js:10:140729)
    at AP.readLoop (https://ocios.app/assets/index-BXKxnkrd.js:10:158799)
[2026-09-02T07:56:41.414Z] [debug] A matter read failed: Error: Durable Object reset because its code was updated.
    at sE.evaluateImpl (https://ocios.app/assets/index-BXKxnkrd.js:10:143136)
    at sE.evaluateWithDepth (https://ocios.app/assets/index-BXKxnkrd.js:10:140846)
    at sE.evaluate (https://ocios.app/assets/index-BXKxnkrd.js:10:140729)
    at AP.readLoop (https://ocios.app/assets/index-BXKxnkrd.js:10:158799)
[2026-09-02T07:56:41.455Z] [debug] A matter read failed: Error: Durable Object reset because its code was updated.
    at sE.evaluateImpl (https://ocios.app/assets/index-BXKxnkrd.js:10:143136)
    at sE.evaluateWithDepth (https://ocios.app/assets/index-BXKxnkrd.js:10:140846)
    at sE.evaluate (https://ocios.app/assets/index-BXKxnkrd.js:10:140729)
    at AP.readLoop (https://ocios.app/assets/index-BXKxnkrd.js:10:158799)
[2026-09-02T07:56:41.569Z] [debug] Failed to enable the matter wake hook: Error: Durable Object reset because its code was updated.
    at sE.evaluateImpl (https://ocios.app/assets/index-BXKxnkrd.js:10:143136)
    at sE.evaluateWithDepth (https://ocios.app/assets/index-BXKxnkrd.js:10:140846)
    at sE.evaluate (https://ocios.app/assets/index-BXKxnkrd.js:10:140729)
    at AP.readLoop (https://ocios.app/assets/index-BXKxnkrd.js:10:158799)
[2026-09-02T07:56:46.417Z] [debug] A matter read failed: Error: Durable Object reset because its code was updated.
    at sE.evaluateImpl (https://ocios.app/assets/index-BXKxnkrd.js:10:143136)
    at sE.evaluateWithDepth (https://ocios.app/assets/index-BXKxnkrd.js:10:140846)
    at sE.evaluate (https://ocios.app/assets/index-BXKxnkrd.js:10:140729)
    at AP.readLoop (https://ocios.app/assets/index-BXKxnkrd.js:10:158799)
[2026-09-02T07:56:51.417Z] [debug] A matter read failed: Error: Durable Object reset because its code was updated.
    at sE.evaluateImpl (https://ocios.app/assets/index-BXKxnkrd.js:10:143136)
    at sE.evaluateWithDepth (https://ocios.app/assets/index-BXKxnkrd.js:10:140846)
    at sE.evaluate (https://ocios.app/assets/index-BXKxnkrd.js:10:140729)
    at AP.readLoop (https://ocios.app/assets/index-BXKxnkrd.js:10:158799)
[2026-09-02T07:56:56.409Z] [debug] A matter read failed: Error: Durable Object reset because its code was updated.
    at sE.evaluateImpl (https://ocios.app/assets/index-BXKxnkrd.js:10:143136)
    at sE.evaluateWithDepth (https://ocios.app/assets/index-BXKxnkrd.js:10:140846)
    at sE.evaluate (https://ocios.app/assets/index-BXKxnkrd.js:10:140729)
    at AP.readLoop (https://ocios.app/assets/index-BXKxnkrd.js:10:158799)
[2026-09-02T07:56:56.451Z] [debug] A matter read failed: Error: Durable Object reset because its code was updated.
    at sE.evaluateImpl (https://ocios.app/assets/index-BXKxnkrd.js:10:143136)
    at sE.evaluateWithDepth (https://ocios.app/assets/index-BXKxnkrd.js:10:140846)
    at sE.evaluate (https://ocios.app/assets/index-BXKxnkrd.js:10:140729)
    at AP.readLoop (https://ocios.app/assets/index-BXKxnkrd.js:10:158799)
[2026-09-02T07:56:56.532Z] [debug] Failed to enable the matter wake hook: Error: Durable Object reset because its code was updated.
    at sE.evaluateImpl (https://ocios.app/assets/index-BXKxnkrd.js:10:143136)
    at sE.evaluateWithDepth (https://ocios.app/assets/index-BXKxnkrd.js:10:140846)
    at sE.evaluate (https://ocios.app/assets/index-BXKxnkrd.js:10:140729)
    at AP.readLoop (https://ocios.app/assets/index-BXKxnkrd.js:10:158799)
[2026-09-02T07:57:01.543Z] [debug] A matter read failed: Error: Durable Object reset because its code was updated.
    at sE.evaluateImpl (https://ocios.app/assets/index-BXKxnkrd.js:10:143136)
    at sE.evaluateWithDepth (https://ocios.app/assets/index-BXKxnkrd.js:10:140846)
    at sE.evaluate (https://ocios.app/assets/index-BXKxnkrd.js:10:140729)
    at AP.readLoop (https://ocios.app/assets/index-BXKxnkrd.js:10:158799)
[2026-09-02T07:57:06.418Z] [debug] A matter read failed: Error: Durable Object reset because its code was updated.
    at sE.evaluateImpl (https://ocios.app/assets/index-BXKxnkrd.js:10:143136)
    at sE.evaluateWithDepth (https://ocios.app/assets/index-BXKxnkrd.js:10:140846)
    at sE.evaluate (https://ocios.app/assets/index-BXKxnkrd.js:10:140729)
    at AP.readLoop (https://ocios.app/assets/index-BXKxnkrd.js:10:158799)
[2026-09-02T07:57:11.454Z] [debug] A matter read failed: Error: Durable Object reset because its code was updated.
    at sE.evaluateImpl (https://ocios.app/assets/index-BXKxnkrd.js:10:143136)
    at sE.evaluateWithDepth (https://ocios.app/assets/index-BXKxnkrd.js:10:140846)
    at sE.evaluate (https://ocios.app/assets/index-BXKxnkrd.js:10:140729)
    at AP.readLoop (https://ocios.app/assets/index-BXKxnkrd.js:10:158799)
[2026-09-02T07:57:11.454Z] [debug] A matter read failed: Error: Durable Object reset because its code was updated.
    at sE.evaluateImpl (https://ocios.app/assets/index-BXKxnkrd.js:10:143136)
    at sE.evaluateWithDepth (https://ocios.app/assets/index-BXKxnkrd.js:10:140846)
    at sE.evaluate (https://ocios.app/assets/index-BXKxnkrd.js:10:140729)
    at AP.readLoop (https://ocios.app/assets/index-BXKxnkrd.js:10:158799)
[2026-09-02T07:57:11.533Z] [debug] Failed to enable the matter wake hook: Error: Durable Object reset because its code was updated.
    at sE.evaluateImpl (https://ocios.app/assets/index-BXKxnkrd.js:10:143136)
    at sE.evaluateWithDepth (https://ocios.app/assets/index-BXKxnkrd.js:10:140846)
    at sE.evaluate (https://ocios.app/assets/index-BXKxnkrd.js:10:140729)
    at AP.readLoop (https://ocios.app/assets/index-BXKxnkrd.js:10:158799)
[2026-09-02T07:57:16.417Z] [debug] A matter read failed: Error: Durable Object reset because its code was updated.
    at sE.evaluateImpl (https://ocios.app/assets/index-BXKxnkrd.js:10:143136)
    at sE.evaluateWithDepth (https://ocios.app/assets/index-BXKxnkrd.js:10:140846)
    at sE.evaluate (https://ocios.app/assets/index-BXKxnkrd.js:10:140729)
    at AP.readLoop (https://ocios.app/assets/index-BXKxnkrd.js:10:158799)
[2026-09-02T07:57:21.422Z] [debug] A matter read failed: Error: Durable Object reset because its code was updated.
    at sE.evaluateImpl (https://ocios.app/assets/index-BXKxnkrd.js:10:143136)
    at sE.evaluateWithDepth (https://ocios.app/assets/index-BXKxnkrd.js:10:140846)
    at sE.evaluate (https://ocios.app/assets/index-BXKxnkrd.js:10:140729)
    at AP.readLoop (https://ocios.app/assets/index-BXKxnkrd.js:10:158799)
[2026-09-02T07:57:26.422Z] [debug] A matter read failed: Error: Durable Object reset because its code was updated.
    at sE.evaluateImpl (https://ocios.app/assets/index-BXKxnkrd.js:10:143136)
    at sE.evaluateWithDepth (https://ocios.app/assets/index-BXKxnkrd.js:10:140846)
    at sE.evaluate (https://ocios.app/assets/index-BXKxnkrd.js:10:140729)
    at AP.readLoop (https://ocios.app/assets/index-BXKxnkrd.js:10:158799)
[2026-09-02T07:57:26.454Z] [debug] A matter read failed: Error: Durable Object reset because its code was updated.
    at sE.evaluateImpl (https://ocios.app/assets/index-BXKxnkrd.js:10:143136)
    at sE.evaluateWithDepth (https://ocios.app/assets/index-BXKxnkrd.js:10:140846)
    at sE.evaluate (https://ocios.app/assets/index-BXKxnkrd.js:10:140729)
    at AP.readLoop (https://ocios.app/assets/index-BXKxnkrd.js:10:158799)
[2026-09-02T07:57:26.534Z] [debug] Failed to enable the matter wake hook: Error: Durable Object reset because its code was updated.
    at sE.evaluateImpl (https://ocios.app/assets/index-BXKxnkrd.js:10:143136)
    at sE.evaluateWithDepth (https://ocios.app/assets/index-BXKxnkrd.js:10:140846)
    at sE.evaluate (https://ocios.app/assets/index-BXKxnkrd.js:10:140729)
    at AP.readLoop (https://ocios.app/assets/index-BXKxnkrd.js:10:158799)
[2026-09-02T07:57:31.415Z] [debug] A matter read failed: Error: Durable Object reset because its code was updated.
    at sE.evaluateImpl (https://ocios.app/assets/index-BXKxnkrd.js:10:143136)
    at sE.evaluateWithDepth (https://ocios.app/assets/index-BXKxnkrd.js:10:140846)
    at sE.evaluate (https://ocios.app/assets/index-BXKxnkrd.js:10:140729)
    at AP.readLoop (https://ocios.app/assets/index-BXKxnkrd.js:10:158799)
[2026-09-02T07:57:36.416Z] [debug] A matter read failed: Error: Durable Object reset because its code was updated.
    at sE.evaluateImpl (https://ocios.app/assets/index-BXKxnkrd.js:10:143136)
    at sE.evaluateWithDepth (https://ocios.app/assets/index-BXKxnkrd.js:10:140846)
    at sE.evaluate (https://ocios.app/assets/index-BXKxnkrd.js:10:140729)
    at AP.readLoop (https://ocios.app/assets/index-BXKxnkrd.js:10:158799)
[2026-09-02T07:57:41.420Z] [debug] A matter read failed: Error: Durable Object reset because its code was updated.
    at sE.evaluateImpl (https://ocios.app/assets/index-BXKxnkrd.js:10:143136)
    at sE.evaluateWithDepth (https://ocios.app/assets/index-BXKxnkrd.js:10:140846)
    at sE.evaluate (https://ocios.app/assets/index-BXKxnkrd.js:10:140729)
    at AP.readLoop (https://ocios.app/assets/index-BXKxnkrd.js:10:158799)
[2026-09-02T07:57:41.454Z] [debug] A matter read failed: Error: Durable Object reset because its code was updated.
    at sE.evaluateImpl (https://ocios.app/assets/index-BXKxnkrd.js:10:143136)
    at sE.evaluateWithDepth (https://ocios.app/assets/index-BXKxnkrd.js:10:140846)
    at sE.evaluate (https://ocios.app/assets/index-BXKxnkrd.js:10:140729)
    at AP.readLoop (https://ocios.app/assets/index-BXKxnkrd.js:10:158799)
[2026-09-02T07:57:41.532Z] [debug] Failed to enable the matter wake hook: Error: Durable Object reset because its code was updated.
    at sE.evaluateImpl (https://ocios.app/assets/index-BXKxnkrd.js:10:143136)
    at sE.evaluateWithDepth (https://ocios.app/assets/index-BXKxnkrd.js:10:140846)
    at sE.evaluate (https://ocios.app/assets/index-BXKxnkrd.js:10:140729)
    at AP.readLoop (https://ocios.app/assets/index-BXKxnkrd.js:10:158799)
[2026-09-02T07:57:46.418Z] [debug] A matter read failed: Error: Durable Object reset because its code was updated.
    at sE.evaluateImpl (https://ocios.app/assets/index-BXKxnkrd.js:10:143136)
    at sE.evaluateWithDepth (https://ocios.app/assets/index-BXKxnkrd.js:10:140846)
    at sE.evaluate (https://ocios.app/assets/index-BXKxnkrd.js:10:140729)
    at AP.readLoop (https://ocios.app/assets/index-BXKxnkrd.js:10:158799)
[2026-09-02T07:57:51.412Z] [debug] A matter read failed: Error: Durable Object reset because its code was updated.
    at sE.evaluateImpl (https://ocios.app/assets/index-BXKxnkrd.js:10:143136)
    at sE.evaluateWithDepth (https://ocios.app/assets/index-BXKxnkrd.js:10:140846)
    at sE.evaluate (https://ocios.app/assets/index-BXKxnkrd.js:10:140729)
    at AP.readLoop (https://ocios.app/assets/index-BXKxnkrd.js:10:158799)
[2026-09-02T07:57:56.410Z] [debug] A matter read failed: Error: Durable Object reset because its code was updated.
    at sE.evaluateImpl (https://ocios.app/assets/index-BXKxnkrd.js:10:143136)
    at sE.evaluateWithDepth (https://ocios.app/assets/index-BXKxnkrd.js:10:140846)
    at sE.evaluate (https://ocios.app/assets/index-BXKxnkrd.js:10:140729)
    at AP.readLoop (https://ocios.app/assets/index-BXKxnkrd.js:10:158799)
[2026-09-02T07:57:56.520Z] [debug] A matter read failed: Error: Durable Object reset because its code was updated.
    at sE.evaluateImpl (https://ocios.app/assets/index-BXKxnkrd.js:10:143136)
    at sE.evaluateWithDepth (https://ocios.app/assets/index-BXKxnkrd.js:10:140846)
    at sE.evaluate (https://ocios.app/assets/index-BXKxnkrd.js:10:140729)
    at AP.readLoop (https://ocios.app/assets/index-BXKxnkrd.js:10:158799)
[2026-09-02T07:57:56.545Z] [debug] Failed to enable the matter wake hook: Error: Durable Object reset because its code was updated.
    at sE.evaluateImpl (https://ocios.app/assets/index-BXKxnkrd.js:10:143136)
    at sE.evaluateWithDepth (https://ocios.app/assets/index-BXKxnkrd.js:10:140846)
    at sE.evaluate (https://ocios.app/assets/index-BXKxnkrd.js:10:140729)
    at AP.readLoop (https://ocios.app/assets/index-BXKxnkrd.js:10:158799)
[2026-09-02T07:58:01.451Z] [debug] A matter read failed: Error: Durable Object reset because its code was updated.
    at sE.evaluateImpl (https://ocios.app/assets/index-BXKxnkrd.js:10:143136)
    at sE.evaluateWithDepth (https://ocios.app/assets/index-BXKxnkrd.js:10:140846)
    at sE.evaluate (https://ocios.app/assets/index-BXKxnkrd.js:10:140729)
    at AP.readLoop (https://ocios.app/assets/index-BXKxnkrd.js:10:158799)
[2026-09-02T07:58:06.481Z] [debug] A matter read failed: Error: Durable Object reset because its code was updated.
    at sE.evaluateImpl (https://ocios.app/assets/index-BXKxnkrd.js:10:143136)
    at sE.evaluateWithDepth (https://ocios.app/assets/index-BXKxnkrd.js:10:140846)
    at sE.evaluate (https://ocios.app/assets/index-BXKxnkrd.js:10:140729)
    at AP.readLoop (https://ocios.app/assets/index-BXKxnkrd.js:10:158799)
[2026-09-02T07:58:11.419Z] [debug] A matter read failed: Error: Durable Object reset because its code was updated.
    at sE.evaluateImpl (https://ocios.app/assets/index-BXKxnkrd.js:10:143136)
    at sE.evaluateWithDepth (https://ocios.app/assets/index-BXKxnkrd.js:10:140846)
    at sE.evaluate (https://ocios.app/assets/index-BXKxnkrd.js:10:140729)
    at AP.readLoop (https://ocios.app/assets/index-BXKxnkrd.js:10:158799)
[2026-09-02T07:58:11.453Z] [debug] A matter read failed: Error: Durable Object reset because its code was updated.
    at sE.evaluateImpl (https://ocios.app/assets/index-BXKxnkrd.js:10:143136)
    at sE.evaluateWithDepth (https://ocios.app/assets/index-BXKxnkrd.js:10:140846)
    at sE.evaluate (https://ocios.app/assets/index-BXKxnkrd.js:10:140729)
    at AP.readLoop (https://ocios.app/assets/index-BXKxnkrd.js:10:158799)
[2026-09-02T07:58:11.534Z] [debug] Failed to enable the matter wake hook: Error: Durable Object reset because its code was updated.
    at sE.evaluateImpl (https://ocios.app/assets/index-BXKxnkrd.js:10:143136)
    at sE.evaluateWithDepth (https://ocios.app/assets/index-BXKxnkrd.js:10:140846)
    at sE.evaluate (https://ocios.app/assets/index-BXKxnkrd.js:10:140729)
    at AP.readLoop (https://ocios.app/assets/index-BXKxnkrd.js:10:158799)
[2026-09-02T07:58:16.469Z] [debug] A matter read failed: Error: Durable Object reset because its code was updated.
    at sE.evaluateImpl (https://ocios.app/assets/index-BXKxnkrd.js:10:143136)
    at sE.evaluateWithDepth (https://ocios.app/assets/index-BXKxnkrd.js:10:140846)
    at sE.evaluate (https://ocios.app/assets/index-BXKxnkrd.js:10:140729)
    at AP.readLoop (https://ocios.app/assets/index-BXKxnkrd.js:10:158799)
[2026-09-02T07:58:21.460Z] [debug] A matter read failed: Error: Durable Object reset because its code was updated.
    at sE.evaluateImpl (https://ocios.app/assets/index-BXKxnkrd.js:10:143136)
    at sE.evaluateWithDepth (https://ocios.app/assets/index-BXKxnkrd.js:10:140846)
    at sE.evaluate (https://ocios.app/assets/index-BXKxnkrd.js:10:140729)
    at AP.readLoop (https://ocios.app/assets/index-BXKxnkrd.js:10:158799)
[2026-09-02T07:58:26.425Z] [debug] A matter read failed: Error: Durable Object reset because its code was updated.
    at sE.evaluateImpl (https://ocios.app/assets/index-BXKxnkrd.js:10:143136)
    at sE.evaluateWithDepth (https://ocios.app/assets/index-BXKxnkrd.js:10:140846)
    at sE.evaluate (https://ocios.app/assets/index-BXKxnkrd.js:10:140729)
    at AP.readLoop (https://ocios.app/assets/index-BXKxnkrd.js:10:158799)
[2026-09-02T07:58:26.451Z] [debug] A matter read failed: Error: Durable Object reset because its code was updated.
    at sE.evaluateImpl (https://ocios.app/assets/index-BXKxnkrd.js:10:143136)
    at sE.evaluateWithDepth (https://ocios.app/assets/index-BXKxnkrd.js:10:140846)
    at sE.evaluate (https://ocios.app/assets/index-BXKxnkrd.js:10:140729)
    at AP.readLoop (https://ocios.app/assets/index-BXKxnkrd.js:10:158799)
[2026-09-02T07:58:26.534Z] [debug] Failed to enable the matter wake hook: Error: Durable Object reset because its code was updated.
    at sE.evaluateImpl (https://ocios.app/assets/index-BXKxnkrd.js:10:143136)
    at sE.evaluateWithDepth (https://ocios.app/assets/index-BXKxnkrd.js:10:140846)
    at sE.evaluate (https://ocios.app/assets/index-BXKxnkrd.js:10:140729)
    at AP.readLoop (https://ocios.app/assets/index-BXKxnkrd.js:10:158799)
[2026-09-02T07:58:31.411Z] [debug] A matter read failed: Error: Durable Object reset because its code was updated.
    at sE.evaluateImpl (https://ocios.app/assets/index-BXKxnkrd.js:10:143136)
    at sE.evaluateWithDepth (https://ocios.app/assets/index-BXKxnkrd.js:10:140846)
    at sE.evaluate (https://ocios.app/assets/index-BXKxnkrd.js:10:140729)
    at AP.readLoop (https://ocios.app/assets/index-BXKxnkrd.js:10:158799)
[2026-09-02T07:58:36.421Z] [debug] A matter read failed: Error: Durable Object reset because its code was updated.
    at sE.evaluateImpl (https://ocios.app/assets/index-BXKxnkrd.js:10:143136)
    at sE.evaluateWithDepth (https://ocios.app/assets/index-BXKxnkrd.js:10:140846)
    at sE.evaluate (https://ocios.app/assets/index-BXKxnkrd.js:10:140729)
    at AP.readLoop (https://ocios.app/assets/index-BXKxnkrd.js:10:158799)
[2026-09-02T07:58:41.415Z] [debug] A matter read failed: Error: Durable Object reset because its code was updated.
    at sE.evaluateImpl (https://ocios.app/assets/index-BXKxnkrd.js:10:143136)
    at sE.evaluateWithDepth (https://ocios.app/assets/index-BXKxnkrd.js:10:140846)
    at sE.evaluate (https://ocios.app/assets/index-BXKxnkrd.js:10:140729)
    at AP.readLoop (https://ocios.app/assets/index-BXKxnkrd.js:10:158799)
[2026-09-02T07:58:41.455Z] [debug] A matter read failed: Error: Durable Object reset because its code was updated.
    at sE.evaluateImpl (https://ocios.app/assets/index-BXKxnkrd.js:10:143136)
    at sE.evaluateWithDepth (https://ocios.app/assets/index-BXKxnkrd.js:10:140846)
    at sE.evaluate (https://ocios.app/assets/index-BXKxnkrd.js:10:140729)
    at AP.readLoop (https://ocios.app/assets/index-BXKxnkrd.js:10:158799)
[2026-09-02T07:58:41.609Z] [debug] Failed to enable the matter wake hook: Error: Durable Object reset because its code was updated.
    at sE.evaluateImpl (https://ocios.app/assets/index-BXKxnkrd.js:10:143136)
    at sE.evaluateWithDepth (https://ocios.app/assets/index-BXKxnkrd.js:10:140846)
    at sE.evaluate (https://ocios.app/assets/index-BXKxnkrd.js:10:140729)
    at AP.readLoop (https://ocios.app/assets/index-BXKxnkrd.js:10:158799)
[2026-09-02T07:58:46.422Z] [debug] A matter read failed: Error: Durable Object reset because its code was updated.
    at sE.evaluateImpl (https://ocios.app/assets/index-BXKxnkrd.js:10:143136)
    at sE.evaluateWithDepth (https://ocios.app/assets/index-BXKxnkrd.js:10:140846)
    at sE.evaluate (https://ocios.app/assets/index-BXKxnkrd.js:10:140729)
    at AP.readLoop (https://ocios.app/assets/index-BXKxnkrd.js:10:158799)
[2026-09-02T07:58:51.419Z] [debug] A matter read failed: Error: Durable Object reset because its code was updated.
    at sE.evaluateImpl (https://ocios.app/assets/index-BXKxnkrd.js:10:143136)
    at sE.evaluateWithDepth (https://ocios.app/assets/index-BXKxnkrd.js:10:140846)
    at sE.evaluate (https://ocios.app/assets/index-BXKxnkrd.js:10:140729)
    at AP.readLoop (https://ocios.app/assets/index-BXKxnkrd.js:10:158799)
[2026-09-02T07:58:56.409Z] [debug] A matter read failed: Error: Durable Object reset because its code was updated.
    at sE.evaluateImpl (https://ocios.app/assets/index-BXKxnkrd.js:10:143136)
    at sE.evaluateWithDepth (https://ocios.app/assets/index-BXKxnkrd.js:10:140846)
    at sE.evaluate (https://ocios.app/assets/index-BXKxnkrd.js:10:140729)
    at AP.readLoop (https://ocios.app/assets/index-BXKxnkrd.js:10:158799)
[2026-09-02T07:58:56.453Z] [debug] A matter read failed: Error: Durable Object reset because its code was updated.
    at sE.evaluateImpl (https://ocios.app/assets/index-BXKxnkrd.js:10:143136)
    at sE.evaluateWithDepth (https://ocios.app/assets/index-BXKxnkrd.js:10:140846)
    at sE.evaluate (https://ocios.app/assets/index-BXKxnkrd.js:10:140729)
    at AP.readLoop (https://ocios.app/assets/index-BXKxnkrd.js:10:158799)
[2026-09-02T07:58:56.533Z] [debug] Failed to enable the matter wake hook: Error: Durable Object reset because its code was updated.
    at sE.evaluateImpl (https://ocios.app/assets/index-BXKxnkrd.js:10:143136)
    at sE.evaluateWithDepth (https://ocios.app/assets/index-BXKxnkrd.js:10:140846)
    at sE.evaluate (https://ocios.app/assets/index-BXKxnkrd.js:10:140729)
    at AP.readLoop (https://ocios.app/assets/index-BXKxnkrd.js:10:158799)
[2026-09-02T07:59:01.417Z] [debug] A matter read failed: Error: Durable Object reset because its code was updated.
    at sE.evaluateImpl (https://ocios.app/assets/index-BXKxnkrd.js:10:143136)
    at sE.evaluateWithDepth (https://ocios.app/assets/index-BXKxnkrd.js:10:140846)
    at sE.evaluate (https://ocios.app/assets/index-BXKxnkrd.js:10:140729)
    at AP.readLoop (https://ocios.app/assets/index-BXKxnkrd.js:10:158799)
[2026-09-02T07:59:06.420Z] [debug] A matter read failed: Error: Durable Object reset because its code was updated.
    at sE.evaluateImpl (https://ocios.app/assets/index-BXKxnkrd.js:10:143136)
    at sE.evaluateWithDepth (https://ocios.app/assets/index-BXKxnkrd.js:10:140846)
    at sE.evaluate (https://ocios.app/assets/index-BXKxnkrd.js:10:140729)
    at AP.readLoop (https://ocios.app/assets/index-BXKxnkrd.js:10:158799)
[2026-09-02T07:59:11.415Z] [debug] A matter read failed: Error: Durable Object reset because its code was updated.
    at sE.evaluateImpl (https://ocios.app/assets/index-BXKxnkrd.js:10:143136)
    at sE.evaluateWithDepth (https://ocios.app/assets/index-BXKxnkrd.js:10:140846)
    at sE.evaluate (https://ocios.app/assets/index-BXKxnkrd.js:10:140729)
    at AP.readLoop (https://ocios.app/assets/index-BXKxnkrd.js:10:158799)
[2026-09-02T07:59:11.514Z] [debug] A matter read failed: Error: Durable Object reset because its code was updated.
    at sE.evaluateImpl (https://ocios.app/assets/index-BXKxnkrd.js:10:143136)
    at sE.evaluateWithDepth (https://ocios.app/assets/index-BXKxnkrd.js:10:140846)
    at sE.evaluate (https://ocios.app/assets/index-BXKxnkrd.js:10:140729)
    at AP.readLoop (https://ocios.app/assets/index-BXKxnkrd.js:10:158799)
[2026-09-02T07:59:11.531Z] [debug] Failed to enable the matter wake hook: Error: Durable Object reset because its code was updated.
    at sE.evaluateImpl (https://ocios.app/assets/index-BXKxnkrd.js:10:143136)
    at sE.evaluateWithDepth (https://ocios.app/assets/index-BXKxnkrd.js:10:140846)
    at sE.evaluate (https://ocios.app/assets/index-BXKxnkrd.js:10:140729)
    at AP.readLoop (https://ocios.app/assets/index-BXKxnkrd.js:10:158799)
[2026-09-02T07:59:16.422Z] [debug] A matter read failed: Error: Durable Object reset because its code was updated.
    at sE.evaluateImpl (https://ocios.app/assets/index-BXKxnkrd.js:10:143136)
    at sE.evaluateWithDepth (https://ocios.app/assets/index-BXKxnkrd.js:10:140846)
    at sE.evaluate (https://ocios.app/assets/index-BXKxnkrd.js:10:140729)
    at AP.readLoop (https://ocios.app/assets/index-BXKxnkrd.js:10:158799)
[2026-09-02T07:59:21.518Z] [debug] A matter read failed: Error: Durable Object reset because its code was updated.
    at sE.evaluateImpl (https://ocios.app/assets/index-BXKxnkrd.js:10:143136)
    at sE.evaluateWithDepth (https://ocios.app/assets/index-BXKxnkrd.js:10:140846)
    at sE.evaluate (https://ocios.app/assets/index-BXKxnkrd.js:10:140729)
    at AP.readLoop (https://ocios.app/assets/index-BXKxnkrd.js:10:158799)
[2026-09-02T07:59:26.420Z] [debug] A matter read failed: Error: Durable Object reset because its code was updated.
    at sE.evaluateImpl (https://ocios.app/assets/index-BXKxnkrd.js:10:143136)
    at sE.evaluateWithDepth (https://ocios.app/assets/index-BXKxnkrd.js:10:140846)
    at sE.evaluate (https://ocios.app/assets/index-BXKxnkrd.js:10:140729)
    at AP.readLoop (https://ocios.app/assets/index-BXKxnkrd.js:10:158799)
[2026-09-02T07:59:26.455Z] [debug] A matter read failed: Error: Durable Object reset because its code was updated.
    at sE.evaluateImpl (https://ocios.app/assets/index-BXKxnkrd.js:10:143136)
    at sE.evaluateWithDepth (https://ocios.app/assets/index-BXKxnkrd.js:10:140846)
    at sE.evaluate (https://ocios.app/assets/index-BXKxnkrd.js:10:140729)
    at AP.readLoop (https://ocios.app/assets/index-BXKxnkrd.js:10:158799)
[2026-09-02T07:59:26.531Z] [debug] Failed to enable the matter wake hook: Error: Durable Object reset because its code was updated.
    at sE.evaluateImpl (https://ocios.app/assets/index-BXKxnkrd.js:10:143136)
    at sE.evaluateWithDepth (https://ocios.app/assets/index-BXKxnkrd.js:10:140846)
    at sE.evaluate (https://ocios.app/assets/index-BXKxnkrd.js:10:140729)
    at AP.readLoop (https://ocios.app/assets/index-BXKxnkrd.js:10:158799)
[2026-09-02T07:59:31.440Z] [debug] A matter read failed: Error: Durable Object reset because its code was updated.
    at sE.evaluateImpl (https://ocios.app/assets/index-BXKxnkrd.js:10:143136)
    at sE.evaluateWithDepth (https://ocios.app/assets/index-BXKxnkrd.js:10:140846)
    at sE.evaluate (https://ocios.app/assets/index-BXKxnkrd.js:10:140729)
    at AP.readLoop (https://ocios.app/assets/index-BXKxnkrd.js:10:158799)
[2026-09-02T07:59:36.416Z] [debug] A matter read failed: Error: Durable Object reset because its code was updated.
    at sE.evaluateImpl (https://ocios.app/assets/index-BXKxnkrd.js:10:143136)
    at sE.evaluateWithDepth (https://ocios.app/assets/index-BXKxnkrd.js:10:140846)
    at sE.evaluate (https://ocios.app/assets/index-BXKxnkrd.js:10:140729)
    at AP.readLoop (https://ocios.app/assets/index-BXKxnkrd.js:10:158799)
[2026-09-02T07:59:41.457Z] [debug] A matter read failed: Error: Durable Object reset because its code was updated.
    at sE.evaluateImpl (https://ocios.app/assets/index-BXKxnkrd.js:10:143136)
    at sE.evaluateWithDepth (https://ocios.app/assets/index-BXKxnkrd.js:10:140846)
    at sE.evaluate (https://ocios.app/assets/index-BXKxnkrd.js:10:140729)
    at AP.readLoop (https://ocios.app/assets/index-BXKxnkrd.js:10:158799)
[2026-09-02T07:59:41.458Z] [debug] A matter read failed: Error: Durable Object reset because its code was updated.
    at sE.evaluateImpl (https://ocios.app/assets/index-BXKxnkrd.js:10:143136)
    at sE.evaluateWithDepth (https://ocios.app/assets/index-BXKxnkrd.js:10:140846)
    at sE.evaluate (https://ocios.app/assets/index-BXKxnkrd.js:10:140729)
    at AP.readLoop (https://ocios.app/assets/index-BXKxnkrd.js:10:158799)
[2026-09-02T07:59:41.534Z] [debug] Failed to enable the matter wake hook: Error: Durable Object reset because its code was updated.
    at sE.evaluateImpl (https://ocios.app/assets/index-BXKxnkrd.js:10:143136)
    at sE.evaluateWithDepth (https://ocios.app/assets/index-BXKxnkrd.js:10:140846)
    at sE.evaluate (https://ocios.app/assets/index-BXKxnkrd.js:10:140729)
    at AP.readLoop (https://ocios.app/assets/index-BXKxnkrd.js:10:158799)
[2026-09-02T07:59:46.420Z] [debug] A matter read failed: Error: Durable Object reset because its code was updated.
    at sE.evaluateImpl (https://ocios.app/assets/index-BXKxnkrd.js:10:143136)
    at sE.evaluateWithDepth (https://ocios.app/assets/index-BXKxnkrd.js:10:140846)
    at sE.evaluate (https://ocios.app/assets/index-BXKxnkrd.js:10:140729)
    at AP.readLoop (https://ocios.app/assets/index-BXKxnkrd.js:10:158799)
[2026-09-02T07:59:51.459Z] [debug] A matter read failed: Error: Durable Object reset because its code was updated.
    at sE.evaluateImpl (https://ocios.app/assets/index-BXKxnkrd.js:10:143136)
    at sE.evaluateWithDepth (https://ocios.app/assets/index-BXKxnkrd.js:10:140846)
    at sE.evaluate (https://ocios.app/assets/index-BXKxnkrd.js:10:140729)
    at AP.readLoop (https://ocios.app/assets/index-BXKxnkrd.js:10:158799)
[2026-09-02T07:59:56.413Z] [debug] A matter read failed: Error: Durable Object reset because its code was updated.
    at sE.evaluateImpl (https://ocios.app/assets/index-BXKxnkrd.js:10:143136)
    at sE.evaluateWithDepth (https://ocios.app/assets/index-BXKxnkrd.js:10:140846)
    at sE.evaluate (https://ocios.app/assets/index-BXKxnkrd.js:10:140729)
    at AP.readLoop (https://ocios.app/assets/index-BXKxnkrd.js:10:158799)
[2026-09-02T07:59:56.453Z] [debug] A matter read failed: Error: Durable Object reset because its code was updated.
    at sE.evaluateImpl (https://ocios.app/assets/index-BXKxnkrd.js:10:143136)
    at sE.evaluateWithDepth (https://ocios.app/assets/index-BXKxnkrd.js:10:140846)
    at sE.evaluate (https://ocios.app/assets/index-BXKxnkrd.js:10:140729)
    at AP.readLoop (https://ocios.app/assets/index-BXKxnkrd.js:10:158799)
[2026-09-02T07:59:56.600Z] [debug] Failed to enable the matter wake hook: Error: Durable Object reset because its code was updated.
    at sE.evaluateImpl (https://ocios.app/assets/index-BXKxnkrd.js:10:143136)
    at sE.evaluateWithDepth (https://ocios.app/assets/index-BXKxnkrd.js:10:140846)
    at sE.evaluate (https://ocios.app/assets/index-BXKxnkrd.js:10:140729)
    at AP.readLoop (https://ocios.app/assets/index-BXKxnkrd.js:10:158799)
[2026-09-02T08:00:01.421Z] [debug] A matter read failed: Error: Durable Object reset because its code was updated.
    at sE.evaluateImpl (https://ocios.app/assets/index-BXKxnkrd.js:10:143136)
    at sE.evaluateWithDepth (https://ocios.app/assets/index-BXKxnkrd.js:10:140846)
    at sE.evaluate (https://ocios.app/assets/index-BXKxnkrd.js:10:140729)
    at AP.readLoop (https://ocios.app/assets/index-BXKxnkrd.js:10:158799)
[2026-09-02T08:00:06.413Z] [debug] A matter read failed: Error: Durable Object reset because its code was updated.
    at sE.evaluateImpl (https://ocios.app/assets/index-BXKxnkrd.js:10:143136)
    at sE.evaluateWithDepth (https://ocios.app/assets/index-BXKxnkrd.js:10:140846)
    at sE.evaluate (https://ocios.app/assets/index-BXKxnkrd.js:10:140729)
    at AP.readLoop (https://ocios.app/assets/index-BXKxnkrd.js:10:158799)
[2026-09-02T08:00:11.463Z] [debug] A matter read failed: Error: Durable Object reset because its code was updated.
    at sE.evaluateImpl (https://ocios.app/assets/index-BXKxnkrd.js:10:143136)
    at sE.evaluateWithDepth (https://ocios.app/assets/index-BXKxnkrd.js:10:140846)
    at sE.evaluate (https://ocios.app/assets/index-BXKxnkrd.js:10:140729)
    at AP.readLoop (https://ocios.app/assets/index-BXKxnkrd.js:10:158799)
[2026-09-02T08:00:11.463Z] [debug] A matter read failed: Error: Durable Object reset because its code was updated.
    at sE.evaluateImpl (https://ocios.app/assets/index-BXKxnkrd.js:10:143136)
    at sE.evaluateWithDepth (https://ocios.app/assets/index-BXKxnkrd.js:10:140846)
    at sE.evaluate (https://ocios.app/assets/index-BXKxnkrd.js:10:140729)
    at AP.readLoop (https://ocios.app/assets/index-BXKxnkrd.js:10:158799)
[2026-09-02T08:00:11.534Z] [debug] Failed to enable the matter wake hook: Error: Durable Object reset because its code was updated.
    at sE.evaluateImpl (https://ocios.app/assets/index-BXKxnkrd.js:10:143136)
    at sE.evaluateWithDepth (https://ocios.app/assets/index-BXKxnkrd.js:10:140846)
    at sE.evaluate (https://ocios.app/assets/index-BXKxnkrd.js:10:140729)
    at AP.readLoop (https://ocios.app/assets/index-BXKxnkrd.js:10:158799)
[2026-09-02T08:00:16.418Z] [debug] A matter read failed: Error: Durable Object reset because its code was updated.
    at sE.evaluateImpl (https://ocios.app/assets/index-BXKxnkrd.js:10:143136)
    at sE.evaluateWithDepth (https://ocios.app/assets/index-BXKxnkrd.js:10:140846)
    at sE.evaluate (https://ocios.app/assets/index-BXKxnkrd.js:10:140729)
    at AP.readLoop (https://ocios.app/assets/index-BXKxnkrd.js:10:158799)
[2026-09-02T08:00:21.421Z] [debug] A matter read failed: Error: Durable Object reset because its code was updated.
    at sE.evaluateImpl (https://ocios.app/assets/index-BXKxnkrd.js:10:143136)
    at sE.evaluateWithDepth (https://ocios.app/assets/index-BXKxnkrd.js:10:140846)
    at sE.evaluate (https://ocios.app/assets/index-BXKxnkrd.js:10:140729)
    at AP.readLoop (https://ocios.app/assets/index-BXKxnkrd.js:10:158799)
[2026-09-02T08:00:26.468Z] [debug] A matter read failed: Error: Durable Object reset because its code was updated.
    at sE.evaluateImpl (https://ocios.app/assets/index-BXKxnkrd.js:10:143136)
    at sE.evaluateWithDepth (https://ocios.app/assets/index-BXKxnkrd.js:10:140846)
    at sE.evaluate (https://ocios.app/assets/index-BXKxnkrd.js:10:140729)
    at AP.readLoop (https://ocios.app/assets/index-BXKxnkrd.js:10:158799)
[2026-09-02T08:00:26.490Z] [debug] A matter read failed: Error: Durable Object reset because its code was updated.
    at sE.evaluateImpl (https://ocios.app/assets/index-BXKxnkrd.js:10:143136)
    at sE.evaluateWithDepth (https://ocios.app/assets/index-BXKxnkrd.js:10:140846)
    at sE.evaluate (https://ocios.app/assets/index-BXKxnkrd.js:10:140729)
    at AP.readLoop (https://ocios.app/assets/index-BXKxnkrd.js:10:158799)
[2026-09-02T08:00:26.534Z] [debug] Failed to enable the matter wake hook: Error: Durable Object reset because its code was updated.
    at sE.evaluateImpl (https://ocios.app/assets/index-BXKxnkrd.js:10:143136)
    at sE.evaluateWithDepth (https://ocios.app/assets/index-BXKxnkrd.js:10:140846)
    at sE.evaluate (https://ocios.app/assets/index-BXKxnkrd.js:10:140729)
    at AP.readLoop (https://ocios.app/assets/index-BXKxnkrd.js:10:158799)
[2026-09-02T08:00:31.416Z] [debug] A matter read failed: Error: Durable Object reset because its code was updated.
    at sE.evaluateImpl (https://ocios.app/assets/index-BXKxnkrd.js:10:143136)
    at sE.evaluateWithDepth (https://ocios.app/assets/index-BXKxnkrd.js:10:140846)
    at sE.evaluate (https://ocios.app/assets/index-BXKxnkrd.js:10:140729)
    at AP.readLoop (https://ocios.app/assets/index-BXKxnkrd.js:10:158799)
[2026-09-02T08:00:36.494Z] [debug] A matter read failed: Error: Durable Object reset because its code was updated.
    at sE.evaluateImpl (https://ocios.app/assets/index-BXKxnkrd.js:10:143136)
    at sE.evaluateWithDepth (https://ocios.app/assets/index-BXKxnkrd.js:10:140846)
    at sE.evaluate (https://ocios.app/assets/index-BXKxnkrd.js:10:140729)
    at AP.readLoop (https://ocios.app/assets/index-BXKxnkrd.js:10:158799)
[2026-09-02T08:00:41.421Z] [debug] A matter read failed: Error: Durable Object reset because its code was updated.
    at sE.evaluateImpl (https://ocios.app/assets/index-BXKxnkrd.js:10:143136)
    at sE.evaluateWithDepth (https://ocios.app/assets/index-BXKxnkrd.js:10:140846)
    at sE.evaluate (https://ocios.app/assets/index-BXKxnkrd.js:10:140729)
    at AP.readLoop (https://ocios.app/assets/index-BXKxnkrd.js:10:158799)
[2026-09-02T08:00:41.453Z] [debug] A matter read failed: Error: Durable Object reset because its code was updated.
    at sE.evaluateImpl (https://ocios.app/assets/index-BXKxnkrd.js:10:143136)
    at sE.evaluateWithDepth (https://ocios.app/assets/index-BXKxnkrd.js:10:140846)
    at sE.evaluate (https://ocios.app/assets/index-BXKxnkrd.js:10:140729)
    at AP.readLoop (https://ocios.app/assets/index-BXKxnkrd.js:10:158799)
[2026-09-02T08:00:41.533Z] [debug] Failed to enable the matter wake hook: Error: Durable Object reset because its code was updated.
    at sE.evaluateImpl (https://ocios.app/assets/index-BXKxnkrd.js:10:143136)
    at sE.evaluateWithDepth (https://ocios.app/assets/index-BXKxnkrd.js:10:140846)
    at sE.evaluate (https://ocios.app/assets/index-BXKxnkrd.js:10:140729)
    at AP.readLoop (https://ocios.app/assets/index-BXKxnkrd.js:10:158799)
[2026-09-02T08:00:46.416Z] [debug] A matter read failed: Error: Durable Object reset because its code was updated.
    at sE.evaluateImpl (https://ocios.app/assets/index-BXKxnkrd.js:10:143136)
    at sE.evaluateWithDepth (https://ocios.app/assets/index-BXKxnkrd.js:10:140846)
    at sE.evaluate (https://ocios.app/assets/index-BXKxnkrd.js:10:140729)
    at AP.readLoop (https://ocios.app/assets/index-BXKxnkrd.js:10:158799)
[2026-09-02T08:00:51.418Z] [debug] A matter read failed: Error: Durable Object reset because its code was updated.
    at sE.evaluateImpl (https://ocios.app/assets/index-BXKxnkrd.js:10:143136)
    at sE.evaluateWithDepth (https://ocios.app/assets/index-BXKxnkrd.js:10:140846)
    at sE.evaluate (https://ocios.app/assets/index-BXKxnkrd.js:10:140729)
    at AP.readLoop (https://ocios.app/assets/index-BXKxnkrd.js:10:158799)
[2026-09-02T08:00:56.424Z] [debug] A matter read failed: Error: Durable Object reset because its code was updated.
    at sE.evaluateImpl (https://ocios.app/assets/index-BXKxnkrd.js:10:143136)
    at sE.evaluateWithDepth (https://ocios.app/assets/index-BXKxnkrd.js:10:140846)
    at sE.evaluate (https://ocios.app/assets/index-BXKxnkrd.js:10:140729)
    at AP.readLoop (https://ocios.app/assets/index-BXKxnkrd.js:10:158799)
[2026-09-02T08:00:56.453Z] [debug] A matter read failed: Error: Durable Object reset because its code was updated.
    at sE.evaluateImpl (https://ocios.app/assets/index-BXKxnkrd.js:10:143136)
    at sE.evaluateWithDepth (https://ocios.app/assets/index-BXKxnkrd.js:10:140846)
    at sE.evaluate (https://ocios.app/assets/index-BXKxnkrd.js:10:140729)
    at AP.readLoop (https://ocios.app/assets/index-BXKxnkrd.js:10:158799)
[2026-09-02T08:00:56.539Z] [debug] Failed to enable the matter wake hook: Error: Durable Object reset because its code was updated.
    at sE.evaluateImpl (https://ocios.app/assets/index-BXKxnkrd.js:10:143136)
    at sE.evaluateWithDepth (https://ocios.app/assets/index-BXKxnkrd.js:10:140846)
    at sE.evaluate (https://ocios.app/assets/index-BXKxnkrd.js:10:140729)
    at AP.readLoop (https://ocios.app/assets/index-BXKxnkrd.js:10:158799)
[2026-09-02T08:01:01.420Z] [debug] A matter read failed: Error: Durable Object reset because its code was updated.
    at sE.evaluateImpl (https://ocios.app/assets/index-BXKxnkrd.js:10:143136)
    at sE.evaluateWithDepth (https://ocios.app/assets/index-BXKxnkrd.js:10:140846)
    at sE.evaluate (https://ocios.app/assets/index-BXKxnkrd.js:10:140729)
    at AP.readLoop (https://ocios.app/assets/index-BXKxnkrd.js:10:158799)
[2026-09-02T08:01:06.461Z] [debug] A matter read failed: Error: Durable Object reset because its code was updated.
    at sE.evaluateImpl (https://ocios.app/assets/index-BXKxnkrd.js:10:143136)
    at sE.evaluateWithDepth (https://ocios.app/assets/index-BXKxnkrd.js:10:140846)
    at sE.evaluate (https://ocios.app/assets/index-BXKxnkrd.js:10:140729)
    at AP.readLoop (https://ocios.app/assets/index-BXKxnkrd.js:10:158799)
[2026-09-02T08:01:11.422Z] [debug] A matter read failed: Error: Durable Object reset because its code was updated.
    at sE.evaluateImpl (https://ocios.app/assets/index-BXKxnkrd.js:10:143136)
    at sE.evaluateWithDepth (https://ocios.app/assets/index-BXKxnkrd.js:10:140846)
    at sE.evaluate (https://ocios.app/assets/index-BXKxnkrd.js:10:140729)
    at AP.readLoop (https://ocios.app/assets/index-BXKxnkrd.js:10:158799)
[2026-09-02T08:01:11.458Z] [debug] A matter read failed: Error: Durable Object reset because its code was updated.
    at sE.evaluateImpl (https://ocios.app/assets/index-BXKxnkrd.js:10:143136)
    at sE.evaluateWithDepth (https://ocios.app/assets/index-BXKxnkrd.js:10:140846)
    at sE.evaluate (https://ocios.app/assets/index-BXKxnkrd.js:10:140729)
    at AP.readLoop (https://ocios.app/assets/index-BXKxnkrd.js:10:158799)
[2026-09-02T08:01:11.579Z] [debug] Failed to enable the matter wake hook: Error: Durable Object reset because its code was updated.
    at sE.evaluateImpl (https://ocios.app/assets/index-BXKxnkrd.js:10:143136)
    at sE.evaluateWithDepth (https://ocios.app/assets/index-BXKxnkrd.js:10:140846)
    at sE.evaluate (https://ocios.app/assets/index-BXKxnkrd.js:10:140729)
    at AP.readLoop (https://ocios.app/assets/index-BXKxnkrd.js:10:158799)
[2026-09-02T08:01:16.418Z] [debug] A matter read failed: Error: Durable Object reset because its code was updated.
    at sE.evaluateImpl (https://ocios.app/assets/index-BXKxnkrd.js:10:143136)
    at sE.evaluateWithDepth (https://ocios.app/assets/index-BXKxnkrd.js:10:140846)
    at sE.evaluate (https://ocios.app/assets/index-BXKxnkrd.js:10:140729)
    at AP.readLoop (https://ocios.app/assets/index-BXKxnkrd.js:10:158799)
[2026-09-02T08:01:21.418Z] [debug] A matter read failed: Error: Durable Object reset because its code was updated.
    at sE.evaluateImpl (https://ocios.app/assets/index-BXKxnkrd.js:10:143136)
    at sE.evaluateWithDepth (https://ocios.app/assets/index-BXKxnkrd.js:10:140846)
    at sE.evaluate (https://ocios.app/assets/index-BXKxnkrd.js:10:140729)
    at AP.readLoop (https://ocios.app/assets/index-BXKxnkrd.js:10:158799)
[2026-09-02T08:01:26.417Z] [debug] A matter read failed: Error: Durable Object reset because its code was updated.
    at sE.evaluateImpl (https://ocios.app/assets/index-BXKxnkrd.js:10:143136)
    at sE.evaluateWithDepth (https://ocios.app/assets/index-BXKxnkrd.js:10:140846)
    at sE.evaluate (https://ocios.app/assets/index-BXKxnkrd.js:10:140729)
    at AP.readLoop (https://ocios.app/assets/index-BXKxnkrd.js:10:158799)
[2026-09-02T08:01:26.454Z] [debug] A matter read failed: Error: Durable Object reset because its code was updated.
    at sE.evaluateImpl (https://ocios.app/assets/index-BXKxnkrd.js:10:143136)
    at sE.evaluateWithDepth (https://ocios.app/assets/index-BXKxnkrd.js:10:140846)
    at sE.evaluate (https://ocios.app/assets/index-BXKxnkrd.js:10:140729)
    at AP.readLoop (https://ocios.app/assets/index-BXKxnkrd.js:10:158799)
[2026-09-02T08:01:26.534Z] [debug] Failed to enable the matter wake hook: Error: Durable Object reset because its code was updated.
    at sE.evaluateImpl (https://ocios.app/assets/index-BXKxnkrd.js:10:143136)
    at sE.evaluateWithDepth (https://ocios.app/assets/index-BXKxnkrd.js:10:140846)
    at sE.evaluate (https://ocios.app/assets/index-BXKxnkrd.js:10:140729)
    at AP.readLoop (https://ocios.app/assets/index-BXKxnkrd.js:10:158799)
[2026-09-02T08:01:31.577Z] [debug] A matter read failed: Error: Durable Object reset because its code was updated.
    at sE.evaluateImpl (https://ocios.app/assets/index-BXKxnkrd.js:10:143136)
    at sE.evaluateWithDepth (https://ocios.app/assets/index-BXKxnkrd.js:10:140846)
    at sE.evaluate (https://ocios.app/assets/index-BXKxnkrd.js:10:140729)
    at AP.readLoop (https://ocios.app/assets/index-BXKxnkrd.js:10:158799)
[2026-09-02T08:01:36.416Z] [debug] A matter read failed: Error: Durable Object reset because its code was updated.
    at sE.evaluateImpl (https://ocios.app/assets/index-BXKxnkrd.js:10:143136)
    at sE.evaluateWithDepth (https://ocios.app/assets/index-BXKxnkrd.js:10:140846)
    at sE.evaluate (https://ocios.app/assets/index-BXKxnkrd.js:10:140729)
    at AP.readLoop (https://ocios.app/assets/index-BXKxnkrd.js:10:158799)
[2026-09-02T08:01:41.465Z] [debug] A matter read failed: Error: Durable Object reset because its code was updated.
    at sE.evaluateImpl (https://ocios.app/assets/index-BXKxnkrd.js:10:143136)
    at sE.evaluateWithDepth (https://ocios.app/assets/index-BXKxnkrd.js:10:140846)
    at sE.evaluate (https://ocios.app/assets/index-BXKxnkrd.js:10:140729)
    at AP.readLoop (https://ocios.app/assets/index-BXKxnkrd.js:10:158799)
[2026-09-02T08:01:41.465Z] [debug] A matter read failed: Error: Durable Object reset because its code was updated.
    at sE.evaluateImpl (https://ocios.app/assets/index-BXKxnkrd.js:10:143136)
    at sE.evaluateWithDepth (https://ocios.app/assets/index-BXKxnkrd.js:10:140846)
    at sE.evaluate (https://ocios.app/assets/index-BXKxnkrd.js:10:140729)
    at AP.readLoop (https://ocios.app/assets/index-BXKxnkrd.js:10:158799)
[2026-09-02T08:01:41.534Z] [debug] Failed to enable the matter wake hook: Error: Durable Object reset because its code was updated.
    at sE.evaluateImpl (https://ocios.app/assets/index-BXKxnkrd.js:10:143136)
    at sE.evaluateWithDepth (https://ocios.app/assets/index-BXKxnkrd.js:10:140846)
    at sE.evaluate (https://ocios.app/assets/index-BXKxnkrd.js:10:140729)
    at AP.readLoop (https://ocios.app/assets/index-BXKxnkrd.js:10:158799)
[2026-09-02T08:01:46.467Z] [debug] A matter read failed: Error: Durable Object reset because its code was updated.
    at sE.evaluateImpl (https://ocios.app/assets/index-BXKxnkrd.js:10:143136)
    at sE.evaluateWithDepth (https://ocios.app/assets/index-BXKxnkrd.js:10:140846)
    at sE.evaluate (https://ocios.app/assets/index-BXKxnkrd.js:10:140729)
    at AP.readLoop (https://ocios.app/assets/index-BXKxnkrd.js:10:158799)
[2026-09-02T08:01:51.425Z] [debug] A matter read failed: Error: Durable Object reset because its code was updated.
    at sE.evaluateImpl (https://ocios.app/assets/index-BXKxnkrd.js:10:143136)
    at sE.evaluateWithDepth (https://ocios.app/assets/index-BXKxnkrd.js:10:140846)
    at sE.evaluate (https://ocios.app/assets/index-BXKxnkrd.js:10:140729)
    at AP.readLoop (https://ocios.app/assets/index-BXKxnkrd.js:10:158799)
[2026-09-02T08:01:56.413Z] [debug] A matter read failed: Error: Durable Object reset because its code was updated.
    at sE.evaluateImpl (https://ocios.app/assets/index-BXKxnkrd.js:10:143136)
    at sE.evaluateWithDepth (https://ocios.app/assets/index-BXKxnkrd.js:10:140846)
    at sE.evaluate (https://ocios.app/assets/index-BXKxnkrd.js:10:140729)
    at AP.readLoop (https://ocios.app/assets/index-BXKxnkrd.js:10:158799)
[2026-09-02T08:01:56.454Z] [debug] A matter read failed: Error: Durable Object reset because its code was updated.
    at sE.evaluateImpl (https://ocios.app/assets/index-BXKxnkrd.js:10:143136)
    at sE.evaluateWithDepth (https://ocios.app/assets/index-BXKxnkrd.js:10:140846)
    at sE.evaluate (https://ocios.app/assets/index-BXKxnkrd.js:10:140729)
    at AP.readLoop (https://ocios.app/assets/index-BXKxnkrd.js:10:158799)
[2026-09-02T08:01:56.536Z] [debug] Failed to enable the matter wake hook: Error: Durable Object reset because its code was updated.
    at sE.evaluateImpl (https://ocios.app/assets/index-BXKxnkrd.js:10:143136)
    at sE.evaluateWithDepth (https://ocios.app/assets/index-BXKxnkrd.js:10:140846)
    at sE.evaluate (https://ocios.app/assets/index-BXKxnkrd.js:10:140729)
    at AP.readLoop (https://ocios.app/assets/index-BXKxnkrd.js:10:158799)
[2026-09-02T08:02:01.417Z] [debug] A matter read failed: Error: Durable Object reset because its code was updated.
    at sE.evaluateImpl (https://ocios.app/assets/index-BXKxnkrd.js:10:143136)
    at sE.evaluateWithDepth (https://ocios.app/assets/index-BXKxnkrd.js:10:140846)
    at sE.evaluate (https://ocios.app/assets/index-BXKxnkrd.js:10:140729)
    at AP.readLoop (https://ocios.app/assets/index-BXKxnkrd.js:10:158799)
[2026-09-02T08:02:06.416Z] [debug] A matter read failed: Error: Durable Object reset because its code was updated.
    at sE.evaluateImpl (https://ocios.app/assets/index-BXKxnkrd.js:10:143136)
    at sE.evaluateWithDepth (https://ocios.app/assets/index-BXKxnkrd.js:10:140846)
    at sE.evaluate (https://ocios.app/assets/index-BXKxnkrd.js:10:140729)
    at AP.readLoop (https://ocios.app/assets/index-BXKxnkrd.js:10:158799)
[2026-09-02T08:02:11.460Z] [debug] A matter read failed: Error: Durable Object reset because its code was updated.
    at sE.evaluateImpl (https://ocios.app/assets/index-BXKxnkrd.js:10:143136)
    at sE.evaluateWithDepth (https://ocios.app/assets/index-BXKxnkrd.js:10:140846)
    at sE.evaluate (https://ocios.app/assets/index-BXKxnkrd.js:10:140729)
    at AP.readLoop (https://ocios.app/assets/index-BXKxnkrd.js:10:158799)
[2026-09-02T08:02:11.460Z] [debug] A matter read failed: Error: Durable Object reset because its code was updated.
    at sE.evaluateImpl (https://ocios.app/assets/index-BXKxnkrd.js:10:143136)
    at sE.evaluateWithDepth (https://ocios.app/assets/index-BXKxnkrd.js:10:140846)
    at sE.evaluate (https://ocios.app/assets/index-BXKxnkrd.js:10:140729)
    at AP.readLoop (https://ocios.app/assets/index-BXKxnkrd.js:10:158799)
[2026-09-02T08:02:11.532Z] [debug] Failed to enable the matter wake hook: Error: Durable Object reset because its code was updated.
    at sE.evaluateImpl (https://ocios.app/assets/index-BXKxnkrd.js:10:143136)
    at sE.evaluateWithDepth (https://ocios.app/assets/index-BXKxnkrd.js:10:140846)
    at sE.evaluate (https://ocios.app/assets/index-BXKxnkrd.js:10:140729)
    at AP.readLoop (https://ocios.app/assets/index-BXKxnkrd.js:10:158799)
[2026-09-02T08:02:16.424Z] [debug] A matter read failed: Error: Durable Object reset because its code was updated.
    at sE.evaluateImpl (https://ocios.app/assets/index-BXKxnkrd.js:10:143136)
    at sE.evaluateWithDepth (https://ocios.app/assets/index-BXKxnkrd.js:10:140846)
    at sE.evaluate (https://ocios.app/assets/index-BXKxnkrd.js:10:140729)
    at AP.readLoop (https://ocios.app/assets/index-BXKxnkrd.js:10:158799)
[2026-09-02T08:02:21.468Z] [debug] A matter read failed: Error: Durable Object reset because its code was updated.
    at sE.evaluateImpl (https://ocios.app/assets/index-BXKxnkrd.js:10:143136)
    at sE.evaluateWithDepth (https://ocios.app/assets/index-BXKxnkrd.js:10:140846)
    at sE.evaluate (https://ocios.app/assets/index-BXKxnkrd.js:10:140729)
    at AP.readLoop (https://ocios.app/assets/index-BXKxnkrd.js:10:158799)
[2026-09-02T08:02:26.415Z] [debug] A matter read failed: Error: Durable Object reset because its code was updated.
    at sE.evaluateImpl (https://ocios.app/assets/index-BXKxnkrd.js:10:143136)
    at sE.evaluateWithDepth (https://ocios.app/assets/index-BXKxnkrd.js:10:140846)
    at sE.evaluate (https://ocios.app/assets/index-BXKxnkrd.js:10:140729)
    at AP.readLoop (https://ocios.app/assets/index-BXKxnkrd.js:10:158799)
[2026-09-02T08:02:26.455Z] [debug] A matter read failed: Error: Durable Object reset because its code was updated.
    at sE.evaluateImpl (https://ocios.app/assets/index-BXKxnkrd.js:10:143136)
    at sE.evaluateWithDepth (https://ocios.app/assets/index-BXKxnkrd.js:10:140846)
    at sE.evaluate (https://ocios.app/assets/index-BXKxnkrd.js:10:140729)
    at AP.readLoop (https://ocios.app/assets/index-BXKxnkrd.js:10:158799)
[2026-09-02T08:02:26.553Z] [debug] Failed to enable the matter wake hook: Error: Durable Object reset because its code was updated.
    at sE.evaluateImpl (https://ocios.app/assets/index-BXKxnkrd.js:10:143136)
    at sE.evaluateWithDepth (https://ocios.app/assets/index-BXKxnkrd.js:10:140846)
    at sE.evaluate (https://ocios.app/assets/index-BXKxnkrd.js:10:140729)
    at AP.readLoop (https://ocios.app/assets/index-BXKxnkrd.js:10:158799)
[2026-09-02T08:02:31.418Z] [debug] A matter read failed: Error: Durable Object reset because its code was updated.
    at sE.evaluateImpl (https://ocios.app/assets/index-BXKxnkrd.js:10:143136)
    at sE.evaluateWithDepth (https://ocios.app/assets/index-BXKxnkrd.js:10:140846)
    at sE.evaluate (https://ocios.app/assets/index-BXKxnkrd.js:10:140729)
    at AP.readLoop (https://ocios.app/assets/index-BXKxnkrd.js:10:158799)
[2026-09-02T08:02:36.417Z] [debug] A matter read failed: Error: Durable Object reset because its code was updated.
    at sE.evaluateImpl (https://ocios.app/assets/index-BXKxnkrd.js:10:143136)
    at sE.evaluateWithDepth (https://ocios.app/assets/index-BXKxnkrd.js:10:140846)
    at sE.evaluate (https://ocios.app/assets/index-BXKxnkrd.js:10:140729)
    at AP.readLoop (https://ocios.app/assets/index-BXKxnkrd.js:10:158799)
[2026-09-02T08:02:41.423Z] [debug] A matter read failed: Error: Durable Object reset because its code was updated.
    at sE.evaluateImpl (https://ocios.app/assets/index-BXKxnkrd.js:10:143136)
    at sE.evaluateWithDepth (https://ocios.app/assets/index-BXKxnkrd.js:10:140846)
    at sE.evaluate (https://ocios.app/assets/index-BXKxnkrd.js:10:140729)
    at AP.readLoop (https://ocios.app/assets/index-BXKxnkrd.js:10:158799)
[2026-09-02T08:02:41.456Z] [debug] A matter read failed: Error: Durable Object reset because its code was updated.
    at sE.evaluateImpl (https://ocios.app/assets/index-BXKxnkrd.js:10:143136)
    at sE.evaluateWithDepth (https://ocios.app/assets/index-BXKxnkrd.js:10:140846)
    at sE.evaluate (https://ocios.app/assets/index-BXKxnkrd.js:10:140729)
    at AP.readLoop (https://ocios.app/assets/index-BXKxnkrd.js:10:158799)
[2026-09-02T08:02:41.537Z] [debug] Failed to enable the matter wake hook: Error: Durable Object reset because its code was updated.
    at sE.evaluateImpl (https://ocios.app/assets/index-BXKxnkrd.js:10:143136)
    at sE.evaluateWithDepth (https://ocios.app/assets/index-BXKxnkrd.js:10:140846)
    at sE.evaluate (https://ocios.app/assets/index-BXKxnkrd.js:10:140729)
    at AP.readLoop (https://ocios.app/assets/index-BXKxnkrd.js:10:158799)
[2026-09-02T08:02:46.479Z] [debug] A matter read failed: Error: Durable Object reset because its code was updated.
    at sE.evaluateImpl (https://ocios.app/assets/index-BXKxnkrd.js:10:143136)
    at sE.evaluateWithDepth (https://ocios.app/assets/index-BXKxnkrd.js:10:140846)
    at sE.evaluate (https://ocios.app/assets/index-BXKxnkrd.js:10:140729)
    at AP.readLoop (https://ocios.app/assets/index-BXKxnkrd.js:10:158799)
[2026-09-02T08:02:51.424Z] [debug] A matter read failed: Error: Durable Object reset because its code was updated.
    at sE.evaluateImpl (https://ocios.app/assets/index-BXKxnkrd.js:10:143136)
    at sE.evaluateWithDepth (https://ocios.app/assets/index-BXKxnkrd.js:10:140846)
    at sE.evaluate (https://ocios.app/assets/index-BXKxnkrd.js:10:140729)
    at AP.readLoop (https://ocios.app/assets/index-BXKxnkrd.js:10:158799)
[2026-09-02T08:02:56.439Z] [debug] A matter read failed: Error: Durable Object reset because its code was updated.
    at sE.evaluateImpl (https://ocios.app/assets/index-BXKxnkrd.js:10:143136)
    at sE.evaluateWithDepth (https://ocios.app/assets/index-BXKxnkrd.js:10:140846)
    at sE.evaluate (https://ocios.app/assets/index-BXKxnkrd.js:10:140729)
    at AP.readLoop (https://ocios.app/assets/index-BXKxnkrd.js:10:158799)
[2026-09-02T08:02:56.454Z] [debug] A matter read failed: Error: Durable Object reset because its code was updated.
    at sE.evaluateImpl (https://ocios.app/assets/index-BXKxnkrd.js:10:143136)
    at sE.evaluateWithDepth (https://ocios.app/assets/index-BXKxnkrd.js:10:140846)
    at sE.evaluate (https://ocios.app/assets/index-BXKxnkrd.js:10:140729)
    at AP.readLoop (https://ocios.app/assets/index-BXKxnkrd.js:10:158799)
[2026-09-02T08:02:56.532Z] [debug] Failed to enable the matter wake hook: Error: Durable Object reset because its code was updated.
    at sE.evaluateImpl (https://ocios.app/assets/index-BXKxnkrd.js:10:143136)
    at sE.evaluateWithDepth (https://ocios.app/assets/index-BXKxnkrd.js:10:140846)
    at sE.evaluate (https://ocios.app/assets/index-BXKxnkrd.js:10:140729)
    at AP.readLoop (https://ocios.app/assets/index-BXKxnkrd.js:10:158799)
[2026-09-02T08:03:01.416Z] [debug] A matter read failed: Error: Durable Object reset because its code was updated.
    at sE.evaluateImpl (https://ocios.app/assets/index-BXKxnkrd.js:10:143136)
    at sE.evaluateWithDepth (https://ocios.app/assets/index-BXKxnkrd.js:10:140846)
    at sE.evaluate (https://ocios.app/assets/index-BXKxnkrd.js:10:140729)
    at AP.readLoop (https://ocios.app/assets/index-BXKxnkrd.js:10:158799)
[2026-09-02T08:03:06.425Z] [debug] A matter read failed: Error: Durable Object reset because its code was updated.
    at sE.evaluateImpl (https://ocios.app/assets/index-BXKxnkrd.js:10:143136)
    at sE.evaluateWithDepth (https://ocios.app/assets/index-BXKxnkrd.js:10:140846)
    at sE.evaluate (https://ocios.app/assets/index-BXKxnkrd.js:10:140729)
    at AP.readLoop (https://ocios.app/assets/index-BXKxnkrd.js:10:158799)
[2026-09-02T08:03:11.417Z] [debug] A matter read failed: Error: Durable Object reset because its code was updated.
    at sE.evaluateImpl (https://ocios.app/assets/index-BXKxnkrd.js:10:143136)
    at sE.evaluateWithDepth (https://ocios.app/assets/index-BXKxnkrd.js:10:140846)
    at sE.evaluate (https://ocios.app/assets/index-BXKxnkrd.js:10:140729)
    at AP.readLoop (https://ocios.app/assets/index-BXKxnkrd.js:10:158799)
[2026-09-02T08:03:11.454Z] [debug] A matter read failed: Error: Durable Object reset because its code was updated.
    at sE.evaluateImpl (https://ocios.app/assets/index-BXKxnkrd.js:10:143136)
    at sE.evaluateWithDepth (https://ocios.app/assets/index-BXKxnkrd.js:10:140846)
    at sE.evaluate (https://ocios.app/assets/index-BXKxnkrd.js:10:140729)
    at AP.readLoop (https://ocios.app/assets/index-BXKxnkrd.js:10:158799)
[2026-09-02T08:03:11.538Z] [debug] Failed to enable the matter wake hook: Error: Durable Object reset because its code was updated.
    at sE.evaluateImpl (https://ocios.app/assets/index-BXKxnkrd.js:10:143136)
    at sE.evaluateWithDepth (https://ocios.app/assets/index-BXKxnkrd.js:10:140846)
    at sE.evaluate (https://ocios.app/assets/index-BXKxnkrd.js:10:140729)
    at AP.readLoop (https://ocios.app/assets/index-BXKxnkrd.js:10:158799)
[2026-09-02T08:03:16.464Z] [debug] A matter read failed: Error: Durable Object reset because its code was updated.
    at sE.evaluateImpl (https://ocios.app/assets/index-BXKxnkrd.js:10:143136)
    at sE.evaluateWithDepth (https://ocios.app/assets/index-BXKxnkrd.js:10:140846)
    at sE.evaluate (https://ocios.app/assets/index-BXKxnkrd.js:10:140729)
    at AP.readLoop (https://ocios.app/assets/index-BXKxnkrd.js:10:158799)
[2026-09-02T08:03:21.417Z] [debug] A matter read failed: Error: Durable Object reset because its code was updated.
    at sE.evaluateImpl (https://ocios.app/assets/index-BXKxnkrd.js:10:143136)
    at sE.evaluateWithDepth (https://ocios.app/assets/index-BXKxnkrd.js:10:140846)
    at sE.evaluate (https://ocios.app/assets/index-BXKxnkrd.js:10:140729)
    at AP.readLoop (https://ocios.app/assets/index-BXKxnkrd.js:10:158799)
[2026-09-02T08:03:26.420Z] [debug] A matter read failed: Error: Durable Object reset because its code was updated.
    at sE.evaluateImpl (https://ocios.app/assets/index-BXKxnkrd.js:10:143136)
    at sE.evaluateWithDepth (https://ocios.app/assets/index-BXKxnkrd.js:10:140846)
    at sE.evaluate (https://ocios.app/assets/index-BXKxnkrd.js:10:140729)
    at AP.readLoop (https://ocios.app/assets/index-BXKxnkrd.js:10:158799)
[2026-09-02T08:03:26.455Z] [debug] A matter read failed: Error: Durable Object reset because its code was updated.
    at sE.evaluateImpl (https://ocios.app/assets/index-BXKxnkrd.js:10:143136)
    at sE.evaluateWithDepth (https://ocios.app/assets/index-BXKxnkrd.js:10:140846)
    at sE.evaluate (https://ocios.app/assets/index-BXKxnkrd.js:10:140729)
    at AP.readLoop (https://ocios.app/assets/index-BXKxnkrd.js:10:158799)
[2026-09-02T08:03:26.537Z] [debug] Failed to enable the matter wake hook: Error: Durable Object reset because its code was updated.
    at sE.evaluateImpl (https://ocios.app/assets/index-BXKxnkrd.js:10:143136)
    at sE.evaluateWithDepth (https://ocios.app/assets/index-BXKxnkrd.js:10:140846)
    at sE.evaluate (https://ocios.app/assets/index-BXKxnkrd.js:10:140729)
    at AP.readLoop (https://ocios.app/assets/index-BXKxnkrd.js:10:158799)
[2026-09-02T08:03:31.415Z] [debug] A matter read failed: Error: Durable Object reset because its code was updated.
    at sE.evaluateImpl (https://ocios.app/assets/index-BXKxnkrd.js:10:143136)
    at sE.evaluateWithDepth (https://ocios.app/assets/index-BXKxnkrd.js:10:140846)
    at sE.evaluate (https://ocios.app/assets/index-BXKxnkrd.js:10:140729)
    at AP.readLoop (https://ocios.app/assets/index-BXKxnkrd.js:10:158799)
[2026-09-02T08:03:36.419Z] [debug] A matter read failed: Error: Durable Object reset because its code was updated.
    at sE.evaluateImpl (https://ocios.app/assets/index-BXKxnkrd.js:10:143136)
    at sE.evaluateWithDepth (https://ocios.app/assets/index-BXKxnkrd.js:10:140846)
    at sE.evaluate (https://ocios.app/assets/index-BXKxnkrd.js:10:140729)
    at AP.readLoop (https://ocios.app/assets/index-BXKxnkrd.js:10:158799)
[2026-09-02T08:03:41.416Z] [debug] A matter read failed: Error: Durable Object reset because its code was updated.
    at sE.evaluateImpl (https://ocios.app/assets/index-BXKxnkrd.js:10:143136)
    at sE.evaluateWithDepth (https://ocios.app/assets/index-BXKxnkrd.js:10:140846)
    at sE.evaluate (https://ocios.app/assets/index-BXKxnkrd.js:10:140729)
    at AP.readLoop (https://ocios.app/assets/index-BXKxnkrd.js:10:158799)
[2026-09-02T08:03:41.519Z] [debug] A matter read failed: Error: Durable Object reset because its code was updated.
    at sE.evaluateImpl (https://ocios.app/assets/index-BXKxnkrd.js:10:143136)
    at sE.evaluateWithDepth (https://ocios.app/assets/index-BXKxnkrd.js:10:140846)
    at sE.evaluate (https://ocios.app/assets/index-BXKxnkrd.js:10:140729)
    at AP.readLoop (https://ocios.app/assets/index-BXKxnkrd.js:10:158799)
[2026-09-02T08:03:41.534Z] [debug] Failed to enable the matter wake hook: Error: Durable Object reset because its code was updated.
    at sE.evaluateImpl (https://ocios.app/assets/index-BXKxnkrd.js:10:143136)
    at sE.evaluateWithDepth (https://ocios.app/assets/index-BXKxnkrd.js:10:140846)
    at sE.evaluate (https://ocios.app/assets/index-BXKxnkrd.js:10:140729)
    at AP.readLoop (https://ocios.app/assets/index-BXKxnkrd.js:10:158799)
[2026-09-02T08:03:46.423Z] [debug] A matter read failed: Error: Durable Object reset because its code was updated.
    at sE.evaluateImpl (https://ocios.app/assets/index-BXKxnkrd.js:10:143136)
    at sE.evaluateWithDepth (https://ocios.app/assets/index-BXKxnkrd.js:10:140846)
    at sE.evaluate (https://ocios.app/assets/index-BXKxnkrd.js:10:140729)
    at AP.readLoop (https://ocios.app/assets/index-BXKxnkrd.js:10:158799)
[2026-09-02T08:03:51.583Z] [debug] A matter read failed: Error: Durable Object reset because its code was updated.
    at sE.evaluateImpl (https://ocios.app/assets/index-BXKxnkrd.js:10:143136)
    at sE.evaluateWithDepth (https://ocios.app/assets/index-BXKxnkrd.js:10:140846)
    at sE.evaluate (https://ocios.app/assets/index-BXKxnkrd.js:10:140729)
    at AP.readLoop (https://ocios.app/assets/index-BXKxnkrd.js:10:158799)
[2026-09-02T08:03:56.417Z] [debug] A matter read failed: Error: Durable Object reset because its code was updated.
    at sE.evaluateImpl (https://ocios.app/assets/index-BXKxnkrd.js:10:143136)
    at sE.evaluateWithDepth (https://ocios.app/assets/index-BXKxnkrd.js:10:140846)
    at sE.evaluate (https://ocios.app/assets/index-BXKxnkrd.js:10:140729)
    at AP.readLoop (https://ocios.app/assets/index-BXKxnkrd.js:10:158799)
[2026-09-02T08:03:56.455Z] [debug] A matter read failed: Error: Durable Object reset because its code was updated.
    at sE.evaluateImpl (https://ocios.app/assets/index-BXKxnkrd.js:10:143136)
    at sE.evaluateWithDepth (https://ocios.app/assets/index-BXKxnkrd.js:10:140846)
    at sE.evaluate (https://ocios.app/assets/index-BXKxnkrd.js:10:140729)
    at AP.readLoop (https://ocios.app/assets/index-BXKxnkrd.js:10:158799)
[2026-09-02T08:03:56.534Z] [debug] Failed to enable the matter wake hook: Error: Durable Object reset because its code was updated.
    at sE.evaluateImpl (https://ocios.app/assets/index-BXKxnkrd.js:10:143136)
    at sE.evaluateWithDepth (https://ocios.app/assets/index-BXKxnkrd.js:10:140846)
    at sE.evaluate (https://ocios.app/assets/index-BXKxnkrd.js:10:140729)
    at AP.readLoop (https://ocios.app/assets/index-BXKxnkrd.js:10:158799)
[2026-09-02T08:04:01.428Z] [debug] A matter read failed: Error: Durable Object reset because its code was updated.
    at sE.evaluateImpl (https://ocios.app/assets/index-BXKxnkrd.js:10:143136)
    at sE.evaluateWithDepth (https://ocios.app/assets/index-BXKxnkrd.js:10:140846)
    at sE.evaluate (https://ocios.app/assets/index-BXKxnkrd.js:10:140729)
    at AP.readLoop (https://ocios.app/assets/index-BXKxnkrd.js:10:158799)
[2026-09-02T08:04:06.420Z] [debug] A matter read failed: Error: Durable Object reset because its code was updated.
    at sE.evaluateImpl (https://ocios.app/assets/index-BXKxnkrd.js:10:143136)
    at sE.evaluateWithDepth (https://ocios.app/assets/index-BXKxnkrd.js:10:140846)
    at sE.evaluate (https://ocios.app/assets/index-BXKxnkrd.js:10:140729)
    at AP.readLoop (https://ocios.app/assets/index-BXKxnkrd.js:10:158799)
[2026-09-02T08:04:11.458Z] [debug] A matter read failed: Error: Durable Object reset because its code was updated.
    at sE.evaluateImpl (https://ocios.app/assets/index-BXKxnkrd.js:10:143136)
    at sE.evaluateWithDepth (https://ocios.app/assets/index-BXKxnkrd.js:10:140846)
    at sE.evaluate (https://ocios.app/assets/index-BXKxnkrd.js:10:140729)
    at AP.readLoop (https://ocios.app/assets/index-BXKxnkrd.js:10:158799)
[2026-09-02T08:04:11.458Z] [debug] A matter read failed: Error: Durable Object reset because its code was updated.
    at sE.evaluateImpl (https://ocios.app/assets/index-BXKxnkrd.js:10:143136)
    at sE.evaluateWithDepth (https://ocios.app/assets/index-BXKxnkrd.js:10:140846)
    at sE.evaluate (https://ocios.app/assets/index-BXKxnkrd.js:10:140729)
    at AP.readLoop (https://ocios.app/assets/index-BXKxnkrd.js:10:158799)
[2026-09-02T08:04:11.535Z] [debug] Failed to enable the matter wake hook: Error: Durable Object reset because its code was updated.
    at sE.evaluateImpl (https://ocios.app/assets/index-BXKxnkrd.js:10:143136)
    at sE.evaluateWithDepth (https://ocios.app/assets/index-BXKxnkrd.js:10:140846)
    at sE.evaluate (https://ocios.app/assets/index-BXKxnkrd.js:10:140729)
    at AP.readLoop (https://ocios.app/assets/index-BXKxnkrd.js:10:158799)
[2026-09-02T08:04:16.418Z] [debug] A matter read failed: Error: Durable Object reset because its code was updated.
    at sE.evaluateImpl (https://ocios.app/assets/index-BXKxnkrd.js:10:143136)
    at sE.evaluateWithDepth (https://ocios.app/assets/index-BXKxnkrd.js:10:140846)
    at sE.evaluate (https://ocios.app/assets/index-BXKxnkrd.js:10:140729)
    at AP.readLoop (https://ocios.app/assets/index-BXKxnkrd.js:10:158799)
[2026-09-02T08:04:21.416Z] [debug] A matter read failed: Error: Durable Object reset because its code was updated.
    at sE.evaluateImpl (https://ocios.app/assets/index-BXKxnkrd.js:10:143136)
    at sE.evaluateWithDepth (https://ocios.app/assets/index-BXKxnkrd.js:10:140846)
    at sE.evaluate (https://ocios.app/assets/index-BXKxnkrd.js:10:140729)
    at AP.readLoop (https://ocios.app/assets/index-BXKxnkrd.js:10:158799)
[2026-09-02T08:04:26.412Z] [debug] A matter read failed: Error: Durable Object reset because its code was updated.
    at sE.evaluateImpl (https://ocios.app/assets/index-BXKxnkrd.js:10:143136)
    at sE.evaluateWithDepth (https://ocios.app/assets/index-BXKxnkrd.js:10:140846)
    at sE.evaluate (https://ocios.app/assets/index-BXKxnkrd.js:10:140729)
    at AP.readLoop (https://ocios.app/assets/index-BXKxnkrd.js:10:158799)
[2026-09-02T08:04:26.453Z] [debug] A matter read failed: Error: Durable Object reset because its code was updated.
    at sE.evaluateImpl (https://ocios.app/assets/index-BXKxnkrd.js:10:143136)
    at sE.evaluateWithDepth (https://ocios.app/assets/index-BXKxnkrd.js:10:140846)
    at sE.evaluate (https://ocios.app/assets/index-BXKxnkrd.js:10:140729)
    at AP.readLoop (https://ocios.app/assets/index-BXKxnkrd.js:10:158799)
[2026-09-02T08:04:26.595Z] [debug] Failed to enable the matter wake hook: Error: Durable Object reset because its code was updated.
    at sE.evaluateImpl (https://ocios.app/assets/index-BXKxnkrd.js:10:143136)
    at sE.evaluateWithDepth (https://ocios.app/assets/index-BXKxnkrd.js:10:140846)
    at sE.evaluate (https://ocios.app/assets/index-BXKxnkrd.js:10:140729)
    at AP.readLoop (https://ocios.app/assets/index-BXKxnkrd.js:10:158799)
